{"type":"FeatureCollection","features":[{"type":"Feature","properties":{"nome":"Plano Piloto","osm_id":2758138},"geometry":{"type":"Polygon","coordinates":[[[-47.786607,-15.78208],[-47.78593,-15.78233],[-47.785272,-15.782727],[-47.784367,-15.783567],[-47.784056,-15.783975],[-47.783763,-15.784539],[-47.783564,-15.785207],[-47.783015,-15.788012],[-47.782877,-15.7899],[-47.783415,-15.793095],[-47.78351,-15.796425],[-47.783669,-15.797184],[-47.783911,-15.797723],[-47.783936,-15.797808],[-47.783999,-15.79793],[-47.784016,-15.797946],[-47.784043,-15.797954],[-47.78413,-15.797951],[-47.784154,-15.797961],[-47.784177,-15.797991],[-47.784177,-15.798075],[-47.785933,-15.802022],[-47.785969,-15.802092],[-47.786,-15.802119],[-47.786062,-15.802126],[-47.786367,-15.801977],[-47.786627,-15.80187],[-47.786748,-15.801846],[-47.787153,-15.801831],[-47.787269,-15.8018],[-47.787332,-15.801713],[-47.787391,-15.801585],[-47.787444,-15.801523],[-47.787622,-15.8014],[-47.788147,-15.800856],[-47.788309,-15.800644],[-47.78862,-15.799965],[-47.788832,-15.79987],[-47.789129,-15.799924],[-47.789255,-15.800025],[-47.78928,-15.800039],[-47.789335,-15.800033],[-47.789373,-15.800003],[-47.789379,-15.799968],[-47.7893,-15.799743],[-47.789285,-15.799631],[-47.789307,-15.79948],[-47.789249,-15.799186],[-47.78928,-15.799092],[-47.789387,-15.799052],[-47.789692,-15.799021],[-47.789802,-15.798977],[-47.789806,-15.798934],[-47.789764,-15.798879],[-47.789362,-15.798592],[-47.789307,-15.798524],[-47.789315,-15.798458],[-47.78948,-15.798286],[-47.789508,-15.798136],[-47.789476,-15.79799],[-47.789391,-15.797793],[-47.789386,-15.797701],[-47.789475,-15.797516],[-47.789544,-15.797432],[-47.789539,-15.797363],[-47.789493,-15.797303],[-47.789371,-15.797273],[-47.78929,-15.797254],[-47.789239,-15.797147],[-47.789247,-15.796672],[-47.789293,-15.796449],[-47.789279,-15.796395],[-47.789186,-15.79624],[-47.789198,-15.796059],[-47.789302,-15.795927],[-47.789538,-15.795773],[-47.789827,-15.795697],[-47.790303,-15.795748],[-47.790447,-15.795744],[-47.790656,-15.795713],[-47.790757,-15.795689],[-47.790853,-15.795601],[-47.790944,-15.795411],[-47.790993,-15.795365],[-47.791093,-15.795359],[-47.791194,-15.795397],[-47.791336,-15.795645],[-47.791379,-15.795666],[-47.791439,-15.795658],[-47.791576,-15.795515],[-47.79173,-15.795463],[-47.791852,-15.795476],[-47.792059,-15.795595],[-47.792129,-15.795724],[-47.792102,-15.79608],[-47.792117,-15.796121],[-47.792149,-15.796144],[-47.792196,-15.796125],[-47.792349,-15.795969],[-47.792544,-15.795862],[-47.792708,-15.795868],[-47.792818,-15.79594],[-47.792959,-15.796084],[-47.793204,-15.796159],[-47.793412,-15.796267],[-47.793698,-15.796316],[-47.793794,-15.79628],[-47.793923,-15.796117],[-47.794028,-15.796045],[-47.794435,-15.795986],[-47.794587,-15.795937],[-47.794685,-15.795944],[-47.794747,-15.796001],[-47.795044,-15.7966],[-47.795217,-15.796833],[-47.795339,-15.796997],[-47.795403,-15.797239],[-47.79542,-15.797259],[-47.795461,-15.797261],[-47.795542,-15.797226],[-47.795557,-15.797142],[-47.795535,-15.7968],[-47.795544,-15.796739],[-47.79561,-15.79667],[-47.795703,-15.796622],[-47.795838,-15.796606],[-47.795876,-15.796582],[-47.795876,-15.796553],[-47.795854,-15.796517],[-47.795778,-15.796437],[-47.795755,-15.796343],[-47.795766,-15.796027],[-47.795792,-15.795977],[-47.795882,-15.795939],[-47.796033,-15.795947],[-47.796181,-15.796008],[-47.79668,-15.796411],[-47.796977,-15.796528],[-47.797001,-15.796534],[-47.797024,-15.796523],[-47.797034,-15.796488],[-47.797018,-15.796459],[-47.796914,-15.796353],[-47.796889,-15.796317],[-47.796886,-15.796259],[-47.796893,-15.796145],[-47.79691,-15.796115],[-47.796949,-15.79609],[-47.797132,-15.796071],[-47.797207,-15.796054],[-47.797275,-15.796002],[-47.797307,-15.795948],[-47.797317,-15.79588],[-47.797367,-15.795819],[-47.79754,-15.795765],[-47.797602,-15.795771],[-47.797665,-15.795817],[-47.797807,-15.795955],[-47.797882,-15.796094],[-47.797922,-15.796306],[-47.798032,-15.796724],[-47.798174,-15.797062],[-47.798265,-15.797204],[-47.798341,-15.797281],[-47.798483,-15.797286],[-47.798628,-15.797178],[-47.798687,-15.797015],[-47.7987,-15.796768],[-47.798697,-15.796641],[-47.798751,-15.796521],[-47.798756,-15.796464],[-47.798701,-15.796405],[-47.798585,-15.796347],[-47.798535,-15.796302],[-47.798504,-15.796182],[-47.798518,-15.796126],[-47.798624,-15.795875],[-47.798688,-15.795817],[-47.798888,-15.795711],[-47.799054,-15.795516],[-47.799058,-15.795459],[-47.799041,-15.795424],[-47.798996,-15.795413],[-47.798726,-15.795462],[-47.798665,-15.795453],[-47.798615,-15.795398],[-47.798578,-15.795276],[-47.798586,-15.795232],[-47.798601,-15.795197],[-47.79957,-15.794754],[-47.799691,-15.794725],[-47.800772,-15.794711],[-47.80087,-15.794747],[-47.800885,-15.794776],[-47.800865,-15.794838],[-47.800812,-15.794899],[-47.80081,-15.794938],[-47.800831,-15.794961],[-47.800914,-15.794983],[-47.801003,-15.794982],[-47.801237,-15.79492],[-47.801388,-15.794844],[-47.801401,-15.794805],[-47.801382,-15.794767],[-47.801321,-15.794722],[-47.801303,-15.79469],[-47.801302,-15.794642],[-47.801346,-15.79454],[-47.801335,-15.794474],[-47.801274,-15.794375],[-47.801259,-15.794326],[-47.801299,-15.794176],[-47.801331,-15.794131],[-47.801373,-15.794117],[-47.801712,-15.79406],[-47.801836,-15.794049],[-47.80203,-15.794077],[-47.802426,-15.794125],[-47.80301,-15.794273],[-47.803322,-15.794397],[-47.803397,-15.794442],[-47.80345,-15.794453],[-47.803509,-15.794428],[-47.803682,-15.794223],[-47.803672,-15.79417],[-47.803531,-15.794002],[-47.803403,-15.793921],[-47.803061,-15.793784],[-47.802878,-15.793627],[-47.802746,-15.793375],[-47.802654,-15.793278],[-47.802541,-15.793188],[-47.802446,-15.793016],[-47.80242,-15.792864],[-47.802487,-15.792748],[-47.802725,-15.792685],[-47.803098,-15.792722],[-47.803351,-15.792768],[-47.803541,-15.792787],[-47.803584,-15.792784],[-47.803621,-15.792749],[-47.803688,-15.792633],[-47.803893,-15.792473],[-47.804083,-15.792349],[-47.80416,-15.792327],[-47.804237,-15.792346],[-47.804563,-15.792521],[-47.804735,-15.792563],[-47.804975,-15.792548],[-47.805178,-15.792578],[-47.805335,-15.792703],[-47.805418,-15.792739],[-47.80554,-15.792723],[-47.80587,-15.792679],[-47.80679,-15.792811],[-47.807134,-15.792956],[-47.807264,-15.793038],[-47.807315,-15.793104],[-47.807369,-15.793117],[-47.807408,-15.793103],[-47.807459,-15.793052],[-47.80764,-15.792943],[-47.807844,-15.792889],[-47.808415,-15.792945],[-47.809096,-15.793126],[-47.809279,-15.793224],[-47.809576,-15.793556],[-47.809739,-15.793677],[-47.809885,-15.793758],[-47.809959,-15.793878],[-47.810006,-15.793973],[-47.81,-15.794058],[-47.809936,-15.794123],[-47.809908,-15.794173],[-47.809917,-15.794214],[-47.809964,-15.794276],[-47.810006,-15.79429],[-47.810074,-15.794263],[-47.810239,-15.794234],[-47.81031,-15.794256],[-47.810388,-15.794351],[-47.810401,-15.794585],[-47.810291,-15.795022],[-47.809786,-15.795382],[-47.809747,-15.795424],[-47.809751,-15.795524],[-47.80992,-15.795804],[-47.810687,-15.79628],[-47.811054,-15.796582],[-47.811491,-15.796856],[-47.811515,-15.796867],[-47.811863,-15.797126],[-47.812202,-15.797382],[-47.812363,-15.797694],[-47.812425,-15.797939],[-47.812578,-15.798136],[-47.812668,-15.798183],[-47.812747,-15.798227],[-47.812849,-15.798376],[-47.813471,-15.799617],[-47.813864,-15.800596],[-47.813859,-15.800617],[-47.813832,-15.800641],[-47.81383,-15.800657],[-47.813841,-15.800709],[-47.814069,-15.80122],[-47.815241,-15.802812],[-47.815372,-15.803064],[-47.815369,-15.803328],[-47.815162,-15.803981],[-47.814801,-15.804637],[-47.814399,-15.805101],[-47.813431,-15.80586],[-47.813377,-15.805963],[-47.813412,-15.806069],[-47.813605,-15.806296],[-47.813763,-15.806394],[-47.813951,-15.806441],[-47.814471,-15.80635],[-47.816168,-15.805837],[-47.816818,-15.80571],[-47.816966,-15.805704],[-47.817018,-15.805727],[-47.817065,-15.805788],[-47.817085,-15.806588],[-47.81714,-15.806682],[-47.817223,-15.806745],[-47.817253,-15.806802],[-47.817248,-15.806861],[-47.817189,-15.80698],[-47.817222,-15.807291],[-47.817315,-15.807598],[-47.817719,-15.808126],[-47.818339,-15.808435],[-47.818748,-15.808803],[-47.818927,-15.809038],[-47.818936,-15.809272],[-47.818752,-15.80947],[-47.818349,-15.809774],[-47.818218,-15.810056],[-47.818191,-15.810372],[-47.818269,-15.810678],[-47.818416,-15.811941],[-47.818492,-15.812247],[-47.818529,-15.812879],[-47.818763,-15.814122],[-47.819051,-15.815062],[-47.81929,-15.816276],[-47.81935,-15.816689],[-47.819356,-15.817122],[-47.8192,-15.817463],[-47.81905,-15.817793],[-47.818927,-15.818113],[-47.818465,-15.818794],[-47.818079,-15.819161],[-47.817559,-15.819631],[-47.817322,-15.819798],[-47.817088,-15.819987],[-47.816702,-15.820498],[-47.816428,-15.820934],[-47.816443,-15.821187],[-47.816459,-15.821305],[-47.816577,-15.821352],[-47.81677,-15.821367],[-47.817119,-15.821241],[-47.817227,-15.821064],[-47.817282,-15.821009],[-47.817352,-15.821002],[-47.817437,-15.821019],[-47.817902,-15.82115],[-47.818331,-15.821166],[-47.818653,-15.821132],[-47.81888,-15.821156],[-47.819508,-15.821328],[-47.819789,-15.821487],[-47.819954,-15.82162],[-47.820147,-15.821669],[-47.820622,-15.821778],[-47.820874,-15.821868],[-47.821163,-15.821969],[-47.821469,-15.822193],[-47.822312,-15.823107],[-47.82282,-15.823922],[-47.823025,-15.824423],[-47.82314,-15.82481],[-47.823199,-15.825161],[-47.823245,-15.825259],[-47.823433,-15.825344],[-47.824111,-15.825441],[-47.824637,-15.825656],[-47.82481,-15.825838],[-47.824916,-15.825919],[-47.825073,-15.825971],[-47.825149,-15.826023],[-47.825211,-15.826203],[-47.825283,-15.826322],[-47.825448,-15.826471],[-47.825956,-15.826825],[-47.826158,-15.827039],[-47.826552,-15.827269],[-47.827105,-15.82778],[-47.827427,-15.828144],[-47.827523,-15.828446],[-47.827388,-15.829616],[-47.826869,-15.830674],[-47.826595,-15.830998],[-47.826139,-15.831393],[-47.825967,-15.831534],[-47.825747,-15.831755],[-47.825426,-15.832257],[-47.825407,-15.832389],[-47.825501,-15.832551],[-47.82564,-15.832646],[-47.825769,-15.83264],[-47.825927,-15.832524],[-47.826026,-15.832508],[-47.826551,-15.832589],[-47.827165,-15.832472],[-47.827492,-15.832477],[-47.827885,-15.83242],[-47.82833,-15.832347],[-47.828537,-15.832213],[-47.828617,-15.832064],[-47.828693,-15.831881],[-47.828832,-15.83177],[-47.829026,-15.831771],[-47.829473,-15.831738],[-47.83005,-15.83153],[-47.830535,-15.83126],[-47.83097,-15.830972],[-47.831474,-15.830761],[-47.831817,-15.830722],[-47.832321,-15.830763],[-47.832756,-15.830802],[-47.83362,-15.831008],[-47.833794,-15.831028],[-47.833834,-15.831047],[-47.833863,-15.831096],[-47.833919,-15.831224],[-47.834003,-15.83129],[-47.834179,-15.831341],[-47.8343,-15.831322],[-47.834416,-15.831242],[-47.834447,-15.831229],[-47.834494,-15.831239],[-47.835385,-15.831525],[-47.836181,-15.831929],[-47.837247,-15.83259],[-47.83726,-15.832616],[-47.837201,-15.832704],[-47.837201,-15.832718],[-47.837234,-15.832749],[-47.83753,-15.832942],[-47.83769,-15.832958],[-47.837882,-15.832997],[-47.837972,-15.83306],[-47.837977,-15.833071],[-47.837971,-15.833082],[-47.837888,-15.833161],[-47.83788,-15.83318],[-47.837887,-15.833227],[-47.838413,-15.833783],[-47.838668,-15.834107],[-47.839255,-15.835127],[-47.839797,-15.836045],[-47.839938,-15.836361],[-47.839943,-15.836405],[-47.839922,-15.836569],[-47.839954,-15.836764],[-47.840022,-15.836889],[-47.840137,-15.837017],[-47.840193,-15.837049],[-47.840223,-15.837085],[-47.840568,-15.837986],[-47.840921,-15.838629],[-47.840929,-15.838684],[-47.840922,-15.838712],[-47.840858,-15.838762],[-47.840843,-15.838798],[-47.840872,-15.838924],[-47.840896,-15.839151],[-47.840878,-15.839199],[-47.840811,-15.839252],[-47.840785,-15.839302],[-47.84078,-15.83934],[-47.840856,-15.839443],[-47.84087,-15.839461],[-47.840901,-15.839483],[-47.840938,-15.839482],[-47.840938,-15.839482],[-47.84095,-15.839465],[-47.840945,-15.839398],[-47.840953,-15.839374],[-47.840997,-15.839343],[-47.841055,-15.839339],[-47.841318,-15.839364],[-47.841337,-15.839348],[-47.841365,-15.839171],[-47.841383,-15.839156],[-47.841767,-15.839028],[-47.841807,-15.839022],[-47.842074,-15.839061],[-47.842086,-15.83905],[-47.842097,-15.839009],[-47.842113,-15.838996],[-47.842577,-15.839082],[-47.842592,-15.839098],[-47.842616,-15.839186],[-47.84268,-15.839249],[-47.842857,-15.839284],[-47.843057,-15.839254],[-47.843206,-15.839153],[-47.843557,-15.839016],[-47.843871,-15.839023],[-47.844105,-15.839059],[-47.845942,-15.839519],[-47.847387,-15.839882],[-47.847399,-15.839875],[-47.847432,-15.839783],[-47.847449,-15.839776],[-47.847546,-15.839806],[-47.847547,-15.839818],[-47.84752,-15.839911],[-47.847526,-15.839921],[-47.84787,-15.840013],[-47.848409,-15.840127],[-47.848808,-15.84017],[-47.849764,-15.839849],[-47.849834,-15.839837],[-47.849915,-15.839848],[-47.849972,-15.839841],[-47.850013,-15.839816],[-47.850134,-15.839742],[-47.850574,-15.839433],[-47.850736,-15.839389],[-47.851109,-15.839423],[-47.851481,-15.839389],[-47.851514,-15.839373],[-47.851533,-15.839264],[-47.851552,-15.839241],[-47.852076,-15.839266],[-47.852722,-15.839366],[-47.852772,-15.839392],[-47.853017,-15.83961],[-47.853125,-15.839731],[-47.853248,-15.839778],[-47.853473,-15.839783],[-47.853651,-15.839875],[-47.854241,-15.840228],[-47.854509,-15.840538],[-47.8549,-15.840853],[-47.855263,-15.841152],[-47.855708,-15.841487],[-47.856175,-15.841945],[-47.857156,-15.842919],[-47.857918,-15.843877],[-47.857981,-15.843966],[-47.858036,-15.844127],[-47.858194,-15.844269],[-47.858638,-15.844473],[-47.858912,-15.844567],[-47.85892,-15.844575],[-47.85892,-15.844582],[-47.858876,-15.844607],[-47.858863,-15.844632],[-47.858869,-15.844662],[-47.858924,-15.844751],[-47.859063,-15.844836],[-47.859286,-15.84488],[-47.859347,-15.844924],[-47.859675,-15.845206],[-47.860082,-15.845363],[-47.860493,-15.845446],[-47.860944,-15.84566],[-47.861499,-15.846122],[-47.861505,-15.846147],[-47.861501,-15.846283],[-47.861528,-15.846343],[-47.862081,-15.847081],[-47.862658,-15.847755],[-47.863292,-15.848732],[-47.863575,-15.849334],[-47.8638,-15.849654],[-47.863878,-15.84986],[-47.86391,-15.849976],[-47.863904,-15.85002],[-47.863859,-15.850046],[-47.863497,-15.850018],[-47.863099,-15.850062],[-47.862816,-15.850219],[-47.862553,-15.8504],[-47.862268,-15.850668],[-47.862134,-15.850722],[-47.861802,-15.850748],[-47.861316,-15.850701],[-47.861037,-15.850677],[-47.860756,-15.850683],[-47.860203,-15.850805],[-47.859369,-15.851189],[-47.859089,-15.851264],[-47.858888,-15.851313],[-47.858704,-15.851399],[-47.858606,-15.851413],[-47.858433,-15.85151],[-47.858387,-15.851597],[-47.858418,-15.851784],[-47.858505,-15.852188],[-47.858674,-15.852464],[-47.858795,-15.852714],[-47.858819,-15.852994],[-47.858844,-15.853069],[-47.858869,-15.853097],[-47.858933,-15.853102],[-47.859014,-15.853037],[-47.859079,-15.852889],[-47.859117,-15.852868],[-47.85924,-15.85288],[-47.859325,-15.852922],[-47.859352,-15.852982],[-47.859335,-15.853111],[-47.85935,-15.853204],[-47.859411,-15.853233],[-47.859474,-15.853209],[-47.859562,-15.853088],[-47.859659,-15.853024],[-47.859767,-15.853016],[-47.859915,-15.853056],[-47.860065,-15.853024],[-47.860163,-15.852936],[-47.860321,-15.852673],[-47.860485,-15.852539],[-47.86071,-15.852417],[-47.860962,-15.852335],[-47.861226,-15.852282],[-47.861654,-15.852273],[-47.8618,-15.852246],[-47.861939,-15.852179],[-47.862376,-15.852082],[-47.862585,-15.852099],[-47.862923,-15.852165],[-47.863173,-15.852157],[-47.863289,-15.852108],[-47.863411,-15.852056],[-47.863613,-15.852021],[-47.863819,-15.852041],[-47.864108,-15.852074],[-47.864169,-15.852092],[-47.86437,-15.852263],[-47.864403,-15.852322],[-47.864464,-15.852381],[-47.864555,-15.852435],[-47.865168,-15.852647],[-47.865297,-15.852653],[-47.865452,-15.852659],[-47.865562,-15.852629],[-47.865657,-15.852537],[-47.865734,-15.852483],[-47.866096,-15.852318],[-47.866262,-15.852288],[-47.866479,-15.852303],[-47.866579,-15.852344],[-47.866634,-15.852353],[-47.866686,-15.85234],[-47.866709,-15.8523],[-47.866689,-15.852199],[-47.866713,-15.852139],[-47.866753,-15.852095],[-47.866832,-15.852078],[-47.866926,-15.852113],[-47.867001,-15.852193],[-47.867171,-15.852309],[-47.867348,-15.852407],[-47.867391,-15.852448],[-47.867517,-15.852642],[-47.867524,-15.852675],[-47.867516,-15.852694],[-47.86748,-15.852727],[-47.867393,-15.852796],[-47.867365,-15.85287],[-47.867359,-15.853022],[-47.867339,-15.85321],[-47.867363,-15.853262],[-47.867407,-15.853289],[-47.867476,-15.853317],[-47.867522,-15.853362],[-47.867599,-15.853479],[-47.867652,-15.853535],[-47.867724,-15.853556],[-47.867825,-15.853567],[-47.867892,-15.85359],[-47.868003,-15.853673],[-47.868176,-15.853734],[-47.868287,-15.853745],[-47.868448,-15.853669],[-47.868518,-15.853658],[-47.868621,-15.85367],[-47.8688,-15.853756],[-47.868899,-15.853815],[-47.869013,-15.853831],[-47.869261,-15.853837],[-47.869537,-15.853883],[-47.869746,-15.854007],[-47.869792,-15.854096],[-47.869785,-15.854201],[-47.869714,-15.85428],[-47.869532,-15.854386],[-47.869253,-15.854404],[-47.869081,-15.854396],[-47.86895,-15.85446],[-47.868834,-15.854637],[-47.868673,-15.855297],[-47.8687,-15.855697],[-47.86875,-15.855921],[-47.868853,-15.856099],[-47.869234,-15.856427],[-47.869782,-15.856775],[-47.869942,-15.856922],[-47.87013,-15.857142],[-47.87042,-15.857934],[-47.87067,-15.858267],[-47.871568,-15.85886],[-47.871892,-15.858966],[-47.872346,-15.858929],[-47.873233,-15.85863],[-47.873936,-15.85822],[-47.874424,-15.857792],[-47.874639,-15.857593],[-47.87466,-15.857376],[-47.874478,-15.8571],[-47.874252,-15.856959],[-47.873689,-15.856758],[-47.873476,-15.856608],[-47.873268,-15.856404],[-47.873051,-15.855988],[-47.872839,-15.8558],[-47.872571,-15.855702],[-47.8723,-15.855637],[-47.872021,-15.855526],[-47.871589,-15.85524],[-47.871109,-15.855059],[-47.870876,-15.854905],[-47.870811,-15.854745],[-47.870669,-15.854223],[-47.870538,-15.854004],[-47.870331,-15.853731],[-47.869961,-15.853336],[-47.869752,-15.85322],[-47.869261,-15.85306],[-47.869091,-15.852954],[-47.868721,-15.85221],[-47.868665,-15.851904],[-47.868615,-15.851681],[-47.868604,-15.851241],[-47.868553,-15.851119],[-47.868228,-15.850874],[-47.868196,-15.85081],[-47.868125,-15.850468],[-47.868171,-15.850084],[-47.868337,-15.849561],[-47.868462,-15.849344],[-47.868588,-15.849257],[-47.868985,-15.84911],[-47.869304,-15.84888],[-47.869671,-15.848441],[-47.869803,-15.848196],[-47.869813,-15.84796],[-47.869741,-15.847812],[-47.869415,-15.847531],[-47.869105,-15.847365],[-47.869041,-15.847267],[-47.868923,-15.846875],[-47.868896,-15.84672],[-47.86888,-15.846498],[-47.86884,-15.84607],[-47.868766,-15.845716],[-47.868665,-15.845502],[-47.868529,-15.84526],[-47.868355,-15.844972],[-47.868278,-15.844801],[-47.868223,-15.844584],[-47.867858,-15.844044],[-47.867534,-15.843477],[-47.867453,-15.843304],[-47.867248,-15.842832],[-47.867206,-15.842775],[-47.86712,-15.842711],[-47.867082,-15.842656],[-47.866675,-15.841846],[-47.866656,-15.841712],[-47.866616,-15.841485],[-47.866506,-15.841343],[-47.866356,-15.841258],[-47.866233,-15.841183],[-47.865787,-15.840692],[-47.865393,-15.840288],[-47.865003,-15.839769],[-47.863677,-15.838236],[-47.863352,-15.83772],[-47.863119,-15.837557],[-47.862901,-15.837423],[-47.862842,-15.837341],[-47.862802,-15.837157],[-47.862693,-15.83696],[-47.862502,-15.836726],[-47.862314,-15.836559],[-47.862161,-15.836432],[-47.862051,-15.836396],[-47.861976,-15.836418],[-47.861873,-15.836465],[-47.861832,-15.836463],[-47.861795,-15.836443],[-47.861773,-15.836396],[-47.861794,-15.83633],[-47.861869,-15.836158],[-47.861888,-15.836007],[-47.861829,-15.835883],[-47.861701,-15.83576],[-47.861625,-15.835719],[-47.861596,-15.835687],[-47.861607,-15.835421],[-47.861564,-15.835245],[-47.861499,-15.835176],[-47.861386,-15.835111],[-47.861309,-15.835069],[-47.86108,-15.834839],[-47.860915,-15.834713],[-47.860836,-15.834589],[-47.860796,-15.834434],[-47.860742,-15.834298],[-47.860608,-15.834202],[-47.860427,-15.83415],[-47.860321,-15.834087],[-47.859734,-15.833709],[-47.859692,-15.833665],[-47.859681,-15.833627],[-47.8597,-15.833563],[-47.859675,-15.833476],[-47.859585,-15.833359],[-47.859478,-15.833271],[-47.859288,-15.83318],[-47.859237,-15.833125],[-47.859185,-15.83295],[-47.859109,-15.832759],[-47.859009,-15.832644],[-47.858755,-15.832464],[-47.858708,-15.832418],[-47.858525,-15.832144],[-47.858423,-15.832042],[-47.858183,-15.831815],[-47.857875,-15.831622],[-47.857556,-15.831484],[-47.857475,-15.831413],[-47.857414,-15.831302],[-47.857184,-15.831031],[-47.857163,-15.831006],[-47.857145,-15.831001],[-47.857125,-15.831009],[-47.857083,-15.831026],[-47.857043,-15.831024],[-47.857003,-15.830999],[-47.85688,-15.830789],[-47.856738,-15.830655],[-47.856574,-15.830537],[-47.856515,-15.830488],[-47.856471,-15.830433],[-47.856409,-15.83027],[-47.856317,-15.830174],[-47.856228,-15.830111],[-47.85612,-15.830075],[-47.856028,-15.830084],[-47.855927,-15.830073],[-47.855881,-15.830052],[-47.855807,-15.829966],[-47.855606,-15.829816],[-47.855386,-15.829732],[-47.855204,-15.829677],[-47.855081,-15.829622],[-47.854928,-15.829528],[-47.854824,-15.829405],[-47.854729,-15.829239],[-47.854734,-15.828817],[-47.854852,-15.828554],[-47.854927,-15.828262],[-47.854912,-15.827981],[-47.854951,-15.827803],[-47.855072,-15.827681],[-47.855324,-15.827403],[-47.855506,-15.827326],[-47.856286,-15.827208],[-47.856567,-15.827165],[-47.856978,-15.827038],[-47.857123,-15.82702],[-47.857318,-15.82706],[-47.857405,-15.827043],[-47.857497,-15.827014],[-47.857593,-15.827014],[-47.857786,-15.82701],[-47.858477,-15.827085],[-47.858554,-15.827088],[-47.85858,-15.827101],[-47.858735,-15.827157],[-47.859068,-15.827264],[-47.85922,-15.827292],[-47.859438,-15.827288],[-47.859488,-15.827295],[-47.859651,-15.827329],[-47.860608,-15.827597],[-47.860847,-15.827672],[-47.861028,-15.827753],[-47.861456,-15.827926],[-47.861983,-15.82806],[-47.862424,-15.828162],[-47.86282,-15.828232],[-47.863298,-15.828291],[-47.863948,-15.82833],[-47.864564,-15.828252],[-47.865146,-15.828092],[-47.86556,-15.827989],[-47.866029,-15.827821],[-47.866149,-15.82782],[-47.866251,-15.827851],[-47.866368,-15.827953],[-47.866563,-15.828023],[-47.866911,-15.828069],[-47.867166,-15.828139],[-47.867959,-15.828549],[-47.868077,-15.828583],[-47.868185,-15.828583],[-47.868266,-15.82861],[-47.868369,-15.828692],[-47.868786,-15.829055],[-47.869014,-15.829266],[-47.86928,-15.829509],[-47.869666,-15.829721],[-47.870117,-15.829927],[-47.870385,-15.830007],[-47.870683,-15.829976],[-47.870983,-15.829882],[-47.871286,-15.82962],[-47.871451,-15.82943],[-47.871564,-15.82927],[-47.871629,-15.829025],[-47.871786,-15.828374],[-47.871879,-15.827971],[-47.871946,-15.827833],[-47.871946,-15.827718],[-47.871931,-15.827615],[-47.871832,-15.827402],[-47.871786,-15.827245],[-47.871668,-15.827099],[-47.871485,-15.826951],[-47.8713,-15.826833],[-47.871172,-15.826801],[-47.871022,-15.826775],[-47.8709,-15.826707],[-47.870829,-15.826648],[-47.870814,-15.826538],[-47.870898,-15.82623],[-47.871011,-15.825984],[-47.87113,-15.825638],[-47.871224,-15.825495],[-47.871368,-15.825372],[-47.871434,-15.825292],[-47.871525,-15.825092],[-47.871554,-15.825055],[-47.871601,-15.825015],[-47.871606,-15.82501],[-47.871611,-15.825006],[-47.87169,-15.824915],[-47.871735,-15.824838],[-47.871761,-15.824712],[-47.871796,-15.82464],[-47.871826,-15.82458],[-47.871874,-15.824542],[-47.872027,-15.824463],[-47.872095,-15.824416],[-47.872202,-15.824325],[-47.872317,-15.824262],[-47.872455,-15.824214],[-47.872694,-15.824205],[-47.873094,-15.824312],[-47.8733,-15.824398],[-47.873429,-15.824447],[-47.873583,-15.824473],[-47.873849,-15.824553],[-47.87389,-15.824567],[-47.873998,-15.824589],[-47.874018,-15.824593],[-47.874037,-15.824597],[-47.874294,-15.824634],[-47.874441,-15.824661],[-47.874682,-15.824738],[-47.874793,-15.824751],[-47.874884,-15.824737],[-47.875135,-15.824607],[-47.875233,-15.824593],[-47.875359,-15.824629],[-47.875456,-15.824699],[-47.875535,-15.824725],[-47.875634,-15.82469],[-47.875857,-15.824598],[-47.876035,-15.824562],[-47.876589,-15.824575],[-47.876713,-15.824585],[-47.87699,-15.824667],[-47.877214,-15.824923],[-47.877466,-15.825159],[-47.877612,-15.825303],[-47.877773,-15.825372],[-47.878064,-15.825454],[-47.878835,-15.825747],[-47.879102,-15.825842],[-47.879275,-15.825961],[-47.879394,-15.826113],[-47.879487,-15.826401],[-47.879531,-15.826761],[-47.879596,-15.827058],[-47.879748,-15.827512],[-47.880105,-15.827932],[-47.880786,-15.828521],[-47.881328,-15.828843],[-47.881859,-15.829011],[-47.88216,-15.829045],[-47.882398,-15.828995],[-47.882643,-15.828815],[-47.88275,-15.82858],[-47.882807,-15.82851],[-47.882907,-15.828475],[-47.883065,-15.828509],[-47.883187,-15.828574],[-47.883328,-15.828807],[-47.883374,-15.829077],[-47.883337,-15.829728],[-47.883345,-15.82987],[-47.8836,-15.8305],[-47.883815,-15.830846],[-47.883882,-15.831068],[-47.883922,-15.831413],[-47.883933,-15.831604],[-47.884158,-15.832427],[-47.884211,-15.832683],[-47.884281,-15.833101],[-47.88426,-15.833633],[-47.884268,-15.833733],[-47.884295,-15.833893],[-47.884415,-15.834288],[-47.884611,-15.834941],[-47.884713,-15.835178],[-47.88485,-15.835354],[-47.885011,-15.835622],[-47.885357,-15.836061],[-47.885617,-15.836283],[-47.885706,-15.836421],[-47.885758,-15.83647],[-47.885832,-15.836529],[-47.885858,-15.836565],[-47.885908,-15.836681],[-47.88608,-15.836908],[-47.886353,-15.837155],[-47.886591,-15.837301],[-47.886758,-15.837421],[-47.886923,-15.837625],[-47.887355,-15.837908],[-47.887816,-15.838218],[-47.88839,-15.838496],[-47.888686,-15.83865],[-47.888779,-15.838697],[-47.888846,-15.838751],[-47.888982,-15.838871],[-47.889104,-15.838943],[-47.88925,-15.838999],[-47.889292,-15.839033],[-47.889304,-15.839091],[-47.889333,-15.839128],[-47.889451,-15.839197],[-47.889632,-15.839299],[-47.889674,-15.839311],[-47.889729,-15.839307],[-47.889777,-15.83933],[-47.890252,-15.839759],[-47.89055,-15.840019],[-47.890726,-15.840137],[-47.891039,-15.840311],[-47.891231,-15.840362],[-47.891309,-15.840419],[-47.891488,-15.840569],[-47.891673,-15.840638],[-47.891976,-15.84078],[-47.892196,-15.840922],[-47.892371,-15.840979],[-47.892762,-15.840985],[-47.893116,-15.841059],[-47.893272,-15.841076],[-47.893342,-15.841063],[-47.893386,-15.841038],[-47.893418,-15.841027],[-47.893774,-15.841054],[-47.893937,-15.841054],[-47.89424,-15.840994],[-47.894369,-15.840997],[-47.894503,-15.841012],[-47.894774,-15.841012],[-47.894935,-15.841015],[-47.895044,-15.840981],[-47.895115,-15.840891],[-47.895152,-15.840868],[-47.895341,-15.840841],[-47.895471,-15.840796],[-47.895525,-15.840776],[-47.89558,-15.840788],[-47.895626,-15.840814],[-47.895642,-15.840818],[-47.895744,-15.840791],[-47.895801,-15.840793],[-47.895871,-15.84085],[-47.895927,-15.840867],[-47.896028,-15.840869],[-47.896134,-15.840851],[-47.896354,-15.840783],[-47.896829,-15.8407],[-47.896898,-15.840691],[-47.896955,-15.840702],[-47.897014,-15.840743],[-47.897163,-15.840801],[-47.89743,-15.840834],[-47.897658,-15.84076],[-47.897789,-15.840669],[-47.897845,-15.840638],[-47.898122,-15.840582],[-47.898178,-15.840618],[-47.898215,-15.840692],[-47.898197,-15.840984],[-47.898237,-15.841178],[-47.898333,-15.841335],[-47.898505,-15.841498],[-47.898687,-15.841601],[-47.899286,-15.841947],[-47.899736,-15.842274],[-47.900125,-15.842476],[-47.900471,-15.842685],[-47.900715,-15.842886],[-47.900922,-15.843007],[-47.901095,-15.843104],[-47.902271,-15.843784],[-47.902517,-15.843902],[-47.902566,-15.843904],[-47.902628,-15.843888],[-47.902679,-15.843883],[-47.902818,-15.843946],[-47.902841,-15.84397],[-47.902852,-15.844041],[-47.902861,-15.844074],[-47.902909,-15.844101],[-47.903261,-15.844253],[-47.903478,-15.84437],[-47.903577,-15.844377],[-47.903666,-15.844315],[-47.903733,-15.844181],[-47.903735,-15.844062],[-47.903644,-15.843482],[-47.90526,-15.844941],[-47.905578,-15.845131],[-47.906267,-15.845417],[-47.907096,-15.845852],[-47.907635,-15.846002],[-47.908195,-15.846125],[-47.908353,-15.846147],[-47.908529,-15.84609],[-47.908845,-15.845955],[-47.909028,-15.846041],[-47.909081,-15.846066],[-47.90925,-15.846145],[-47.909598,-15.846308],[-47.910072,-15.84634],[-47.910529,-15.846443],[-47.91095,-15.846557],[-47.911363,-15.846713],[-47.912743,-15.847448],[-47.912928,-15.847546],[-47.913428,-15.847883],[-47.913959,-15.848188],[-47.914239,-15.848289],[-47.914319,-15.848341],[-47.914439,-15.848417],[-47.914695,-15.848593],[-47.915647,-15.849345],[-47.916214,-15.849706],[-47.916737,-15.849945],[-47.917024,-15.850139],[-47.917105,-15.850193],[-47.917197,-15.850256],[-47.91743,-15.850425],[-47.917706,-15.850546],[-47.918439,-15.850878],[-47.919614,-15.851537],[-47.91965,-15.851557],[-47.919796,-15.851614],[-47.919956,-15.8516],[-47.920006,-15.851566],[-47.920074,-15.851528],[-47.920211,-15.851475],[-47.920346,-15.85143],[-47.920393,-15.851415],[-47.920516,-15.851396],[-47.920655,-15.851397],[-47.920934,-15.851364],[-47.921086,-15.851356],[-47.92126,-15.851367],[-47.921519,-15.851398],[-47.921582,-15.851405],[-47.921733,-15.851445],[-47.921793,-15.851466],[-47.92183,-15.851478],[-47.921915,-15.851492],[-47.922075,-15.85149],[-47.922229,-15.851532],[-47.922537,-15.851538],[-47.922601,-15.851539],[-47.92271,-15.851594],[-47.922898,-15.851757],[-47.922994,-15.85179],[-47.923023,-15.851799],[-47.923168,-15.851744],[-47.923286,-15.851656],[-47.923306,-15.851556],[-47.923438,-15.851359],[-47.923546,-15.851361],[-47.923555,-15.851361],[-47.923574,-15.851365],[-47.923664,-15.851384],[-47.923801,-15.851415],[-47.923876,-15.851451],[-47.923911,-15.851468],[-47.923929,-15.851477],[-47.924111,-15.851547],[-47.924201,-15.851581],[-47.9249,-15.851717],[-47.924984,-15.851447],[-47.924966,-15.851242],[-47.924961,-15.851185],[-47.924981,-15.85109],[-47.925045,-15.850998],[-47.925133,-15.850943],[-47.925203,-15.850899],[-47.925299,-15.850874],[-47.925306,-15.850872],[-47.925381,-15.850859],[-47.92541,-15.850854],[-47.925544,-15.850871],[-47.925573,-15.850875],[-47.92567,-15.850899],[-47.925701,-15.850924],[-47.925745,-15.850961],[-47.925853,-15.851076],[-47.925883,-15.851109],[-47.925903,-15.85113],[-47.925947,-15.851121],[-47.926023,-15.851076],[-47.926087,-15.85101],[-47.92617,-15.850947],[-47.926171,-15.850946],[-47.926313,-15.850883],[-47.92644,-15.850864],[-47.926558,-15.850863],[-47.926681,-15.850884],[-47.9268,-15.85091],[-47.927009,-15.851001],[-47.927126,-15.851101],[-47.927439,-15.851293],[-47.927456,-15.851303],[-47.927793,-15.851349],[-47.927889,-15.851352],[-47.927896,-15.85134],[-47.927915,-15.851309],[-47.927977,-15.851229],[-47.928084,-15.851164],[-47.928491,-15.85121],[-47.928707,-15.851279],[-47.928904,-15.851367],[-47.929062,-15.851366],[-47.929193,-15.851365],[-47.929318,-15.851408],[-47.929465,-15.851476],[-47.929591,-15.851534],[-47.929659,-15.85151],[-47.929719,-15.851488],[-47.929823,-15.851393],[-47.929937,-15.851321],[-47.930036,-15.8513],[-47.930105,-15.851278],[-47.930178,-15.851284],[-47.930248,-15.851294],[-47.930323,-15.851251],[-47.930461,-15.851211],[-47.930567,-15.851247],[-47.930675,-15.851346],[-47.930778,-15.851447],[-47.930797,-15.851466],[-47.930954,-15.851501],[-47.931147,-15.851404],[-47.931226,-15.851343],[-47.931332,-15.851297],[-47.931435,-15.851334],[-47.931573,-15.851341],[-47.931598,-15.851348],[-47.931781,-15.851404],[-47.932068,-15.851376],[-47.932142,-15.851368],[-47.932296,-15.851353],[-47.932001,-15.850305],[-47.931718,-15.848726],[-47.931438,-15.84511],[-47.939979,-15.844572],[-47.940831,-15.844456],[-47.941961,-15.844175],[-47.944289,-15.843453],[-47.946113,-15.842783],[-47.953314,-15.840549],[-47.951167,-15.827115],[-47.950059,-15.820176],[-47.948473,-15.810336],[-47.948458,-15.810246],[-47.948439,-15.810124],[-47.948194,-15.810159],[-47.941776,-15.811084],[-47.940809,-15.81106],[-47.939393,-15.810765],[-47.935301,-15.809309],[-47.933633,-15.808581],[-47.92939,-15.807097],[-47.927821,-15.806484],[-47.922554,-15.803459],[-47.920931,-15.802747],[-47.914137,-15.798763],[-47.913926,-15.798538],[-47.913686,-15.798106],[-47.914404,-15.79789],[-47.915512,-15.797556],[-47.917518,-15.796953],[-47.916359,-15.793341],[-47.916332,-15.793286],[-47.916018,-15.792301],[-47.915965,-15.792134],[-47.91491,-15.788824],[-47.91455,-15.787787],[-47.914541,-15.78776],[-47.913667,-15.785244],[-47.913576,-15.784982],[-47.916363,-15.784104],[-47.917561,-15.783727],[-47.921178,-15.782595],[-47.925991,-15.78107],[-47.928901,-15.780153],[-47.929187,-15.780064],[-47.929264,-15.780038],[-47.929279,-15.780034],[-47.938482,-15.777137],[-47.937693,-15.774785],[-47.937038,-15.773008],[-47.935981,-15.770655],[-47.934104,-15.767579],[-47.927799,-15.757544],[-47.927757,-15.757478],[-47.925844,-15.754433],[-47.916897,-15.740062],[-47.917345,-15.740021],[-47.918511,-15.739914],[-47.919284,-15.739928],[-47.919824,-15.740402],[-47.920871,-15.742117],[-47.920763,-15.742261],[-47.920977,-15.742623],[-47.9209,-15.743039],[-47.920901,-15.7438],[-47.92112,-15.744137],[-47.927875,-15.740166],[-47.942355,-15.747921],[-47.948761,-15.747714],[-47.951774,-15.747501],[-47.952777,-15.747474],[-47.95495,-15.747581],[-47.956147,-15.747346],[-47.957228,-15.747231],[-47.958875,-15.747432],[-47.961606,-15.747879],[-47.962287,-15.748154],[-47.969685,-15.752575],[-47.972955,-15.756083],[-47.976191,-15.763357],[-47.976309,-15.764059],[-47.975865,-15.765293],[-47.975664,-15.771951],[-47.971218,-15.776587],[-47.978146,-15.782776],[-47.988926,-15.771349],[-48.003741,-15.755343],[-48.004207,-15.754979],[-48.006056,-15.75424],[-48.00682,-15.753935],[-48.017062,-15.751479],[-48.027969,-15.752212],[-48.037556,-15.752868],[-48.042272,-15.753287],[-48.046506,-15.753516],[-48.047052,-15.753671],[-48.047434,-15.753842],[-48.049225,-15.749548],[-48.049897,-15.748201],[-48.050714,-15.746779],[-48.051607,-15.745445],[-48.05247,-15.744447],[-48.053358,-15.743517],[-48.054377,-15.742607],[-48.05573,-15.741557],[-48.056854,-15.740751],[-48.057996,-15.740055],[-48.059165,-15.739476],[-48.060265,-15.739007],[-48.062716,-15.738198],[-48.064528,-15.737779],[-48.070884,-15.736891],[-48.072454,-15.736516],[-48.074275,-15.735905],[-48.076488,-15.734974],[-48.077841,-15.734214],[-48.081327,-15.731927],[-48.082222,-15.731169],[-48.083354,-15.730045],[-48.083935,-15.729345],[-48.084756,-15.728077],[-48.085347,-15.727053],[-48.085771,-15.726006],[-48.086151,-15.724476],[-48.086362,-15.722543],[-48.088213,-15.697134],[-48.089537,-15.681021],[-48.089557,-15.678949],[-48.089386,-15.677125],[-48.083436,-15.656211],[-48.077459,-15.636099],[-48.076496,-15.632688],[-48.076129,-15.631597],[-48.075707,-15.630632],[-48.075176,-15.629698],[-48.074396,-15.62854],[-48.07329,-15.627307],[-48.0725,-15.626549],[-48.071639,-15.625831],[-48.070713,-15.625153],[-48.069945,-15.624697],[-48.067687,-15.6237],[-48.048349,-15.614768],[-48.046797,-15.613868],[-48.045305,-15.612827],[-48.044639,-15.612246],[-48.043566,-15.611187],[-48.029508,-15.594066],[-48.026758,-15.591057],[-48.016863,-15.582376],[-48.015535,-15.581259],[-48.014357,-15.58033],[-48.012759,-15.57928],[-48.011791,-15.578858],[-48.009901,-15.578267],[-48.009086,-15.578171],[-48.007956,-15.578108],[-48.006626,-15.578133],[-48.005535,-15.578331],[-48.004437,-15.578648],[-48.002556,-15.579568],[-48.00151,-15.580309],[-47.958556,-15.612915],[-47.883949,-15.667727],[-47.881292,-15.669933],[-47.861084,-15.687173],[-47.860888,-15.687307],[-47.860837,-15.687343],[-47.860751,-15.687402],[-47.860422,-15.687628],[-47.860386,-15.687652],[-47.859712,-15.688116],[-47.860642,-15.68874],[-47.861642,-15.689417],[-47.861879,-15.689578],[-47.867168,-15.692121],[-47.874622,-15.695849],[-47.882937,-15.700228],[-47.884123,-15.700978],[-47.884606,-15.701347],[-47.891924,-15.706961],[-47.895345,-15.70957],[-47.897442,-15.71117],[-47.899515,-15.712665],[-47.900119,-15.713242],[-47.900805,-15.714195],[-47.909681,-15.728533],[-47.909217,-15.728707],[-47.908687,-15.728612],[-47.908587,-15.728665],[-47.90852,-15.728609],[-47.908596,-15.728166],[-47.908434,-15.728078],[-47.908364,-15.727835],[-47.90788,-15.727805],[-47.908,-15.727921],[-47.907974,-15.727975],[-47.907864,-15.728022],[-47.907556,-15.727954],[-47.907491,-15.727847],[-47.907368,-15.727767],[-47.907117,-15.727833],[-47.906995,-15.727817],[-47.906249,-15.727475],[-47.905515,-15.727548],[-47.904725,-15.727369],[-47.904505,-15.727164],[-47.904331,-15.727103],[-47.903607,-15.727275],[-47.903221,-15.727488],[-47.903048,-15.727427],[-47.902861,-15.727439],[-47.90256,-15.72765],[-47.902271,-15.727735],[-47.901524,-15.727709],[-47.901228,-15.727497],[-47.901153,-15.727488],[-47.900734,-15.727882],[-47.900438,-15.727823],[-47.900236,-15.72787],[-47.899877,-15.727801],[-47.899546,-15.727612],[-47.899113,-15.727555],[-47.898617,-15.727787],[-47.897577,-15.728073],[-47.897282,-15.727843],[-47.897173,-15.727787],[-47.897031,-15.727787],[-47.896691,-15.727994],[-47.896589,-15.728141],[-47.896576,-15.728279],[-47.896442,-15.728458],[-47.896346,-15.728514],[-47.895879,-15.728546],[-47.895482,-15.7287],[-47.895176,-15.728925],[-47.894991,-15.729457],[-47.894857,-15.730025],[-47.894817,-15.730133],[-47.894753,-15.730192],[-47.8942,-15.730056],[-47.893988,-15.729945],[-47.893854,-15.729751],[-47.893784,-15.729542],[-47.893685,-15.729431],[-47.893532,-15.72938],[-47.89335,-15.729384],[-47.892917,-15.729488],[-47.892325,-15.729583],[-47.89207,-15.729645],[-47.891956,-15.729724],[-47.891899,-15.729772],[-47.891837,-15.729784],[-47.891786,-15.729769],[-47.891706,-15.729737],[-47.890976,-15.729697],[-47.890147,-15.729648],[-47.889627,-15.729679],[-47.889111,-15.729566],[-47.888661,-15.729485],[-47.887984,-15.729454],[-47.887698,-15.729374],[-47.887283,-15.72924],[-47.886972,-15.729155],[-47.886832,-15.729178],[-47.886741,-15.729304],[-47.886671,-15.729366],[-47.88654,-15.729364],[-47.886398,-15.729286],[-47.885765,-15.72918],[-47.885587,-15.729113],[-47.885369,-15.728952],[-47.88485,-15.728818],[-47.884411,-15.728807],[-47.883955,-15.72893],[-47.883632,-15.729054],[-47.883302,-15.729219],[-47.882677,-15.729668],[-47.882052,-15.730053],[-47.881924,-15.730092],[-47.881798,-15.730079],[-47.881567,-15.729996],[-47.881315,-15.730009],[-47.881084,-15.730089],[-47.880406,-15.730502],[-47.879931,-15.730759],[-47.879447,-15.731181],[-47.878021,-15.732906],[-47.877894,-15.733197],[-47.877892,-15.733461],[-47.877839,-15.733567],[-47.877739,-15.733647],[-47.877562,-15.733895],[-47.877146,-15.73458],[-47.876519,-15.735294],[-47.876418,-15.735528],[-47.876304,-15.73651],[-47.876205,-15.736737],[-47.875645,-15.73737],[-47.875529,-15.73761],[-47.875355,-15.737953],[-47.875164,-15.738209],[-47.873909,-15.739135],[-47.873787,-15.739221],[-47.873734,-15.739324],[-47.873731,-15.739419],[-47.873794,-15.739592],[-47.873783,-15.73966],[-47.873739,-15.739697],[-47.873606,-15.739724],[-47.873519,-15.739774],[-47.873491,-15.739839],[-47.873476,-15.73986],[-47.873455,-15.739865],[-47.873346,-15.739894],[-47.873271,-15.73995],[-47.87321,-15.74004],[-47.873074,-15.740335],[-47.87282,-15.74062],[-47.872791,-15.740628],[-47.872741,-15.740602],[-47.872697,-15.740591],[-47.872648,-15.740599],[-47.872551,-15.74064],[-47.872488,-15.740742],[-47.872455,-15.740927],[-47.872472,-15.741048],[-47.872465,-15.741073],[-47.872229,-15.741144],[-47.87202,-15.741157],[-47.871916,-15.74119],[-47.871869,-15.741245],[-47.871789,-15.741335],[-47.871674,-15.741407],[-47.870797,-15.741825],[-47.870525,-15.742],[-47.869882,-15.742108],[-47.868637,-15.742477],[-47.867339,-15.742584],[-47.866188,-15.743177],[-47.865869,-15.743244],[-47.865578,-15.743393],[-47.865084,-15.743806],[-47.864041,-15.74456],[-47.863846,-15.744815],[-47.863751,-15.745115],[-47.86329,-15.745563],[-47.863154,-15.745845],[-47.863147,-15.746161],[-47.863041,-15.746786],[-47.862952,-15.747094],[-47.862785,-15.747358],[-47.86191,-15.747649],[-47.861336,-15.747946],[-47.860357,-15.747932],[-47.860034,-15.747891],[-47.859384,-15.747944],[-47.857953,-15.748756],[-47.857361,-15.748955],[-47.856788,-15.749261],[-47.85583,-15.749445],[-47.855426,-15.749488],[-47.854428,-15.749983],[-47.854294,-15.750027],[-47.85401,-15.750174],[-47.853522,-15.750306],[-47.852875,-15.750621],[-47.852044,-15.750967],[-47.851382,-15.751694],[-47.851009,-15.752178],[-47.850679,-15.75241],[-47.850485,-15.752596],[-47.850062,-15.752818],[-47.849066,-15.753281],[-47.848377,-15.753716],[-47.847449,-15.754181],[-47.846796,-15.754612],[-47.846199,-15.755172],[-47.846049,-15.755394],[-47.845361,-15.756924],[-47.845228,-15.757247],[-47.845169,-15.757619],[-47.845148,-15.758012],[-47.845175,-15.758786],[-47.845169,-15.759442],[-47.845003,-15.759942],[-47.844847,-15.76003],[-47.84301,-15.760513],[-47.842722,-15.760657],[-47.841959,-15.76125],[-47.841122,-15.762129],[-47.840593,-15.763226],[-47.840416,-15.763443],[-47.839129,-15.764026],[-47.8384,-15.764276],[-47.83734,-15.764624],[-47.837261,-15.764652],[-47.837199,-15.764719],[-47.837152,-15.764812],[-47.837056,-15.764949],[-47.836905,-15.765055],[-47.836478,-15.765356],[-47.836292,-15.765517],[-47.836213,-15.765576],[-47.836144,-15.765586],[-47.836056,-15.765602],[-47.835961,-15.765668],[-47.835647,-15.76601],[-47.835521,-15.766379],[-47.835567,-15.766692],[-47.835613,-15.767045],[-47.835555,-15.767223],[-47.83546,-15.767359],[-47.835403,-15.767388],[-47.835123,-15.767463],[-47.835072,-15.767511],[-47.834599,-15.768869],[-47.834581,-15.769302],[-47.834619,-15.770024],[-47.834741,-15.770348],[-47.834859,-15.770499],[-47.834894,-15.770541],[-47.834981,-15.770717],[-47.835039,-15.770783],[-47.835065,-15.770877],[-47.835049,-15.770992],[-47.83499,-15.77105],[-47.834962,-15.771126],[-47.834961,-15.77119],[-47.834985,-15.771509],[-47.834977,-15.771654],[-47.834931,-15.771752],[-47.834776,-15.771883],[-47.834289,-15.772395],[-47.834132,-15.772715],[-47.834045,-15.772828],[-47.834033,-15.772844],[-47.833611,-15.773252],[-47.833227,-15.773411],[-47.832761,-15.773456],[-47.832509,-15.773479],[-47.832369,-15.773546],[-47.832301,-15.773563],[-47.832115,-15.773592],[-47.83199,-15.773661],[-47.83193,-15.77367],[-47.831872,-15.773661],[-47.831819,-15.773623],[-47.831805,-15.77357],[-47.831837,-15.773416],[-47.831804,-15.773351],[-47.831654,-15.7732],[-47.831486,-15.773138],[-47.831337,-15.773121],[-47.831174,-15.773122],[-47.831139,-15.773103],[-47.831023,-15.772872],[-47.830704,-15.772405],[-47.83061,-15.772183],[-47.830506,-15.771845],[-47.829791,-15.770732],[-47.82957,-15.770415],[-47.829513,-15.77033],[-47.82922,-15.769724],[-47.829073,-15.769295],[-47.828896,-15.768574],[-47.828845,-15.768337],[-47.828862,-15.768154],[-47.828835,-15.768035],[-47.828615,-15.767176],[-47.82836,-15.766123],[-47.828215,-15.765041],[-47.828226,-15.764491],[-47.828121,-15.763636],[-47.828046,-15.76287],[-47.827614,-15.761922],[-47.827445,-15.76161],[-47.827325,-15.761268],[-47.826967,-15.760659],[-47.826893,-15.760521],[-47.826887,-15.760384],[-47.826917,-15.760252],[-47.827066,-15.759935],[-47.827204,-15.759229],[-47.827402,-15.758919],[-47.827696,-15.758699],[-47.828228,-15.758412],[-47.828348,-15.758347],[-47.828626,-15.758109],[-47.829265,-15.757215],[-47.829617,-15.756579],[-47.829846,-15.755889],[-47.829874,-15.755555],[-47.82973,-15.754811],[-47.829706,-15.754648],[-47.829664,-15.75456],[-47.82902,-15.753765],[-47.828706,-15.75368],[-47.828633,-15.753633],[-47.828564,-15.75356],[-47.828019,-15.752718],[-47.828014,-15.752701],[-47.828016,-15.752685],[-47.828181,-15.752581],[-47.828192,-15.752562],[-47.828188,-15.752543],[-47.827606,-15.751815],[-47.827507,-15.751661],[-47.827465,-15.751418],[-47.827676,-15.750688],[-47.827759,-15.750567],[-47.828078,-15.75035],[-47.829229,-15.749423],[-47.829556,-15.749185],[-47.829942,-15.748995],[-47.831093,-15.748235],[-47.831392,-15.74803],[-47.831939,-15.747689],[-47.832423,-15.747324],[-47.832584,-15.747187],[-47.832705,-15.747149],[-47.833062,-15.747027],[-47.833465,-15.746775],[-47.833754,-15.746607],[-47.834099,-15.746369],[-47.834376,-15.746253],[-47.834615,-15.746144],[-47.834784,-15.746125],[-47.834943,-15.746088],[-47.835194,-15.745935],[-47.835658,-15.745716],[-47.836211,-15.745582],[-47.838153,-15.745151],[-47.839344,-15.744637],[-47.840006,-15.74425],[-47.840249,-15.744022],[-47.840451,-15.743846],[-47.840486,-15.743766],[-47.840742,-15.743528],[-47.840976,-15.743381],[-47.841059,-15.743342],[-47.842412,-15.741312],[-47.843812,-15.73946],[-47.844255,-15.738921],[-47.844431,-15.738802],[-47.845553,-15.738227],[-47.845575,-15.738221],[-47.8456,-15.738229],[-47.845667,-15.738308],[-47.845695,-15.738314],[-47.845731,-15.738305],[-47.846113,-15.738139],[-47.847111,-15.73783],[-47.84772,-15.737456],[-47.847817,-15.737367],[-47.848027,-15.737129],[-47.848056,-15.737056],[-47.848066,-15.736933],[-47.848097,-15.73688],[-47.848337,-15.736667],[-47.848896,-15.736332],[-47.849921,-15.735152],[-47.850119,-15.734997],[-47.850322,-15.734941],[-47.850477,-15.734883],[-47.850885,-15.73462],[-47.851965,-15.733558],[-47.852218,-15.73332],[-47.852449,-15.733183],[-47.852527,-15.733127],[-47.852765,-15.732907],[-47.852879,-15.732763],[-47.853082,-15.732498],[-47.853123,-15.732291],[-47.853184,-15.732071],[-47.853262,-15.731789],[-47.853267,-15.731665],[-47.853239,-15.731508],[-47.853323,-15.731233],[-47.853468,-15.73105],[-47.853624,-15.731021],[-47.854318,-15.730962],[-47.855016,-15.73091],[-47.855729,-15.730688],[-47.855952,-15.730559],[-47.856056,-15.730363],[-47.856145,-15.729462],[-47.856174,-15.729338],[-47.856156,-15.729054],[-47.856097,-15.728847],[-47.856124,-15.728739],[-47.856582,-15.728395],[-47.856882,-15.72821],[-47.856998,-15.72805],[-47.85705,-15.727914],[-47.857373,-15.72764],[-47.857631,-15.726986],[-47.857652,-15.726961],[-47.857713,-15.726956],[-47.858063,-15.727138],[-47.858179,-15.727165],[-47.858238,-15.727168],[-47.858292,-15.727138],[-47.858496,-15.726876],[-47.858564,-15.726827],[-47.858647,-15.726793],[-47.858871,-15.726702],[-47.858983,-15.7266],[-47.859058,-15.726497],[-47.85925,-15.726339],[-47.859341,-15.726162],[-47.859361,-15.725989],[-47.85935,-15.725791],[-47.859267,-15.725633],[-47.859068,-15.725486],[-47.858712,-15.725305],[-47.858619,-15.725262],[-47.858596,-15.725233],[-47.858598,-15.725191],[-47.858765,-15.724972],[-47.858882,-15.724666],[-47.858885,-15.724554],[-47.858842,-15.724489],[-47.858729,-15.724435],[-47.858051,-15.724323],[-47.857872,-15.724291],[-47.857748,-15.724315],[-47.857588,-15.724454],[-47.857436,-15.72459],[-47.857343,-15.724611],[-47.857258,-15.724598],[-47.857097,-15.724457],[-47.857025,-15.724432],[-47.856991,-15.724449],[-47.856979,-15.724492],[-47.856999,-15.724629],[-47.856978,-15.724692],[-47.856738,-15.724931],[-47.855605,-15.725829],[-47.855439,-15.726002],[-47.855274,-15.726111],[-47.85472,-15.726477],[-47.854449,-15.726785],[-47.854269,-15.727175],[-47.854107,-15.727338],[-47.853757,-15.72746],[-47.85316,-15.727291],[-47.852958,-15.727275],[-47.852785,-15.727323],[-47.852225,-15.727943],[-47.852201,-15.728192],[-47.852289,-15.728559],[-47.8523,-15.728713],[-47.852258,-15.728845],[-47.852142,-15.729051],[-47.852104,-15.729055],[-47.852064,-15.729036],[-47.852011,-15.728979],[-47.851911,-15.728547],[-47.851793,-15.728234],[-47.851683,-15.728121],[-47.851565,-15.728079],[-47.851432,-15.728101],[-47.851214,-15.72817],[-47.851135,-15.728174],[-47.851007,-15.728194],[-47.850904,-15.728239],[-47.850856,-15.728309],[-47.850829,-15.728357],[-47.850868,-15.728472],[-47.850866,-15.728504],[-47.850841,-15.728527],[-47.850829,-15.728535],[-47.850534,-15.728571],[-47.850526,-15.728574],[-47.849992,-15.728673],[-47.849705,-15.728763],[-47.848808,-15.729095],[-47.84822,-15.729361],[-47.847834,-15.729617],[-47.847816,-15.729621],[-47.847799,-15.729616],[-47.847768,-15.72956],[-47.84775,-15.729548],[-47.847721,-15.729547],[-47.84768,-15.729581],[-47.847589,-15.729715],[-47.847499,-15.729763],[-47.84744,-15.729803],[-47.847408,-15.729871],[-47.847409,-15.729926],[-47.84744,-15.729981],[-47.847446,-15.730009],[-47.847268,-15.730357],[-47.847273,-15.7304],[-47.847293,-15.730429],[-47.847295,-15.730461],[-47.847247,-15.730714],[-47.847221,-15.730842],[-47.847115,-15.731024],[-47.846972,-15.731282],[-47.846742,-15.731676],[-47.846468,-15.732105],[-47.846415,-15.732297],[-47.846394,-15.732423],[-47.84632,-15.732624],[-47.84614,-15.733183],[-47.846092,-15.733308],[-47.845931,-15.733427],[-47.845533,-15.733572],[-47.84509,-15.733732],[-47.844984,-15.733768],[-47.844945,-15.733803],[-47.844907,-15.733878],[-47.84478,-15.734016],[-47.844648,-15.734123],[-47.844606,-15.734144],[-47.844556,-15.734144],[-47.844449,-15.734128],[-47.844424,-15.734136],[-47.84439,-15.734208],[-47.844382,-15.734263],[-47.84437,-15.734317],[-47.844308,-15.73446],[-47.844252,-15.734496],[-47.84416,-15.734508],[-47.844137,-15.734536],[-47.844123,-15.734656],[-47.844084,-15.73473],[-47.844011,-15.734836],[-47.843948,-15.734881],[-47.843813,-15.734946],[-47.843711,-15.734975],[-47.843564,-15.734939],[-47.84337,-15.734913],[-47.84329,-15.734931],[-47.843203,-15.734987],[-47.843123,-15.735003],[-47.843006,-15.73498],[-47.842726,-15.734883],[-47.842348,-15.734873],[-47.842189,-15.734891],[-47.84168,-15.734951],[-47.841065,-15.735116],[-47.840815,-15.73511],[-47.840483,-15.735043],[-47.840244,-15.734937],[-47.840085,-15.734845],[-47.84,-15.734796],[-47.839636,-15.734496],[-47.839427,-15.734323],[-47.839258,-15.734256],[-47.839145,-15.734305],[-47.839059,-15.734416],[-47.838949,-15.734447],[-47.838863,-15.734421],[-47.838858,-15.734419],[-47.838702,-15.734202],[-47.838651,-15.734155],[-47.838576,-15.734155],[-47.838523,-15.734225],[-47.838444,-15.734544],[-47.838421,-15.734638],[-47.838549,-15.735077],[-47.838574,-15.735162],[-47.838609,-15.735299],[-47.83856,-15.735487],[-47.838472,-15.735717],[-47.838379,-15.735843],[-47.838287,-15.735968],[-47.838008,-15.736276],[-47.83776,-15.736442],[-47.837523,-15.736499],[-47.837371,-15.736494],[-47.837115,-15.736569],[-47.837003,-15.736571],[-47.836841,-15.736638],[-47.83674,-15.736719],[-47.836679,-15.736769],[-47.836655,-15.736847],[-47.836651,-15.736908],[-47.836613,-15.73696],[-47.835963,-15.737237],[-47.835908,-15.737288],[-47.835889,-15.73738],[-47.835933,-15.737519],[-47.836533,-15.73825],[-47.836608,-15.738438],[-47.836683,-15.738743],[-47.836648,-15.738846],[-47.836599,-15.738995],[-47.8366,-15.739165],[-47.836629,-15.739301],[-47.836598,-15.739364],[-47.836545,-15.739405],[-47.836451,-15.739457],[-47.836427,-15.739501],[-47.836417,-15.739582],[-47.836456,-15.739681],[-47.836433,-15.739743],[-47.836399,-15.739831],[-47.83635,-15.739878],[-47.836286,-15.739927],[-47.836278,-15.739976],[-47.836286,-15.740016],[-47.836374,-15.740057],[-47.83638,-15.740076],[-47.836358,-15.7402],[-47.836303,-15.740323],[-47.836236,-15.740417],[-47.836164,-15.740517],[-47.836003,-15.74061],[-47.835869,-15.740669],[-47.835737,-15.740728],[-47.835651,-15.740821],[-47.835625,-15.741072],[-47.835597,-15.741151],[-47.83556,-15.741252],[-47.835519,-15.741343],[-47.835516,-15.74142],[-47.835578,-15.741531],[-47.83565,-15.741583],[-47.835698,-15.741774],[-47.83569,-15.741931],[-47.83565,-15.742002],[-47.835605,-15.742041],[-47.835407,-15.742077],[-47.835067,-15.742071],[-47.834938,-15.741993],[-47.834913,-15.741842],[-47.834939,-15.74163],[-47.83488,-15.741551],[-47.83482,-15.741501],[-47.834654,-15.74144],[-47.834428,-15.741421],[-47.83431,-15.741394],[-47.833708,-15.741108],[-47.833578,-15.741069],[-47.833386,-15.741023],[-47.833038,-15.74091],[-47.83282,-15.74089],[-47.832651,-15.740928],[-47.832566,-15.740996],[-47.832497,-15.741123],[-47.832363,-15.741248],[-47.8323,-15.741336],[-47.832283,-15.741432],[-47.832254,-15.741476],[-47.832141,-15.74156],[-47.832102,-15.741642],[-47.832102,-15.741698],[-47.832124,-15.741748],[-47.832181,-15.741794],[-47.832202,-15.741871],[-47.832208,-15.742089],[-47.832116,-15.742328],[-47.832055,-15.742409],[-47.831982,-15.742437],[-47.831935,-15.742444],[-47.831789,-15.742455],[-47.831727,-15.742461],[-47.831682,-15.742479],[-47.831537,-15.742594],[-47.831367,-15.742746],[-47.831263,-15.742808],[-47.831163,-15.74283],[-47.830578,-15.742899],[-47.830447,-15.742952],[-47.830326,-15.743107],[-47.830303,-15.743173],[-47.830313,-15.743266],[-47.83039,-15.743495],[-47.830376,-15.743566],[-47.830338,-15.743732],[-47.830306,-15.74376],[-47.830204,-15.743784],[-47.830129,-15.743759],[-47.829988,-15.743647],[-47.829924,-15.743597],[-47.829858,-15.743444],[-47.829717,-15.743065],[-47.829578,-15.742897],[-47.829262,-15.742675],[-47.829075,-15.742646],[-47.828841,-15.742667],[-47.828696,-15.742774],[-47.828422,-15.743065],[-47.828276,-15.743185],[-47.828061,-15.743276],[-47.828035,-15.743311],[-47.828026,-15.743391],[-47.828033,-15.743572],[-47.82801,-15.743713],[-47.827805,-15.743976],[-47.827661,-15.744136],[-47.827565,-15.744225],[-47.827244,-15.744417],[-47.826862,-15.744607],[-47.826744,-15.744621],[-47.8267,-15.744641],[-47.826673,-15.744664],[-47.826663,-15.744743],[-47.826582,-15.74481],[-47.826446,-15.744914],[-47.826311,-15.744929],[-47.826102,-15.744805],[-47.825987,-15.744677],[-47.825892,-15.744637],[-47.825789,-15.744636],[-47.825253,-15.744825],[-47.825016,-15.744931],[-47.82474,-15.745085],[-47.824455,-15.745262],[-47.824386,-15.745307],[-47.824218,-15.745419],[-47.824074,-15.745515],[-47.824013,-15.745577],[-47.823882,-15.745747],[-47.823853,-15.745795],[-47.823791,-15.745902],[-47.823656,-15.746153],[-47.823406,-15.746619],[-47.823293,-15.746945],[-47.823223,-15.747094],[-47.82313,-15.747198],[-47.822979,-15.74727],[-47.822816,-15.747331],[-47.822297,-15.747515],[-47.822187,-15.747582],[-47.821904,-15.747824],[-47.821682,-15.748111],[-47.821413,-15.748615],[-47.8213,-15.7488],[-47.821209,-15.74893],[-47.821134,-15.749037],[-47.821091,-15.749103],[-47.821174,-15.74937],[-47.821282,-15.74949],[-47.821459,-15.749578],[-47.821555,-15.749689],[-47.821723,-15.750256],[-47.821751,-15.750333],[-47.821787,-15.750367],[-47.821873,-15.750398],[-47.821908,-15.750434],[-47.821919,-15.750485],[-47.8219,-15.750573],[-47.821898,-15.750659],[-47.822023,-15.751034],[-47.822078,-15.751233],[-47.82208,-15.751309],[-47.821966,-15.751575],[-47.82188,-15.751638],[-47.821834,-15.75165],[-47.821777,-15.751682],[-47.821595,-15.751936],[-47.821587,-15.751974],[-47.821603,-15.75203],[-47.821597,-15.75205],[-47.821571,-15.752087],[-47.821318,-15.752343],[-47.821152,-15.752446],[-47.821137,-15.752456],[-47.820994,-15.752533],[-47.820847,-15.752605],[-47.820832,-15.752612],[-47.820656,-15.752665],[-47.820484,-15.752714],[-47.820135,-15.752726],[-47.81994,-15.752664],[-47.819814,-15.752629],[-47.819569,-15.752561],[-47.819511,-15.752525],[-47.819404,-15.752456],[-47.819283,-15.752172],[-47.819246,-15.752079],[-47.819057,-15.751979],[-47.818816,-15.75188],[-47.818676,-15.751828],[-47.818414,-15.751726],[-47.818129,-15.751615],[-47.817783,-15.751422],[-47.817494,-15.751251],[-47.81718,-15.751127],[-47.816971,-15.751158],[-47.816805,-15.751238],[-47.816507,-15.751371],[-47.816396,-15.751393],[-47.816238,-15.751359],[-47.816159,-15.751353],[-47.816114,-15.751394],[-47.816116,-15.751493],[-47.816267,-15.751893],[-47.816329,-15.752012],[-47.816444,-15.752167],[-47.8166,-15.752387],[-47.816729,-15.752549],[-47.816821,-15.752668],[-47.817001,-15.752934],[-47.817145,-15.753144],[-47.817323,-15.753401],[-47.817335,-15.753472],[-47.817323,-15.753571],[-47.817379,-15.753689],[-47.817454,-15.753769],[-47.81751,-15.753795],[-47.817547,-15.753792],[-47.817588,-15.753792],[-47.817615,-15.753808],[-47.817852,-15.754114],[-47.817861,-15.754169],[-47.817895,-15.754329],[-47.818079,-15.754599],[-47.818153,-15.75471],[-47.81823,-15.754822],[-47.818282,-15.754903],[-47.818361,-15.75502],[-47.818406,-15.755128],[-47.81845,-15.755218],[-47.818471,-15.755228],[-47.818501,-15.755224],[-47.818575,-15.755187],[-47.818604,-15.75519],[-47.818625,-15.755212],[-47.818786,-15.75557],[-47.819219,-15.756435],[-47.819218,-15.756456],[-47.819206,-15.756474],[-47.819057,-15.756537],[-47.819051,-15.756548],[-47.819052,-15.756563],[-47.819206,-15.75684],[-47.819222,-15.756853],[-47.819248,-15.756856],[-47.819311,-15.756848],[-47.81933,-15.756851],[-47.819347,-15.756878],[-47.819346,-15.756918],[-47.819567,-15.757757],[-47.819828,-15.758551],[-47.819827,-15.758598],[-47.819812,-15.758623],[-47.819682,-15.75871],[-47.819637,-15.758803],[-47.81956,-15.759419],[-47.819354,-15.759719],[-47.819128,-15.759951],[-47.819126,-15.75997],[-47.819166,-15.760044],[-47.819162,-15.76007],[-47.819142,-15.760102],[-47.818815,-15.760269],[-47.818023,-15.760797],[-47.817993,-15.760814],[-47.817979,-15.760815],[-47.817965,-15.760802],[-47.817924,-15.760723],[-47.817909,-15.760713],[-47.817876,-15.760713],[-47.817588,-15.760828],[-47.817544,-15.760883],[-47.81754,-15.760916],[-47.817587,-15.76102],[-47.817587,-15.761043],[-47.81754,-15.761077],[-47.817289,-15.761202],[-47.816621,-15.761674],[-47.816467,-15.761875],[-47.816328,-15.762035],[-47.816206,-15.762176],[-47.816181,-15.762177],[-47.816152,-15.762151],[-47.816123,-15.762135],[-47.816088,-15.762137],[-47.816032,-15.762164],[-47.815601,-15.762649],[-47.815287,-15.762901],[-47.814985,-15.763054],[-47.814139,-15.763444],[-47.813936,-15.763478],[-47.813797,-15.763567],[-47.813751,-15.763719],[-47.813759,-15.763816],[-47.813851,-15.763898],[-47.814254,-15.764075],[-47.814454,-15.76415],[-47.814603,-15.764171],[-47.814774,-15.764199],[-47.815095,-15.764276],[-47.815428,-15.764356],[-47.816171,-15.764585],[-47.816321,-15.764682],[-47.816446,-15.764732],[-47.816664,-15.764745],[-47.816887,-15.764775],[-47.817065,-15.764755],[-47.817348,-15.764674],[-47.817449,-15.764593],[-47.817583,-15.764412],[-47.817673,-15.764346],[-47.81783,-15.764309],[-47.817996,-15.764325],[-47.818283,-15.764381],[-47.818479,-15.76446],[-47.81868,-15.764668],[-47.818803,-15.76491],[-47.818847,-15.765172],[-47.818748,-15.76574],[-47.818725,-15.765869],[-47.818696,-15.765958],[-47.818665,-15.765969],[-47.818593,-15.76598],[-47.81856,-15.76601],[-47.818222,-15.766796],[-47.818153,-15.767186],[-47.818111,-15.767542],[-47.817827,-15.76914],[-47.817566,-15.769939],[-47.817358,-15.770763],[-47.817323,-15.771157],[-47.817318,-15.771181],[-47.817302,-15.771193],[-47.81726,-15.771196],[-47.817251,-15.771203],[-47.81724,-15.771223],[-47.817241,-15.771424],[-47.817289,-15.771574],[-47.8174,-15.771682],[-47.81743,-15.771734],[-47.81741,-15.772099],[-47.817379,-15.772178],[-47.817296,-15.77226],[-47.817278,-15.772353],[-47.817331,-15.772768],[-47.81736,-15.773006],[-47.8174,-15.773137],[-47.817406,-15.773259],[-47.817382,-15.773695],[-47.817371,-15.773889],[-47.817307,-15.774116],[-47.816993,-15.774645],[-47.816978,-15.774691],[-47.816993,-15.774802],[-47.816981,-15.774852],[-47.816471,-15.775226],[-47.816242,-15.775329],[-47.816198,-15.775337],[-47.816174,-15.775335],[-47.816138,-15.77532],[-47.816101,-15.775318],[-47.815757,-15.775576],[-47.814894,-15.77622],[-47.814862,-15.77624],[-47.814827,-15.776244],[-47.814729,-15.776244],[-47.814664,-15.776243],[-47.814549,-15.776305],[-47.814494,-15.776364],[-47.814385,-15.77646],[-47.814382,-15.776474],[-47.814386,-15.776497],[-47.81439,-15.776517],[-47.814386,-15.776535],[-47.813748,-15.777074],[-47.81374,-15.777104],[-47.813735,-15.777165],[-47.813726,-15.777187],[-47.813436,-15.777401],[-47.813002,-15.777822],[-47.812909,-15.777899],[-47.812681,-15.778004],[-47.812626,-15.77801],[-47.812513,-15.778019],[-47.812417,-15.778055],[-47.812272,-15.778196],[-47.812045,-15.778503],[-47.811784,-15.778684],[-47.81114,-15.779181],[-47.811073,-15.779192],[-47.810982,-15.779215],[-47.810923,-15.779272],[-47.810795,-15.779599],[-47.810698,-15.779853],[-47.810654,-15.780125],[-47.810677,-15.7805],[-47.810087,-15.781605],[-47.809281,-15.782464],[-47.80911,-15.782593],[-47.808765,-15.782867],[-47.808683,-15.783086],[-47.808552,-15.7833],[-47.808479,-15.783419],[-47.808114,-15.783663],[-47.807974,-15.783876],[-47.807968,-15.783912],[-47.807982,-15.783967],[-47.808039,-15.78401],[-47.808043,-15.784034],[-47.808013,-15.784073],[-47.807527,-15.784624],[-47.807429,-15.784665],[-47.807331,-15.784697],[-47.806744,-15.785284],[-47.806689,-15.785302],[-47.806504,-15.785348],[-47.806435,-15.785427],[-47.806382,-15.785583],[-47.806364,-15.785678],[-47.806386,-15.785725],[-47.80643,-15.785747],[-47.80648,-15.785762],[-47.806516,-15.785802],[-47.806698,-15.786119],[-47.806702,-15.786143],[-47.806682,-15.786164],[-47.806564,-15.78621],[-47.806555,-15.786232],[-47.806555,-15.786268],[-47.806878,-15.786715],[-47.806886,-15.786805],[-47.806851,-15.786957],[-47.806639,-15.787414],[-47.806476,-15.787613],[-47.806221,-15.787724],[-47.805701,-15.787899],[-47.805231,-15.788188],[-47.805117,-15.788306],[-47.805055,-15.788371],[-47.8048,-15.788473],[-47.804231,-15.788563],[-47.804009,-15.788664],[-47.803826,-15.788874],[-47.80371,-15.788945],[-47.802516,-15.78918],[-47.802243,-15.789211],[-47.802026,-15.789156],[-47.801794,-15.789144],[-47.801388,-15.789141],[-47.801283,-15.789167],[-47.80108,-15.789296],[-47.80097,-15.789345],[-47.800786,-15.789389],[-47.800608,-15.789435],[-47.800356,-15.7895],[-47.800303,-15.789519],[-47.800258,-15.789553],[-47.80025,-15.789617],[-47.800181,-15.789749],[-47.800096,-15.789818],[-47.79938,-15.79028],[-47.799271,-15.790318],[-47.799124,-15.790309],[-47.798999,-15.790239],[-47.798963,-15.790172],[-47.798967,-15.790082],[-47.799018,-15.790016],[-47.799106,-15.789989],[-47.799199,-15.789951],[-47.799233,-15.789879],[-47.79921,-15.789755],[-47.799164,-15.789725],[-47.799088,-15.789718],[-47.798189,-15.789978],[-47.798126,-15.790036],[-47.798076,-15.790109],[-47.798076,-15.790238],[-47.798169,-15.790417],[-47.79817,-15.790466],[-47.798149,-15.790501],[-47.798068,-15.790537],[-47.797395,-15.79041],[-47.797092,-15.790287],[-47.796938,-15.790167],[-47.796863,-15.790099],[-47.796857,-15.790066],[-47.79689,-15.789981],[-47.796918,-15.789928],[-47.796916,-15.789905],[-47.796828,-15.789851],[-47.796793,-15.789837],[-47.796761,-15.789842],[-47.796729,-15.789886],[-47.796711,-15.789911],[-47.796685,-15.789919],[-47.796632,-15.789904],[-47.796616,-15.789894],[-47.796551,-15.789816],[-47.796545,-15.789755],[-47.796526,-15.789713],[-47.796448,-15.789674],[-47.796262,-15.789679],[-47.796204,-15.789675],[-47.796161,-15.789651],[-47.796076,-15.789563],[-47.795834,-15.789447],[-47.795596,-15.789143],[-47.795472,-15.789049],[-47.795361,-15.789017],[-47.795313,-15.788984],[-47.795292,-15.788932],[-47.7953,-15.788862],[-47.795361,-15.788745],[-47.795347,-15.788605],[-47.7953,-15.788479],[-47.795239,-15.788403],[-47.795155,-15.788354],[-47.795078,-15.788363],[-47.794952,-15.788454],[-47.79494,-15.788511],[-47.79498,-15.788591],[-47.794977,-15.788643],[-47.794889,-15.788734],[-47.7948,-15.78879],[-47.794696,-15.788887],[-47.794655,-15.788913],[-47.79461,-15.788911],[-47.794592,-15.788929],[-47.794584,-15.788969],[-47.794696,-15.789119],[-47.794741,-15.789274],[-47.794729,-15.789493],[-47.794658,-15.789606],[-47.794604,-15.78963],[-47.794572,-15.789625],[-47.794547,-15.789583],[-47.79453,-15.789573],[-47.794478,-15.789565],[-47.7943,-15.789591],[-47.794233,-15.789589],[-47.79413,-15.789549],[-47.794092,-15.789546],[-47.794051,-15.789566],[-47.793797,-15.789822],[-47.793768,-15.789875],[-47.793771,-15.789936],[-47.793822,-15.790106],[-47.793947,-15.7903],[-47.794293,-15.790713],[-47.7943,-15.790735],[-47.794294,-15.790751],[-47.794276,-15.790757],[-47.794174,-15.790729],[-47.793219,-15.790591],[-47.792856,-15.79044],[-47.792615,-15.79034],[-47.792283,-15.790168],[-47.792221,-15.790113],[-47.792122,-15.790062],[-47.792007,-15.79007],[-47.791674,-15.790187],[-47.791362,-15.790248],[-47.790984,-15.790297],[-47.790742,-15.790259],[-47.790708,-15.790247],[-47.790668,-15.790138],[-47.790609,-15.790076],[-47.790222,-15.789831],[-47.790164,-15.789764],[-47.790146,-15.789674],[-47.790116,-15.789525],[-47.790087,-15.789466],[-47.789951,-15.789288],[-47.7898,-15.788946],[-47.789725,-15.788707],[-47.789687,-15.788643],[-47.789586,-15.788594],[-47.789515,-15.78859],[-47.789471,-15.788623],[-47.78945,-15.788759],[-47.789462,-15.789249],[-47.7894,-15.790038],[-47.789375,-15.790529],[-47.789328,-15.790604],[-47.789247,-15.790669],[-47.789167,-15.790679],[-47.789086,-15.790661],[-47.789023,-15.790588],[-47.788976,-15.790399],[-47.787123,-15.782993],[-47.78668,-15.782339],[-47.786607,-15.78208]]]}},{"type":"Feature","properties":{"nome":"Brazlândia","osm_id":3359464},"geometry":{"type":"Polygon","coordinates":[[[-48.054304,-15.502232],[-48.05411,-15.502232],[-48.051869,-15.502231],[-48.034835,-15.502226],[-48.034032,-15.503501],[-48.033931,-15.504295],[-48.034076,-15.504914],[-48.037266,-15.511416],[-48.039399,-15.517],[-48.039639,-15.518057],[-48.039614,-15.519755],[-48.03897,-15.524464],[-48.038763,-15.525537],[-48.038441,-15.526433],[-48.038055,-15.527178],[-48.03533,-15.531353],[-48.034851,-15.53153],[-48.034375,-15.531486],[-48.032718,-15.530584],[-48.03216,-15.530569],[-48.031725,-15.53083],[-48.031659,-15.531245],[-48.031704,-15.531549],[-48.032829,-15.533375],[-48.03349,-15.534044],[-48.04203,-15.54191],[-48.043326,-15.544446],[-48.043745,-15.546282],[-48.043678,-15.547652],[-48.042854,-15.549425],[-48.041428,-15.550771],[-48.03564,-15.554148],[-48.035036,-15.554689],[-48.034505,-15.555283],[-48.033741,-15.556753],[-48.033415,-15.558402],[-48.03396,-15.560736],[-48.034658,-15.562372],[-48.035287,-15.563848],[-48.035177,-15.564835],[-48.034608,-15.565687],[-48.024545,-15.57316],[-48.016863,-15.582376],[-48.026758,-15.591057],[-48.029508,-15.594066],[-48.043566,-15.611187],[-48.044639,-15.612246],[-48.045305,-15.612827],[-48.046797,-15.613868],[-48.048349,-15.614768],[-48.067687,-15.6237],[-48.069945,-15.624697],[-48.070713,-15.625153],[-48.071639,-15.625831],[-48.0725,-15.626549],[-48.07329,-15.627307],[-48.074396,-15.62854],[-48.075176,-15.629698],[-48.075707,-15.630632],[-48.076129,-15.631597],[-48.076496,-15.632688],[-48.077459,-15.636099],[-48.083436,-15.656211],[-48.089386,-15.677125],[-48.089557,-15.678949],[-48.089537,-15.681021],[-48.088213,-15.697134],[-48.086362,-15.722543],[-48.086151,-15.724476],[-48.085771,-15.726006],[-48.085347,-15.727053],[-48.084756,-15.728077],[-48.083935,-15.729345],[-48.083354,-15.730045],[-48.082222,-15.731169],[-48.081327,-15.731927],[-48.077841,-15.734214],[-48.076488,-15.734974],[-48.074275,-15.735905],[-48.072454,-15.736516],[-48.072595,-15.738194],[-48.072618,-15.738456],[-48.072597,-15.738964],[-48.072491,-15.739733],[-48.072477,-15.740663],[-48.072433,-15.740953],[-48.072242,-15.741064],[-48.072001,-15.741374],[-48.07194,-15.741646],[-48.071827,-15.741891],[-48.071395,-15.742394],[-48.070922,-15.742816],[-48.070541,-15.743345],[-48.070542,-15.744348],[-48.0704,-15.744846],[-48.070116,-15.745437],[-48.069775,-15.745875],[-48.069098,-15.746463],[-48.068639,-15.746993],[-48.0684,-15.747665],[-48.068251,-15.748389],[-48.068096,-15.748635],[-48.067797,-15.748919],[-48.06778,-15.74928],[-48.067822,-15.749415],[-48.067764,-15.749678],[-48.067694,-15.74976],[-48.067405,-15.749882],[-48.067229,-15.750236],[-48.066962,-15.750546],[-48.067069,-15.75086],[-48.066987,-15.751127],[-48.067011,-15.751676],[-48.066942,-15.752003],[-48.066815,-15.752205],[-48.066463,-15.752587],[-48.06624,-15.753181],[-48.065771,-15.754143],[-48.065735,-15.75458],[-48.065817,-15.755128],[-48.065932,-15.755536],[-48.066317,-15.756496],[-48.066971,-15.757576],[-48.067452,-15.758077],[-48.068065,-15.758596],[-48.068697,-15.759],[-48.068872,-15.759052],[-48.069519,-15.759036],[-48.069824,-15.758969],[-48.070723,-15.758669],[-48.07082,-15.758592],[-48.070937,-15.758582],[-48.071191,-15.758641],[-48.07136,-15.758738],[-48.071818,-15.758632],[-48.071926,-15.758658],[-48.072154,-15.758808],[-48.072252,-15.759005],[-48.072469,-15.759075],[-48.072794,-15.759061],[-48.073161,-15.758984],[-48.073453,-15.758862],[-48.073639,-15.758751],[-48.07392,-15.758467],[-48.074028,-15.758411],[-48.074902,-15.758128],[-48.074951,-15.758028],[-48.074954,-15.757873],[-48.075074,-15.757732],[-48.075335,-15.757757],[-48.075726,-15.757945],[-48.075789,-15.757788],[-48.075691,-15.757551],[-48.077089,-15.757041],[-48.077539,-15.756971],[-48.077649,-15.757024],[-48.077945,-15.757363],[-48.07811,-15.757487],[-48.079277,-15.757841],[-48.079758,-15.757924],[-48.080457,-15.758246],[-48.080519,-15.758275],[-48.080685,-15.758408],[-48.080764,-15.758804],[-48.080865,-15.758848],[-48.080953,-15.758828],[-48.081139,-15.758916],[-48.081414,-15.75912],[-48.081914,-15.759365],[-48.082029,-15.759391],[-48.082472,-15.759321],[-48.082646,-15.759346],[-48.082941,-15.75954],[-48.083411,-15.759949],[-48.083941,-15.759906],[-48.084575,-15.760177],[-48.085092,-15.760097],[-48.086047,-15.760616],[-48.086577,-15.760681],[-48.086799,-15.760768],[-48.087181,-15.760997],[-48.087415,-15.761193],[-48.087776,-15.76135],[-48.087951,-15.761393],[-48.088468,-15.761313],[-48.088637,-15.761356],[-48.08876,-15.761688],[-48.089286,-15.762204],[-48.089743,-15.762541],[-48.090353,-15.762876],[-48.091188,-15.76355],[-48.091373,-15.763665],[-48.091865,-15.763694],[-48.092363,-15.763922],[-48.092637,-15.764125],[-48.09322,-15.764307],[-48.093801,-15.764551],[-48.094163,-15.764907],[-48.094991,-15.765184],[-48.095597,-15.765121],[-48.096068,-15.764952],[-48.09618,-15.765122],[-48.096194,-15.765411],[-48.096274,-15.765482],[-48.096584,-15.765424],[-48.096724,-15.765458],[-48.097086,-15.765759],[-48.097358,-15.765891],[-48.097732,-15.765849],[-48.097942,-15.765725],[-48.098246,-15.765421],[-48.098797,-15.765364],[-48.099415,-15.76545],[-48.100527,-15.765821],[-48.100813,-15.765868],[-48.101887,-15.766315],[-48.102125,-15.766514],[-48.102704,-15.766838],[-48.105119,-15.767522],[-48.105661,-15.767769],[-48.10627,-15.768093],[-48.106907,-15.768701],[-48.107258,-15.768863],[-48.107448,-15.769062],[-48.107658,-15.769205],[-48.108009,-15.769243],[-48.10819,-15.769148],[-48.108608,-15.769024],[-48.108789,-15.769034],[-48.109198,-15.769205],[-48.109597,-15.76949],[-48.110244,-15.769728],[-48.110586,-15.770051],[-48.111204,-15.770289],[-48.111901,-15.770414],[-48.112316,-15.770527],[-48.112735,-15.770774],[-48.113332,-15.770869],[-48.114178,-15.771444],[-48.114731,-15.771316],[-48.114883,-15.771344],[-48.115406,-15.771145],[-48.116062,-15.771068],[-48.116433,-15.770973],[-48.117041,-15.771164],[-48.117583,-15.771011],[-48.117954,-15.770983],[-48.118325,-15.770812],[-48.118981,-15.770679],[-48.119228,-15.770698],[-48.119817,-15.770859],[-48.119922,-15.770992],[-48.120036,-15.77104],[-48.120255,-15.77103],[-48.120378,-15.770935],[-48.120739,-15.770802],[-48.120854,-15.770669],[-48.120854,-15.770422],[-48.120983,-15.770215],[-48.120946,-15.770094],[-48.121,-15.769985],[-48.121285,-15.770003],[-48.121359,-15.77007],[-48.121466,-15.770093],[-48.121641,-15.769958],[-48.12177,-15.76993],[-48.121861,-15.769969],[-48.122131,-15.769952],[-48.122492,-15.769856],[-48.122751,-15.76958],[-48.123073,-15.769495],[-48.123253,-15.769501],[-48.123372,-15.769569],[-48.123569,-15.769935],[-48.123654,-15.769986],[-48.123783,-15.770003],[-48.123873,-15.769935],[-48.124059,-15.769918],[-48.124161,-15.769963],[-48.12433,-15.769901],[-48.124629,-15.769924],[-48.124826,-15.769845],[-48.125136,-15.769467],[-48.125198,-15.769349],[-48.125114,-15.769174],[-48.125204,-15.768988],[-48.125475,-15.768827],[-48.12563,-15.7688],[-48.125692,-15.768857],[-48.125762,-15.769058],[-48.126153,-15.7691],[-48.126249,-15.76916],[-48.126243,-15.769502],[-48.126345,-15.769647],[-48.126549,-15.769743],[-48.126796,-15.769833],[-48.127078,-15.769797],[-48.127522,-15.769538],[-48.127793,-15.769574],[-48.128279,-15.769514],[-48.128471,-15.76955],[-48.128773,-15.769685],[-48.128886,-15.769791],[-48.128988,-15.770049],[-48.129186,-15.770283],[-48.129408,-15.770469],[-48.129721,-15.77065],[-48.129841,-15.770836],[-48.130538,-15.771166],[-48.131559,-15.771406],[-48.13169,-15.771396],[-48.131727,-15.771184],[-48.131937,-15.770926],[-48.132238,-15.770782],[-48.132316,-15.770644],[-48.132244,-15.770187],[-48.131973,-15.769773],[-48.131997,-15.769623],[-48.1321,-15.769598],[-48.132292,-15.769683],[-48.132658,-15.769755],[-48.132802,-15.769761],[-48.133163,-15.769664],[-48.133607,-15.769761],[-48.133751,-15.769713],[-48.134232,-15.769256],[-48.134298,-15.768769],[-48.1344,-15.768577],[-48.134628,-15.767862],[-48.135163,-15.767874],[-48.135511,-15.76779],[-48.135686,-15.767935],[-48.135748,-15.76813],[-48.135866,-15.768199],[-48.136334,-15.767983],[-48.136665,-15.767965],[-48.136941,-15.767802],[-48.137386,-15.767802],[-48.137446,-15.767652],[-48.137596,-15.76764],[-48.137842,-15.767838],[-48.137914,-15.767983],[-48.138214,-15.768169],[-48.139398,-15.768013],[-48.140593,-15.767718],[-48.141608,-15.767604],[-48.14174,-15.76764],[-48.141776,-15.767881],[-48.142113,-15.768055],[-48.142866,-15.76823],[-48.143096,-15.768096],[-48.143391,-15.768065],[-48.143771,-15.768025],[-48.14466,-15.768523],[-48.14529,-15.768764],[-48.145603,-15.768728],[-48.145873,-15.768579],[-48.146264,-15.768649],[-48.14657,-15.768776],[-48.146888,-15.768601],[-48.147129,-15.768571],[-48.147423,-15.768601],[-48.147717,-15.768709],[-48.147825,-15.768709],[-48.148348,-15.768992],[-48.14854,-15.768962],[-48.148828,-15.768691],[-48.149579,-15.768691],[-48.149981,-15.768414],[-48.150156,-15.768223],[-48.150427,-15.768278],[-48.150745,-15.768098],[-48.15086,-15.767978],[-48.151176,-15.767981],[-48.151712,-15.768097],[-48.152,-15.768037],[-48.152392,-15.767956],[-48.152859,-15.767917],[-48.15307,-15.767843],[-48.1534,-15.767727],[-48.153631,-15.767759],[-48.153786,-15.767704],[-48.154012,-15.76771],[-48.154104,-15.767837],[-48.154411,-15.767787],[-48.155153,-15.767503],[-48.155827,-15.76759],[-48.155822,-15.767357],[-48.156162,-15.767247],[-48.156472,-15.767217],[-48.156872,-15.767397],[-48.157072,-15.767427],[-48.157513,-15.767337],[-48.157753,-15.767187],[-48.157957,-15.767116],[-48.158213,-15.767127],[-48.158271,-15.766817],[-48.158018,-15.766341],[-48.158059,-15.766109],[-48.158241,-15.765916],[-48.158367,-15.765309],[-48.158301,-15.765066],[-48.158089,-15.76498],[-48.158114,-15.764378],[-48.157957,-15.764373],[-48.157881,-15.764418],[-48.157856,-15.764591],[-48.15779,-15.764591],[-48.157542,-15.764257],[-48.157947,-15.763882],[-48.158423,-15.763791],[-48.158519,-15.763629],[-48.158484,-15.763492],[-48.158615,-15.763408],[-48.158834,-15.763417],[-48.159025,-15.76327],[-48.159106,-15.763148],[-48.159116,-15.763017],[-48.159,-15.762835],[-48.15898,-15.762713],[-48.159081,-15.762607],[-48.159086,-15.76248],[-48.158974,-15.762166],[-48.159015,-15.762015],[-48.159197,-15.761999],[-48.159364,-15.762156],[-48.159536,-15.762141],[-48.159617,-15.762015],[-48.159592,-15.761929],[-48.159405,-15.761853],[-48.159425,-15.761731],[-48.159799,-15.76123],[-48.159835,-15.761018],[-48.159769,-15.760805],[-48.159855,-15.760684],[-48.160386,-15.760506],[-48.160452,-15.760264],[-48.160913,-15.759911],[-48.161242,-15.759463],[-48.161216,-15.759181],[-48.161423,-15.75904],[-48.161773,-15.758477],[-48.162395,-15.758067],[-48.162896,-15.757561],[-48.163053,-15.757394],[-48.16319,-15.757015],[-48.163322,-15.756833],[-48.163514,-15.756757],[-48.163817,-15.756792],[-48.164005,-15.756499],[-48.164187,-15.756478],[-48.164713,-15.756534],[-48.164749,-15.756458],[-48.164678,-15.756398],[-48.164673,-15.756312],[-48.164997,-15.755932],[-48.165148,-15.755831],[-48.165285,-15.755517],[-48.165391,-15.755436],[-48.165629,-15.755416],[-48.165933,-15.755471],[-48.166049,-15.755406],[-48.166059,-15.755239],[-48.16612,-15.755107],[-48.166479,-15.754803],[-48.166636,-15.754727],[-48.166702,-15.754646],[-48.166737,-15.754454],[-48.166859,-15.754343],[-48.16697,-15.754075],[-48.167289,-15.753675],[-48.167374,-15.753617],[-48.167732,-15.753649],[-48.167871,-15.753554],[-48.168622,-15.752709],[-48.168855,-15.752747],[-48.169975,-15.752339],[-48.170207,-15.752026],[-48.170981,-15.75147],[-48.17221,-15.750654],[-48.172481,-15.750621],[-48.172876,-15.750648],[-48.173721,-15.750792],[-48.173905,-15.750887],[-48.173976,-15.75101],[-48.174006,-15.75119],[-48.173867,-15.751551],[-48.17389,-15.751793],[-48.174027,-15.752152],[-48.174156,-15.752418],[-48.174436,-15.75275],[-48.174729,-15.752869],[-48.17561,-15.752296],[-48.177753,-15.7509],[-48.182358,-15.748498],[-48.188766,-15.747697],[-48.195106,-15.748765],[-48.199444,-15.7503],[-48.204383,-15.7509],[-48.207386,-15.751901],[-48.209114,-15.751391],[-48.208841,-15.749716],[-48.208485,-15.746674],[-48.208173,-15.74346],[-48.208126,-15.742787],[-48.207995,-15.740932],[-48.207949,-15.738524],[-48.207971,-15.736768],[-48.208019,-15.734977],[-48.207992,-15.733261],[-48.208054,-15.731084],[-48.208074,-15.730598],[-48.20813,-15.729187],[-48.208092,-15.727222],[-48.207965,-15.725194],[-48.207861,-15.722792],[-48.207914,-15.72075],[-48.207944,-15.719351],[-48.208042,-15.717934],[-48.208365,-15.716619],[-48.208884,-15.715361],[-48.209749,-15.714202],[-48.211096,-15.712918],[-48.212289,-15.712145],[-48.213632,-15.711371],[-48.214144,-15.711132],[-48.215679,-15.710581],[-48.215761,-15.710559],[-48.215814,-15.710544],[-48.215855,-15.710513],[-48.215882,-15.710479],[-48.215911,-15.710379],[-48.215931,-15.710337],[-48.215952,-15.71032],[-48.215977,-15.710309],[-48.216105,-15.710293],[-48.21622,-15.71028],[-48.21631,-15.710269],[-48.2164,-15.710258],[-48.216441,-15.710281],[-48.216491,-15.710285],[-48.216567,-15.71028],[-48.216629,-15.710254],[-48.21667,-15.710212],[-48.216714,-15.710174],[-48.216796,-15.710125],[-48.217504,-15.710034],[-48.217791,-15.710012],[-48.217943,-15.710025],[-48.218069,-15.709986],[-48.21816,-15.709886],[-48.218208,-15.709721],[-48.218221,-15.70953],[-48.218291,-15.70943],[-48.218456,-15.709313],[-48.218573,-15.709269],[-48.218638,-15.709196],[-48.21873,-15.709017],[-48.218808,-15.708974],[-48.218921,-15.708987],[-48.219021,-15.709031],[-48.219107,-15.709013],[-48.219325,-15.708939],[-48.219494,-15.708944],[-48.219611,-15.708904],[-48.220211,-15.708744],[-48.220563,-15.708678],[-48.220728,-15.708683],[-48.220945,-15.708731],[-48.221097,-15.708822],[-48.221219,-15.708957],[-48.221288,-15.709],[-48.221341,-15.708996],[-48.22138,-15.708957],[-48.221462,-15.708787],[-48.221684,-15.708496],[-48.221853,-15.708253],[-48.221962,-15.708175],[-48.22204,-15.70817],[-48.222114,-15.708205],[-48.222162,-15.708309],[-48.22224,-15.708522],[-48.222301,-15.708544],[-48.222379,-15.708509],[-48.222418,-15.708414],[-48.222492,-15.708161],[-48.222583,-15.708092],[-48.222666,-15.708092],[-48.22274,-15.70814],[-48.222822,-15.708288],[-48.222926,-15.708388],[-48.223044,-15.708487],[-48.223083,-15.708566],[-48.223122,-15.708752],[-48.223139,-15.708926],[-48.223196,-15.70897],[-48.223343,-15.708957],[-48.223526,-15.7089],[-48.223613,-15.708926],[-48.22376,-15.709039],[-48.2239,-15.709204],[-48.22393,-15.7093],[-48.223939,-15.709447],[-48.223956,-15.709513],[-48.22403,-15.709556],[-48.224221,-15.709604],[-48.224427,-15.709709],[-48.224499,-15.709747],[-48.22456,-15.709747],[-48.224682,-15.709665],[-48.224808,-15.709573],[-48.224981,-15.709543],[-48.225086,-15.709565],[-48.225159,-15.709626],[-48.22522,-15.709713],[-48.225273,-15.709734],[-48.225359,-15.709691],[-48.22542,-15.709578],[-48.225563,-15.709478],[-48.225716,-15.709452],[-48.225833,-15.709413],[-48.225941,-15.709374],[-48.226063,-15.709387],[-48.226263,-15.709439],[-48.22638,-15.709469],[-48.226419,-15.709435],[-48.22645,-15.709317],[-48.22645,-15.709148],[-48.226489,-15.7091],[-48.226632,-15.709083],[-48.226841,-15.709078],[-48.226919,-15.709035],[-48.227002,-15.708935],[-48.227067,-15.708913],[-48.227149,-15.708961],[-48.227254,-15.708991],[-48.227397,-15.708965],[-48.22751,-15.708896],[-48.227545,-15.708778],[-48.227523,-15.708666],[-48.227462,-15.708609],[-48.227362,-15.708574],[-48.22734,-15.708522],[-48.227358,-15.708418],[-48.227414,-15.708361],[-48.22751,-15.708348],[-48.227588,-15.708379],[-48.227653,-15.708457],[-48.227692,-15.70857],[-48.227747,-15.708718],[-48.227778,-15.708786],[-48.227871,-15.708854],[-48.227947,-15.708891],[-48.22812,-15.708928],[-48.228205,-15.708972],[-48.22844,-15.709211],[-48.228574,-15.70933],[-48.228709,-15.709378],[-48.229104,-15.709441],[-48.229463,-15.709454],[-48.229571,-15.70948],[-48.229676,-15.709567],[-48.229758,-15.709602],[-48.229893,-15.709567],[-48.230062,-15.709515],[-48.230149,-15.709519],[-48.230258,-15.709571],[-48.230437,-15.709759],[-48.230508,-15.709804],[-48.230533,-15.709806],[-48.230558,-15.709797],[-48.230603,-15.709756],[-48.23064,-15.70971],[-48.230795,-15.709528],[-48.231007,-15.709367],[-48.231253,-15.709252],[-48.231409,-15.709189],[-48.231487,-15.709198],[-48.231542,-15.709226],[-48.231583,-15.709283],[-48.231581,-15.709339],[-48.231544,-15.709415],[-48.23142,-15.70958],[-48.231372,-15.709652],[-48.231372,-15.709695],[-48.231433,-15.709736],[-48.231531,-15.709741],[-48.231724,-15.70968],[-48.231965,-15.709576],[-48.232046,-15.709582],[-48.232133,-15.709578],[-48.232358,-15.709543],[-48.232563,-15.709497],[-48.232624,-15.709461],[-48.232676,-15.709391],[-48.232676,-15.709335],[-48.232656,-15.709269],[-48.23262,-15.709177],[-48.23262,-15.709127],[-48.232694,-15.709023],[-48.232943,-15.70883],[-48.232961,-15.708816],[-48.233181,-15.70871],[-48.23323,-15.708702],[-48.23328,-15.708695],[-48.233372,-15.708714],[-48.233468,-15.708703],[-48.233544,-15.708664],[-48.233628,-15.708588],[-48.233708,-15.708534],[-48.233761,-15.708532],[-48.233902,-15.708579],[-48.234021,-15.708692],[-48.234073,-15.708705],[-48.234164,-15.70869],[-48.234284,-15.708638],[-48.234336,-15.708629],[-48.234434,-15.708662],[-48.234543,-15.708721],[-48.234614,-15.708721],[-48.23469,-15.708673],[-48.234775,-15.708521],[-48.23486,-15.708297],[-48.234901,-15.708217],[-48.234968,-15.708199],[-48.23502,-15.708212],[-48.235112,-15.708341],[-48.235242,-15.708573],[-48.235305,-15.708629],[-48.23545,-15.708679],[-48.235603,-15.708753],[-48.235794,-15.708805],[-48.236078,-15.708825],[-48.236261,-15.708803],[-48.236354,-15.708738],[-48.236381,-15.708702],[-48.236545,-15.708479],[-48.236782,-15.708158],[-48.236965,-15.707947],[-48.237102,-15.707847],[-48.237249,-15.707828],[-48.237353,-15.70786],[-48.237425,-15.707952],[-48.23744,-15.708019],[-48.237469,-15.708238],[-48.237493,-15.708347],[-48.237553,-15.708453],[-48.237627,-15.708516],[-48.237682,-15.708512],[-48.237729,-15.708473],[-48.237742,-15.708362],[-48.237716,-15.708251],[-48.237725,-15.708227],[-48.237775,-15.708204],[-48.237816,-15.708208],[-48.237912,-15.708251],[-48.23797,-15.708241],[-48.23804,-15.708201],[-48.23814,-15.708201],[-48.23822,-15.708208],[-48.238268,-15.708182],[-48.238333,-15.708112],[-48.238353,-15.707993],[-48.238388,-15.707889],[-48.238503,-15.707837],[-48.238668,-15.70785],[-48.238779,-15.707821],[-48.238935,-15.70776],[-48.2391,-15.707639],[-48.239196,-15.707496],[-48.239252,-15.7073],[-48.239313,-15.707178],[-48.239391,-15.707113],[-48.239558,-15.707025],[-48.239939,-15.706713],[-48.240112,-15.706653],[-48.240408,-15.706505],[-48.240577,-15.706361],[-48.240764,-15.706144],[-48.241064,-15.705749],[-48.241225,-15.705553],[-48.241277,-15.705414],[-48.241251,-15.705267],[-48.241164,-15.705162],[-48.241112,-15.705071],[-48.241112,-15.705006],[-48.24119,-15.704906],[-48.241333,-15.704828],[-48.241429,-15.704715],[-48.241433,-15.704628],[-48.241385,-15.704528],[-48.241264,-15.704411],[-48.241238,-15.704354],[-48.241233,-15.70425],[-48.241285,-15.704141],[-48.241329,-15.703989],[-48.241281,-15.703837],[-48.241225,-15.703759],[-48.241073,-15.703681],[-48.240873,-15.703659],[-48.240712,-15.703598],[-48.240586,-15.703485],[-48.240521,-15.703342],[-48.240421,-15.703151],[-48.240334,-15.702973],[-48.240316,-15.702864],[-48.240343,-15.702756],[-48.240416,-15.702656],[-48.240512,-15.702538],[-48.240542,-15.70243],[-48.240551,-15.702199],[-48.240512,-15.701882],[-48.240399,-15.701535],[-48.24026,-15.701218],[-48.240182,-15.701122],[-48.240125,-15.701092],[-48.240065,-15.701104],[-48.24003,-15.701139],[-48.239999,-15.70115],[-48.239978,-15.701142],[-48.239947,-15.701081],[-48.23993,-15.700985],[-48.239947,-15.700885],[-48.239995,-15.700785],[-48.240021,-15.700666],[-48.24003,-15.700435],[-48.239989,-15.700264],[-48.239939,-15.700188],[-48.239908,-15.700105],[-48.239904,-15.70001],[-48.239952,-15.69989],[-48.239995,-15.699751],[-48.239997,-15.699647],[-48.23996,-15.699575],[-48.239945,-15.699519],[-48.239949,-15.699414],[-48.239989,-15.699312],[-48.240038,-15.699265],[-48.240069,-15.699195],[-48.240065,-15.699115],[-48.240008,-15.699073],[-48.239923,-15.699076],[-48.239852,-15.699115],[-48.239836,-15.699169],[-48.239802,-15.699193],[-48.239756,-15.699171],[-48.239719,-15.699117],[-48.239686,-15.699028],[-48.239637,-15.698991],[-48.239541,-15.698928],[-48.239487,-15.698854],[-48.239469,-15.698802],[-48.239497,-15.698754],[-48.239587,-15.698737],[-48.239617,-15.6987],[-48.239632,-15.698635],[-48.239602,-15.698541],[-48.239519,-15.698437],[-48.239506,-15.698326],[-48.239528,-15.698048],[-48.239511,-15.69784],[-48.239398,-15.697596],[-48.239259,-15.697388],[-48.23918,-15.697244],[-48.239146,-15.697036],[-48.239198,-15.696875],[-48.239319,-15.696719],[-48.239485,-15.696558],[-48.239593,-15.696358],[-48.23965,-15.696084],[-48.239663,-15.695789],[-48.239702,-15.695585],[-48.239815,-15.695402],[-48.240045,-15.695263],[-48.24018,-15.695163],[-48.240288,-15.694959],[-48.240402,-15.694785],[-48.240462,-15.694694],[-48.240505,-15.69466],[-48.240576,-15.694605],[-48.240766,-15.694455],[-48.241092,-15.694242],[-48.241357,-15.694064],[-48.241431,-15.693964],[-48.241474,-15.693825],[-48.241479,-15.693564],[-48.241409,-15.693438],[-48.241292,-15.693352],[-48.241135,-15.69333],[-48.240957,-15.693334],[-48.240853,-15.693302],[-48.240779,-15.693234],[-48.240712,-15.693084],[-48.240682,-15.692906],[-48.240677,-15.692704],[-48.240664,-15.692446],[-48.240677,-15.692291],[-48.24074,-15.692079],[-48.240769,-15.691959],[-48.240797,-15.69184],[-48.240902,-15.691532],[-48.240927,-15.69146],[-48.24093,-15.691453],[-48.240978,-15.691342],[-48.241029,-15.691227],[-48.24104,-15.691203],[-48.241201,-15.691021],[-48.241266,-15.690916],[-48.241275,-15.690825],[-48.241235,-15.690695],[-48.241218,-15.69056],[-48.241253,-15.690399],[-48.241244,-15.690278],[-48.241192,-15.690121],[-48.241175,-15.689952],[-48.241196,-15.689769],[-48.241248,-15.689509],[-48.241231,-15.689357],[-48.241166,-15.689196],[-48.241153,-15.689096],[-48.241209,-15.688922],[-48.241222,-15.688801],[-48.24117,-15.688688],[-48.241053,-15.688583],[-48.241027,-15.688483],[-48.241066,-15.688327],[-48.241179,-15.688218],[-48.241322,-15.688058],[-48.241335,-15.687995],[-48.241311,-15.687899],[-48.241238,-15.687849],[-48.241194,-15.687786],[-48.241192,-15.68771],[-48.241214,-15.687625],[-48.24119,-15.687567],[-48.241138,-15.687473],[-48.241135,-15.687417],[-48.24117,-15.687252],[-48.241218,-15.687182],[-48.241259,-15.687121],[-48.241309,-15.68695],[-48.241331,-15.686706],[-48.241266,-15.686537],[-48.241096,-15.686368],[-48.241005,-15.686211],[-48.24091,-15.685981],[-48.240875,-15.685759],[-48.240844,-15.685616],[-48.240792,-15.685533],[-48.240684,-15.685364],[-48.240571,-15.685073],[-48.240493,-15.684795],[-48.240371,-15.684382],[-48.240258,-15.684034],[-48.240149,-15.683826],[-48.239971,-15.683565],[-48.239915,-15.683405],[-48.239884,-15.683192],[-48.239849,-15.68294],[-48.239763,-15.682688],[-48.239624,-15.682449],[-48.239558,-15.682262],[-48.23955,-15.682084],[-48.239584,-15.681914],[-48.239671,-15.681636],[-48.239693,-15.681363],[-48.239624,-15.681163],[-48.239524,-15.680972],[-48.239411,-15.680741],[-48.23938,-15.680581],[-48.239445,-15.680372],[-48.239497,-15.680159],[-48.239524,-15.67989],[-48.239619,-15.679642],[-48.239628,-15.679521],[-48.239584,-15.679447],[-48.239463,-15.679425],[-48.239319,-15.67949],[-48.239202,-15.679538],[-48.239102,-15.679503],[-48.23898,-15.679395],[-48.238937,-15.679229],[-48.23902,-15.679012],[-48.23912,-15.678895],[-48.239141,-15.678799],[-48.239098,-15.67873],[-48.239046,-15.678721],[-48.238868,-15.678695],[-48.238763,-15.678626],[-48.238685,-15.678482],[-48.238633,-15.678278],[-48.23855,-15.677991],[-48.238504,-15.677725],[-48.238503,-15.677717],[-48.238455,-15.677571],[-48.238433,-15.677505],[-48.2384,-15.677458],[-48.238387,-15.677439],[-48.238361,-15.677402],[-48.238351,-15.677363],[-48.238344,-15.677248],[-48.238333,-15.67702],[-48.238314,-15.676881],[-48.238271,-15.676771],[-48.238259,-15.676742],[-48.238188,-15.676681],[-48.23804,-15.67659],[-48.237964,-15.676495],[-48.237888,-15.676334],[-48.237823,-15.676114],[-48.237753,-15.675836],[-48.237762,-15.675584],[-48.23781,-15.675311],[-48.237831,-15.67508],[-48.237788,-15.674876],[-48.237736,-15.674781],[-48.23764,-15.674655],[-48.237614,-15.67455],[-48.237575,-15.674359],[-48.237527,-15.674246],[-48.237493,-15.674085],[-48.237449,-15.673812],[-48.237397,-15.673568],[-48.237327,-15.673269],[-48.237293,-15.672999],[-48.237219,-15.672821],[-48.237132,-15.672704],[-48.23698,-15.672586],[-48.236867,-15.672495],[-48.236793,-15.672365],[-48.236767,-15.672213],[-48.236754,-15.672026],[-48.236689,-15.671926],[-48.236624,-15.6718],[-48.23655,-15.671631],[-48.236506,-15.671452],[-48.236476,-15.671222],[-48.236454,-15.671027],[-48.236393,-15.670909],[-48.236259,-15.67077],[-48.23612,-15.67061],[-48.236024,-15.670449],[-48.235972,-15.670227],[-48.235942,-15.67001],[-48.235946,-15.669841],[-48.235902,-15.669771],[-48.23575,-15.669658],[-48.235611,-15.66961],[-48.235503,-15.669519],[-48.235442,-15.66938],[-48.235433,-15.669215],[-48.235455,-15.668941],[-48.235511,-15.66865],[-48.23549,-15.668446],[-48.235438,-15.668246],[-48.235312,-15.668055],[-48.235112,-15.66782],[-48.234933,-15.667655],[-48.234786,-15.667429],[-48.234668,-15.667151],[-48.234616,-15.666869],[-48.234651,-15.666513],[-48.234682,-15.666213],[-48.234629,-15.665935],[-48.23453,-15.665579],[-48.234486,-15.66524],[-48.23453,-15.664944],[-48.23453,-15.664605],[-48.23446,-15.664362],[-48.234443,-15.664067],[-48.234486,-15.663702],[-48.234582,-15.663302],[-48.234738,-15.662998],[-48.234947,-15.662624],[-48.235103,-15.662155],[-48.235199,-15.661738],[-48.235225,-15.661321],[-48.23519,-15.660973],[-48.235025,-15.660435],[-48.234865,-15.660037],[-48.234738,-15.659618],[-48.23466,-15.659183],[-48.234642,-15.659048],[-48.234599,-15.658723],[-48.234486,-15.658471],[-48.234295,-15.658132],[-48.234156,-15.657828],[-48.23406,-15.657489],[-48.234052,-15.657159],[-48.234182,-15.656707],[-48.234399,-15.656412],[-48.234712,-15.656151],[-48.23479,-15.656003],[-48.234999,-15.655612],[-48.235059,-15.655169],[-48.235146,-15.654926],[-48.235303,-15.65463],[-48.235537,-15.654274],[-48.235729,-15.653813],[-48.236033,-15.65324],[-48.236172,-15.652823],[-48.23625,-15.652441],[-48.236233,-15.652032],[-48.236293,-15.651658],[-48.236424,-15.651363],[-48.236493,-15.650937],[-48.236476,-15.650572],[-48.236328,-15.650077],[-48.23612,-15.649695],[-48.235807,-15.649304],[-48.235581,-15.649026],[-48.235468,-15.6486],[-48.235303,-15.647957],[-48.235199,-15.64727],[-48.235129,-15.646506],[-48.235068,-15.645784],[-48.234981,-15.644768],[-48.234938,-15.644081],[-48.234734,-15.64346],[-48.234443,-15.642991],[-48.234373,-15.642782],[-48.234334,-15.642478],[-48.234273,-15.642191],[-48.23416,-15.641909],[-48.23396,-15.641727],[-48.233643,-15.641523],[-48.233396,-15.641244],[-48.23323,-15.640984],[-48.232987,-15.640784],[-48.232648,-15.640619],[-48.232466,-15.640428],[-48.23217,-15.640019],[-48.231866,-15.639541],[-48.231458,-15.639072],[-48.230832,-15.638577],[-48.230259,-15.638168],[-48.22979,-15.637777],[-48.22952,-15.637465],[-48.229364,-15.637117],[-48.229303,-15.636613],[-48.229346,-15.635953],[-48.229329,-15.635449],[-48.229216,-15.635066],[-48.228903,-15.634354],[-48.228617,-15.633928],[-48.228225,-15.633624],[-48.227973,-15.633554],[-48.227791,-15.633546],[-48.227617,-15.63345],[-48.227478,-15.633355],[-48.227252,-15.633294],[-48.227122,-15.633294],[-48.226983,-15.633216],[-48.22687,-15.633068],[-48.226731,-15.632877],[-48.226627,-15.632625],[-48.226644,-15.632242],[-48.226618,-15.631956],[-48.226522,-15.631799],[-48.226375,-15.631565],[-48.22627,-15.631287],[-48.226218,-15.630982],[-48.226123,-15.630783],[-48.225879,-15.6304],[-48.225741,-15.630282],[-48.225445,-15.630027],[-48.225296,-15.62991],[-48.22495,-15.629636],[-48.224359,-15.629219],[-48.223455,-15.628819],[-48.223021,-15.628697],[-48.222638,-15.628645],[-48.22223,-15.628549],[-48.221769,-15.628332],[-48.221283,-15.628063],[-48.220866,-15.627707],[-48.220501,-15.627289],[-48.220284,-15.626786],[-48.220014,-15.626351],[-48.219797,-15.625804],[-48.219415,-15.6249],[-48.218928,-15.624101],[-48.218215,-15.623336],[-48.217381,-15.622936],[-48.216425,-15.622797],[-48.215331,-15.622901],[-48.214218,-15.622988],[-48.213558,-15.622919],[-48.212707,-15.622675],[-48.212029,-15.622519],[-48.211299,-15.622519],[-48.210736,-15.622674],[-48.210412,-15.622762],[-48.210145,-15.622893],[-48.20977,-15.623075],[-48.2095,-15.623188],[-48.209074,-15.623284],[-48.208622,-15.623301],[-48.208179,-15.623249],[-48.207762,-15.62318],[-48.207293,-15.623197],[-48.206928,-15.62324],[-48.206476,-15.623388],[-48.206085,-15.623553],[-48.205755,-15.623762],[-48.205425,-15.623909],[-48.204869,-15.62404],[-48.204243,-15.624213],[-48.203635,-15.624318],[-48.20327,-15.624309],[-48.203018,-15.624213],[-48.202584,-15.623927],[-48.202503,-15.623824],[-48.20232,-15.623629],[-48.202311,-15.623619],[-48.202245,-15.623544],[-48.202114,-15.62341],[-48.201984,-15.623275],[-48.201732,-15.623119],[-48.201411,-15.622954],[-48.201045,-15.622849],[-48.200576,-15.622849],[-48.199812,-15.622893],[-48.19974,-15.622911],[-48.19973,-15.622914],[-48.199738,-15.616727],[-48.19974,-15.614856],[-48.199759,-15.612173],[-48.199783,-15.609743],[-48.199806,-15.607387],[-48.199823,-15.605565],[-48.19983,-15.604832],[-48.199833,-15.603537],[-48.199849,-15.593935],[-48.199923,-15.55188],[-48.199982,-15.517618],[-48.200005,-15.504568],[-48.200009,-15.502278],[-48.199611,-15.502278],[-48.141582,-15.50226],[-48.126447,-15.502255],[-48.074386,-15.502238],[-48.055778,-15.502232],[-48.054334,-15.502232],[-48.054304,-15.502232]]]}},{"type":"Feature","properties":{"nome":"Candangolândia","osm_id":3359465},"geometry":{"type":"Polygon","coordinates":[[[-47.935016,-15.861015],[-47.938435,-15.863248],[-47.952148,-15.872028],[-47.955389,-15.873844],[-47.956043,-15.874176],[-47.956842,-15.874483],[-47.957605,-15.874623],[-47.958042,-15.874624],[-47.958709,-15.874551],[-47.954543,-15.848311],[-47.953314,-15.840549],[-47.946113,-15.842783],[-47.944289,-15.843453],[-47.941961,-15.844175],[-47.940831,-15.844456],[-47.939979,-15.844572],[-47.931438,-15.84511],[-47.931718,-15.848726],[-47.932001,-15.850305],[-47.932296,-15.851353],[-47.935016,-15.861015]]]}},{"type":"Feature","properties":{"nome":"Ceilândia","osm_id":3359466},"geometry":{"type":"Polygon","coordinates":[[[-48.107008,-15.858739],[-48.110844,-15.85408],[-48.113641,-15.850684],[-48.113707,-15.850603],[-48.120584,-15.855542],[-48.126287,-15.848187],[-48.130009,-15.843386],[-48.130497,-15.842767],[-48.130672,-15.842401],[-48.130744,-15.842029],[-48.130723,-15.841925],[-48.130631,-15.841464],[-48.130468,-15.841183],[-48.13021,-15.840925],[-48.129945,-15.840729],[-48.128683,-15.839843],[-48.127108,-15.83901],[-48.124045,-15.836844],[-48.12263,-15.838639],[-48.116358,-15.834185],[-48.115572,-15.832992],[-48.115369,-15.832671],[-48.115265,-15.832308],[-48.118325,-15.828461],[-48.11927,-15.828879],[-48.12114,-15.826361],[-48.123768,-15.828265],[-48.123905,-15.828028],[-48.124006,-15.827032],[-48.124116,-15.825956],[-48.125777,-15.823718],[-48.126844,-15.824175],[-48.128856,-15.818929],[-48.129401,-15.819097],[-48.131332,-15.819695],[-48.131748,-15.818589],[-48.131892,-15.818206],[-48.13151,-15.818063],[-48.131534,-15.817999],[-48.131211,-15.817883],[-48.131186,-15.817939],[-48.13085,-15.817813],[-48.131079,-15.81725],[-48.131651,-15.815842],[-48.132665,-15.816201],[-48.133313,-15.814553],[-48.134781,-15.815053],[-48.136988,-15.809236],[-48.141033,-15.810402],[-48.141956,-15.809891],[-48.143152,-15.809509],[-48.145893,-15.809127],[-48.146081,-15.808931],[-48.149133,-15.808797],[-48.150576,-15.808621],[-48.150871,-15.808585],[-48.151837,-15.808802],[-48.153956,-15.809359],[-48.154101,-15.809459],[-48.154266,-15.809496],[-48.154723,-15.809886],[-48.155219,-15.810356],[-48.155479,-15.810431],[-48.155753,-15.810441],[-48.156016,-15.810224],[-48.157969,-15.81002],[-48.159567,-15.809504],[-48.16417,-15.794556],[-48.166421,-15.795185],[-48.166545,-15.79522],[-48.166686,-15.795259],[-48.171343,-15.796561],[-48.171643,-15.796645],[-48.181486,-15.799397],[-48.188395,-15.800698],[-48.189254,-15.804373],[-48.189875,-15.806283],[-48.190026,-15.806748],[-48.190906,-15.808276],[-48.191121,-15.809845],[-48.190863,-15.811104],[-48.190563,-15.812983],[-48.189018,-15.814738],[-48.187516,-15.814965],[-48.186722,-15.815481],[-48.186378,-15.815956],[-48.185746,-15.817123],[-48.185585,-15.817422],[-48.184962,-15.818382],[-48.184555,-15.819434],[-48.184737,-15.820271],[-48.184404,-15.820487],[-48.183954,-15.821365],[-48.183675,-15.821401],[-48.18367,-15.821984],[-48.183235,-15.822087],[-48.183224,-15.82249],[-48.183568,-15.823388],[-48.183868,-15.823161],[-48.184104,-15.823285],[-48.183868,-15.823956],[-48.184041,-15.824098],[-48.184297,-15.82416],[-48.184305,-15.824431],[-48.184657,-15.824854],[-48.18485,-15.825215],[-48.185129,-15.825778],[-48.185729,-15.826175],[-48.185917,-15.826691],[-48.186486,-15.827496],[-48.186867,-15.828059],[-48.186851,-15.82858],[-48.18728,-15.829344],[-48.187886,-15.830273],[-48.1881,-15.830711],[-48.187956,-15.831429],[-48.188165,-15.831733],[-48.188508,-15.831971],[-48.188771,-15.83226],[-48.188589,-15.832647],[-48.188669,-15.833411],[-48.18876,-15.833689],[-48.189045,-15.833731],[-48.189125,-15.834324],[-48.189157,-15.834923],[-48.189769,-15.835305],[-48.189828,-15.83579],[-48.189801,-15.836218],[-48.190117,-15.836471],[-48.189136,-15.837297],[-48.188776,-15.838386],[-48.188261,-15.838799],[-48.187961,-15.838974],[-48.187859,-15.839268],[-48.187714,-15.83934],[-48.187526,-15.839686],[-48.187135,-15.839567],[-48.186904,-15.839846],[-48.186942,-15.840213],[-48.186352,-15.8411],[-48.18648,-15.841683],[-48.186083,-15.842148],[-48.186443,-15.842778],[-48.186352,-15.84397],[-48.185182,-15.844945],[-48.184683,-15.844702],[-48.184383,-15.844665],[-48.184093,-15.844692],[-48.18369,-15.844793],[-48.183132,-15.84535],[-48.182772,-15.845361],[-48.182218,-15.845542],[-48.181754,-15.845864],[-48.181528,-15.845749],[-48.1814,-15.845719],[-48.180746,-15.846328],[-48.180333,-15.846545],[-48.179748,-15.846751],[-48.178562,-15.847561],[-48.177935,-15.848346],[-48.177683,-15.84913],[-48.177688,-15.849636],[-48.177441,-15.849791],[-48.177232,-15.850302],[-48.176953,-15.850807],[-48.176771,-15.851514],[-48.17713,-15.851906],[-48.177125,-15.852288],[-48.177053,-15.852377],[-48.176937,-15.852521],[-48.176953,-15.852789],[-48.176803,-15.853243],[-48.176658,-15.853604],[-48.176658,-15.85411],[-48.176642,-15.85493],[-48.176084,-15.855183],[-48.176079,-15.855508],[-48.176203,-15.855704],[-48.175607,-15.856313],[-48.175333,-15.856553],[-48.175651,-15.857569],[-48.175967,-15.857666],[-48.176234,-15.857578],[-48.176358,-15.85734],[-48.17679,-15.857142],[-48.177006,-15.857201],[-48.176978,-15.857395],[-48.177183,-15.85759],[-48.177275,-15.857797],[-48.177252,-15.85833],[-48.177317,-15.858862],[-48.17803,-15.860269],[-48.178239,-15.86077],[-48.177822,-15.861229],[-48.177623,-15.861417],[-48.177538,-15.861836],[-48.177624,-15.862052],[-48.177818,-15.862148],[-48.178016,-15.862066],[-48.178618,-15.861858],[-48.179019,-15.861816],[-48.179439,-15.861661],[-48.180154,-15.861163],[-48.180453,-15.861112],[-48.181702,-15.860668],[-48.182092,-15.860577],[-48.182212,-15.860665],[-48.182357,-15.861477],[-48.182393,-15.861856],[-48.182613,-15.862253],[-48.183015,-15.862679],[-48.183285,-15.862927],[-48.183281,-15.863147],[-48.183368,-15.863323],[-48.183517,-15.863475],[-48.183643,-15.863771],[-48.183672,-15.863964],[-48.183886,-15.864041],[-48.183894,-15.864135],[-48.183601,-15.864238],[-48.183485,-15.864341],[-48.183562,-15.864621],[-48.183739,-15.864616],[-48.183809,-15.864733],[-48.183871,-15.864992],[-48.184142,-15.865288],[-48.184139,-15.865497],[-48.184223,-15.865712],[-48.184328,-15.865783],[-48.184777,-15.865671],[-48.184854,-15.865872],[-48.184646,-15.866092],[-48.184641,-15.866356],[-48.184989,-15.866586],[-48.185241,-15.866752],[-48.185408,-15.867005],[-48.185394,-15.867392],[-48.185595,-15.867465],[-48.185915,-15.867449],[-48.186075,-15.867571],[-48.186447,-15.867884],[-48.186657,-15.868376],[-48.186957,-15.868431],[-48.187148,-15.868486],[-48.187316,-15.868607],[-48.187467,-15.868742],[-48.187589,-15.869035],[-48.187684,-15.869073],[-48.187926,-15.869062],[-48.188068,-15.869028],[-48.188192,-15.869041],[-48.188229,-15.869229],[-48.188409,-15.86934],[-48.18866,-15.86931],[-48.188768,-15.869426],[-48.18875,-15.869813],[-48.18875,-15.869898],[-48.189202,-15.870216],[-48.18928,-15.870333],[-48.189335,-15.870449],[-48.189293,-15.870784],[-48.18945,-15.870998],[-48.189773,-15.87112],[-48.190298,-15.871121],[-48.190428,-15.87121],[-48.190696,-15.871585],[-48.190878,-15.871681],[-48.191055,-15.871661],[-48.191431,-15.87142],[-48.191745,-15.871301],[-48.192146,-15.871352],[-48.192515,-15.871648],[-48.19257,-15.871711],[-48.192621,-15.871902],[-48.192338,-15.872181],[-48.191898,-15.872199],[-48.191797,-15.8723],[-48.191681,-15.872527],[-48.191708,-15.872644],[-48.191776,-15.872743],[-48.191896,-15.872723],[-48.192043,-15.87254],[-48.192145,-15.872511],[-48.19264,-15.873271],[-48.192844,-15.873323],[-48.193219,-15.873263],[-48.193292,-15.873415],[-48.193277,-15.873578],[-48.193077,-15.873717],[-48.193076,-15.873879],[-48.193745,-15.87442],[-48.194273,-15.874767],[-48.194739,-15.875073],[-48.194831,-15.875189],[-48.194853,-15.875243],[-48.194513,-15.875393],[-48.194423,-15.87552],[-48.194721,-15.876003],[-48.194787,-15.876219],[-48.195592,-15.877083],[-48.195682,-15.877244],[-48.195746,-15.877659],[-48.195819,-15.877721],[-48.195955,-15.877701],[-48.196147,-15.877589],[-48.196231,-15.877633],[-48.196294,-15.877813],[-48.196244,-15.878229],[-48.196663,-15.878557],[-48.196483,-15.878713],[-48.196055,-15.878954],[-48.195998,-15.879027],[-48.196018,-15.879162],[-48.196272,-15.879375],[-48.196382,-15.879401],[-48.196692,-15.879369],[-48.196809,-15.879421],[-48.196908,-15.879637],[-48.196863,-15.879971],[-48.196895,-15.880061],[-48.197228,-15.880363],[-48.197659,-15.880556],[-48.197725,-15.880654],[-48.19776,-15.880843],[-48.197729,-15.881403],[-48.197766,-15.882134],[-48.197965,-15.883233],[-48.1981,-15.883339],[-48.198188,-15.883292],[-48.198466,-15.882864],[-48.198611,-15.882817],[-48.198761,-15.882824],[-48.199195,-15.883169],[-48.200227,-15.884337],[-48.200217,-15.884436],[-48.199925,-15.884648],[-48.199897,-15.88473],[-48.199924,-15.884883],[-48.200096,-15.885133],[-48.200578,-15.885388],[-48.200739,-15.885647],[-48.200641,-15.886145],[-48.200707,-15.88721],[-48.200659,-15.88731],[-48.20028,-15.887658],[-48.200324,-15.887992],[-48.200452,-15.888324],[-48.200602,-15.888574],[-48.200957,-15.888804],[-48.201315,-15.889259],[-48.201848,-15.889323],[-48.20201,-15.889438],[-48.202142,-15.889725],[-48.202343,-15.890454],[-48.202289,-15.89087],[-48.202166,-15.891269],[-48.202169,-15.891413],[-48.202244,-15.891511],[-48.202399,-15.891563],[-48.202889,-15.891547],[-48.203684,-15.891607],[-48.203806,-15.892039],[-48.203849,-15.89212],[-48.203954,-15.892145],[-48.204158,-15.892016],[-48.204423,-15.891562],[-48.204652,-15.89138],[-48.204965,-15.891471],[-48.205414,-15.891528],[-48.205832,-15.891494],[-48.205947,-15.891583],[-48.206013,-15.891826],[-48.205954,-15.892133],[-48.205778,-15.892488],[-48.205786,-15.89256],[-48.206057,-15.892791],[-48.206187,-15.893159],[-48.206717,-15.893774],[-48.206859,-15.893799],[-48.207094,-15.893498],[-48.207895,-15.892971],[-48.208112,-15.892905],[-48.208226,-15.892921],[-48.208252,-15.893156],[-48.208197,-15.893364],[-48.207796,-15.894101],[-48.207745,-15.894599],[-48.207801,-15.894751],[-48.208243,-15.895566],[-48.208327,-15.895646],[-48.208627,-15.895741],[-48.209214,-15.895651],[-48.209517,-15.895656],[-48.209602,-15.895817],[-48.209611,-15.896079],[-48.209686,-15.896339],[-48.209927,-15.896661],[-48.210253,-15.896972],[-48.2104,-15.897051],[-48.210618,-15.897039],[-48.210766,-15.896964],[-48.210913,-15.896746],[-48.210905,-15.896628],[-48.210398,-15.896347],[-48.21035,-15.896285],[-48.210419,-15.896193],[-48.210888,-15.896168],[-48.211955,-15.895584],[-48.212062,-15.895627],[-48.212224,-15.896058],[-48.212515,-15.896306],[-48.212599,-15.896432],[-48.212515,-15.897155],[-48.212608,-15.897298],[-48.212936,-15.897573],[-48.213342,-15.897639],[-48.214033,-15.89743],[-48.214449,-15.897758],[-48.214536,-15.897757],[-48.214599,-15.897684],[-48.214638,-15.897485],[-48.214732,-15.897384],[-48.215371,-15.897374],[-48.216586,-15.897248],[-48.217051,-15.897494],[-48.217173,-15.897474],[-48.217372,-15.897363],[-48.217492,-15.897397],[-48.218135,-15.897685],[-48.218174,-15.898253],[-48.218527,-15.899079],[-48.218639,-15.899149],[-48.218756,-15.899121],[-48.218894,-15.899001],[-48.21942,-15.898262],[-48.219527,-15.898215],[-48.219623,-15.898259],[-48.219875,-15.898761],[-48.21983,-15.899231],[-48.219876,-15.899474],[-48.220387,-15.899755],[-48.220562,-15.899924],[-48.220569,-15.900042],[-48.220339,-15.900424],[-48.220321,-15.900542],[-48.220463,-15.901154],[-48.220542,-15.901279],[-48.220651,-15.901322],[-48.220843,-15.901292],[-48.22165,-15.900883],[-48.221714,-15.900666],[-48.221575,-15.900379],[-48.221588,-15.900288],[-48.22174,-15.900141],[-48.221801,-15.900113],[-48.221892,-15.900139],[-48.222047,-15.900372],[-48.222335,-15.901117],[-48.223096,-15.900916],[-48.223189,-15.900905],[-48.22324,-15.900959],[-48.223166,-15.901149],[-48.222917,-15.901433],[-48.222997,-15.901649],[-48.223292,-15.902014],[-48.2237,-15.902279],[-48.224496,-15.902439],[-48.224717,-15.902399],[-48.224842,-15.902253],[-48.224853,-15.902144],[-48.224723,-15.901939],[-48.224128,-15.90165],[-48.224015,-15.901516],[-48.223972,-15.901246],[-48.224105,-15.90091],[-48.224338,-15.900708],[-48.224454,-15.900688],[-48.22453,-15.900732],[-48.224616,-15.9012],[-48.224733,-15.901298],[-48.225074,-15.901166],[-48.225367,-15.901108],[-48.225735,-15.901075],[-48.226469,-15.901118],[-48.226535,-15.900982],[-48.226384,-15.900135],[-48.226445,-15.899963],[-48.22652,-15.899907],[-48.226925,-15.900046],[-48.227463,-15.900525],[-48.22755,-15.900497],[-48.227646,-15.900315],[-48.227732,-15.900251],[-48.227956,-15.900175],[-48.22857,-15.900238],[-48.2288,-15.900307],[-48.228842,-15.900378],[-48.228826,-15.900469],[-48.228573,-15.900744],[-48.228362,-15.900891],[-48.227976,-15.901005],[-48.227889,-15.901142],[-48.227949,-15.901403],[-48.228209,-15.901661],[-48.228469,-15.90182],[-48.229395,-15.901747],[-48.230466,-15.901627],[-48.230668,-15.901543],[-48.230739,-15.901415],[-48.230691,-15.901236],[-48.230486,-15.90104],[-48.230097,-15.900829],[-48.230529,-15.900597],[-48.230652,-15.900604],[-48.230806,-15.90071],[-48.231303,-15.901533],[-48.231488,-15.901711],[-48.231633,-15.901754],[-48.231774,-15.901716],[-48.231833,-15.901616],[-48.231793,-15.900966],[-48.231867,-15.900721],[-48.232404,-15.900713],[-48.232868,-15.900562],[-48.233238,-15.900502],[-48.233728,-15.900513],[-48.233922,-15.900564],[-48.234142,-15.900714],[-48.234249,-15.900975],[-48.234357,-15.901054],[-48.234567,-15.900979],[-48.234812,-15.900813],[-48.23525,-15.90077],[-48.235288,-15.900571],[-48.234912,-15.90036],[-48.234878,-15.900252],[-48.235023,-15.89969],[-48.234998,-15.899176],[-48.235136,-15.899093],[-48.23527,-15.89909],[-48.235339,-15.899207],[-48.235466,-15.899837],[-48.235574,-15.900007],[-48.235658,-15.900042],[-48.235861,-15.899939],[-48.236086,-15.89962],[-48.236426,-15.899353],[-48.236759,-15.899213],[-48.237013,-15.899254],[-48.237065,-15.899343],[-48.236999,-15.899435],[-48.236472,-15.899768],[-48.236359,-15.899959],[-48.236356,-15.900121],[-48.236457,-15.900418],[-48.236876,-15.90108],[-48.236859,-15.901342],[-48.236794,-15.901559],[-48.2366,-15.901869],[-48.235947,-15.902439],[-48.235781,-15.902685],[-48.235835,-15.902928],[-48.236315,-15.903183],[-48.236782,-15.903627],[-48.237008,-15.903669],[-48.238014,-15.903681],[-48.23859,-15.903853],[-48.238698,-15.903806],[-48.238871,-15.903632],[-48.239473,-15.903361],[-48.239815,-15.903094],[-48.240185,-15.902727],[-48.240369,-15.902643],[-48.240444,-15.902705],[-48.240396,-15.902833],[-48.240035,-15.903271],[-48.239996,-15.903525],[-48.240223,-15.903964],[-48.240414,-15.904232],[-48.240753,-15.904597],[-48.241028,-15.904809],[-48.241451,-15.904929],[-48.241844,-15.904905],[-48.242216,-15.904818],[-48.24238,-15.904816],[-48.242595,-15.904903],[-48.243121,-15.905211],[-48.243643,-15.905582],[-48.24422,-15.906323],[-48.24445,-15.906527],[-48.244932,-15.906741],[-48.24579,-15.907121],[-48.246438,-15.907581],[-48.246601,-15.907578],[-48.2468,-15.907322],[-48.247067,-15.90712],[-48.247108,-15.907201],[-48.246786,-15.908063],[-48.246753,-15.908993],[-48.246827,-15.909254],[-48.246932,-15.909316],[-48.247043,-15.909278],[-48.247347,-15.908876],[-48.247437,-15.908803],[-48.247507,-15.908801],[-48.247554,-15.908837],[-48.247801,-15.90951],[-48.247921,-15.909599],[-48.248154,-15.909523],[-48.248426,-15.909257],[-48.248534,-15.909093],[-48.248666,-15.908676],[-48.248747,-15.908629],[-48.249424,-15.908881],[-48.249638,-15.908896],[-48.250449,-15.908739],[-48.250628,-15.908746],[-48.250777,-15.908861],[-48.250918,-15.90912],[-48.251074,-15.909145],[-48.251337,-15.909015],[-48.251492,-15.909021],[-48.251884,-15.909349],[-48.252437,-15.909693],[-48.252597,-15.909853],[-48.252698,-15.910123],[-48.252461,-15.910487],[-48.252451,-15.910605],[-48.252565,-15.910782],[-48.253184,-15.91174],[-48.253392,-15.911837],[-48.253466,-15.911781],[-48.253597,-15.911536],[-48.253528,-15.911004],[-48.253642,-15.910885],[-48.253791,-15.910819],[-48.253908,-15.910827],[-48.254381,-15.911424],[-48.254559,-15.911584],[-48.254606,-15.91152],[-48.254711,-15.911492],[-48.254818,-15.911481],[-48.254934,-15.911533],[-48.254971,-15.911704],[-48.254922,-15.912229],[-48.25517,-15.912342],[-48.255381,-15.91252],[-48.255443,-15.912654],[-48.255442,-15.912772],[-48.254957,-15.913077],[-48.254775,-15.913278],[-48.25473,-15.913387],[-48.254867,-15.913683],[-48.254894,-15.91399],[-48.254717,-15.914335],[-48.254364,-15.914792],[-48.254216,-15.914903],[-48.254179,-15.915084],[-48.254429,-15.915423],[-48.254512,-15.915413],[-48.254674,-15.915284],[-48.254907,-15.915244],[-48.255081,-15.915675],[-48.25509,-15.915892],[-48.254986,-15.916137],[-48.254219,-15.915968],[-48.254119,-15.916042],[-48.253877,-15.91637],[-48.253716,-15.916671],[-48.253702,-15.916815],[-48.253748,-15.916923],[-48.25411,-15.917215],[-48.255173,-15.917371],[-48.25561,-15.917373],[-48.255796,-15.917307],[-48.255934,-15.917188],[-48.256105,-15.91714],[-48.256224,-15.917202],[-48.25626,-15.917318],[-48.256095,-15.917664],[-48.256123,-15.917808],[-48.256179,-15.91787],[-48.256431,-15.918002],[-48.256731,-15.918061],[-48.257667,-15.918065],[-48.257913,-15.918106],[-48.258134,-15.918337],[-48.258095,-15.918464],[-48.257773,-15.918839],[-48.25787,-15.918982],[-48.258103,-15.919701],[-48.25834,-15.920203],[-48.2585,-15.920408],[-48.258671,-15.920442],[-48.258768,-15.920513],[-48.259255,-15.921047],[-48.259335,-15.921271],[-48.259367,-15.921686],[-48.259445,-15.921938],[-48.259393,-15.922011],[-48.259102,-15.922114],[-48.259037,-15.922206],[-48.258985,-15.922667],[-48.258422,-15.923136],[-48.258416,-15.923226],[-48.258473,-15.923478],[-48.258785,-15.924268],[-48.259003,-15.924508],[-48.259215,-15.92465],[-48.259103,-15.924787],[-48.25864,-15.924722],[-48.25843,-15.924851],[-48.258396,-15.92496],[-48.25849,-15.925229],[-48.258638,-15.925399],[-48.258681,-15.925615],[-48.258784,-15.926462],[-48.258727,-15.92705],[-48.258772,-15.927356],[-48.258919,-15.927579],[-48.259172,-15.927702],[-48.259181,-15.927927],[-48.258962,-15.928481],[-48.258988,-15.92868],[-48.259129,-15.929048],[-48.259135,-15.929372],[-48.259544,-15.929321],[-48.260058,-15.929468],[-48.260273,-15.929471],[-48.260635,-15.929398],[-48.260899,-15.929278],[-48.261142,-15.929108],[-48.261274,-15.928823],[-48.26125,-15.928645],[-48.261111,-15.928463],[-48.260928,-15.928346],[-48.260863,-15.928219],[-48.260824,-15.928109],[-48.260858,-15.928044],[-48.260943,-15.927973],[-48.261194,-15.92792],[-48.261557,-15.92802],[-48.261815,-15.928125],[-48.262349,-15.928455],[-48.26251,-15.928506],[-48.263156,-15.928435],[-48.264029,-15.928492],[-48.26416,-15.928549],[-48.26431,-15.928785],[-48.264398,-15.929367],[-48.264669,-15.93036],[-48.264858,-15.931253],[-48.265066,-15.931486],[-48.265546,-15.93182],[-48.26655,-15.932379],[-48.267086,-15.932591],[-48.268003,-15.933046],[-48.268271,-15.933127],[-48.26844,-15.933129],[-48.268712,-15.932999],[-48.268984,-15.932206],[-48.269319,-15.93189],[-48.269688,-15.931724],[-48.270106,-15.931688],[-48.270436,-15.931725],[-48.270766,-15.931837],[-48.271071,-15.932008],[-48.271324,-15.932049],[-48.271657,-15.931957],[-48.272772,-15.931457],[-48.273691,-15.931193],[-48.274107,-15.931143],[-48.274446,-15.931151],[-48.275032,-15.931262],[-48.27548,-15.931477],[-48.275918,-15.9318],[-48.276077,-15.931745],[-48.276386,-15.931335],[-48.276384,-15.931194],[-48.276277,-15.93098],[-48.275767,-15.930404],[-48.275629,-15.930157],[-48.275441,-15.9295],[-48.275003,-15.928824],[-48.274801,-15.92792],[-48.274914,-15.927528],[-48.275024,-15.927357],[-48.275175,-15.927236],[-48.275756,-15.926994],[-48.27625,-15.926848],[-48.276877,-15.926831],[-48.277087,-15.926734],[-48.277178,-15.9266],[-48.277194,-15.926506],[-48.27682,-15.926324],[-48.27666,-15.926198],[-48.276626,-15.926066],[-48.276745,-15.925736],[-48.276646,-15.925631],[-48.276281,-15.925709],[-48.276093,-15.925805],[-48.275802,-15.925806],[-48.275689,-15.925658],[-48.275683,-15.925543],[-48.275739,-15.925448],[-48.275963,-15.925406],[-48.276049,-15.925298],[-48.276064,-15.92511],[-48.275929,-15.924929],[-48.275478,-15.92459],[-48.275457,-15.924406],[-48.275676,-15.924322],[-48.27662,-15.924325],[-48.276784,-15.924293],[-48.276869,-15.924053],[-48.276812,-15.923951],[-48.276269,-15.923737],[-48.275803,-15.923647],[-48.275488,-15.923441],[-48.275331,-15.923207],[-48.275385,-15.923047],[-48.275498,-15.922968],[-48.276169,-15.922985],[-48.276247,-15.922868],[-48.276233,-15.922715],[-48.276128,-15.92259],[-48.275636,-15.922355],[-48.275188,-15.922081],[-48.274915,-15.922124],[-48.274854,-15.922185],[-48.274753,-15.922638],[-48.274463,-15.922995],[-48.274309,-15.92297],[-48.274205,-15.92285],[-48.274379,-15.921995],[-48.274309,-15.921886],[-48.274168,-15.921943],[-48.274021,-15.922369],[-48.273064,-15.92224],[-48.272858,-15.921847],[-48.272789,-15.921793],[-48.272619,-15.921851],[-48.272374,-15.92214],[-48.272283,-15.922158],[-48.272002,-15.922101],[-48.272019,-15.921612],[-48.271839,-15.9214],[-48.271807,-15.921192],[-48.272865,-15.920537],[-48.272983,-15.920404],[-48.273025,-15.920188],[-48.272992,-15.919992],[-48.27285,-15.919943],[-48.271996,-15.920237],[-48.271762,-15.920169],[-48.27132,-15.919912],[-48.271183,-15.919886],[-48.270815,-15.919991],[-48.270533,-15.919939],[-48.27027,-15.919669],[-48.270101,-15.919193],[-48.270141,-15.91906],[-48.270198,-15.919013],[-48.270403,-15.919145],[-48.270629,-15.919477],[-48.270776,-15.919375],[-48.270665,-15.918869],[-48.271093,-15.918754],[-48.271127,-15.918712],[-48.270904,-15.918224],[-48.270947,-15.917707],[-48.270876,-15.917541],[-48.27072,-15.917469],[-48.270171,-15.917602],[-48.26992,-15.917539],[-48.269846,-15.917402],[-48.269827,-15.917237],[-48.269808,-15.916983],[-48.269883,-15.91684],[-48.270332,-15.916925],[-48.270426,-15.916882],[-48.270184,-15.916189],[-48.27029,-15.915901],[-48.270367,-15.915866],[-48.270841,-15.915909],[-48.270856,-15.9158],[-48.270845,-15.915667],[-48.270401,-15.915223],[-48.270529,-15.914737],[-48.270411,-15.914596],[-48.270167,-15.914465],[-48.269978,-15.91349],[-48.269618,-15.912969],[-48.26969,-15.912722],[-48.270363,-15.912319],[-48.270659,-15.912069],[-48.270862,-15.911853],[-48.27086,-15.911711],[-48.270806,-15.911661],[-48.270726,-15.911662],[-48.270428,-15.911802],[-48.270241,-15.911805],[-48.270127,-15.911761],[-48.269917,-15.911532],[-48.269799,-15.911224],[-48.269843,-15.911075],[-48.270121,-15.910981],[-48.270266,-15.910882],[-48.270413,-15.91046],[-48.270626,-15.91047],[-48.271067,-15.910716],[-48.27178,-15.91093],[-48.272681,-15.910759],[-48.27292,-15.910506],[-48.274229,-15.909849],[-48.274787,-15.909279],[-48.274889,-15.909079],[-48.274935,-15.908879],[-48.274945,-15.908409],[-48.274881,-15.908007],[-48.274903,-15.907821],[-48.275149,-15.907575],[-48.275427,-15.907422],[-48.276054,-15.907166],[-48.276262,-15.907124],[-48.276608,-15.907203],[-48.277063,-15.90764],[-48.277209,-15.907672],[-48.277322,-15.907565],[-48.277312,-15.907405],[-48.277157,-15.906934],[-48.276935,-15.906626],[-48.276212,-15.906105],[-48.275098,-15.905542],[-48.274748,-15.905273],[-48.274647,-15.905071],[-48.274395,-15.903795],[-48.27428,-15.903495],[-48.274285,-15.903391],[-48.27443,-15.903185],[-48.274562,-15.903097],[-48.274771,-15.903036],[-48.275395,-15.903026],[-48.276163,-15.903095],[-48.276368,-15.903057],[-48.27641,-15.90299],[-48.276412,-15.902897],[-48.276315,-15.902688],[-48.275939,-15.902057],[-48.275827,-15.901758],[-48.275815,-15.90146],[-48.275892,-15.901223],[-48.275931,-15.900866],[-48.275982,-15.900793],[-48.276209,-15.900587],[-48.27669,-15.900265],[-48.276803,-15.900114],[-48.276709,-15.899833],[-48.276319,-15.899494],[-48.276069,-15.8992],[-48.275931,-15.899169],[-48.275776,-15.899227],[-48.275131,-15.899743],[-48.274848,-15.899911],[-48.274498,-15.899909],[-48.274257,-15.899785],[-48.274025,-15.899568],[-48.273916,-15.899411],[-48.273866,-15.899164],[-48.273933,-15.898756],[-48.274263,-15.898206],[-48.274327,-15.897715],[-48.274413,-15.897594],[-48.274584,-15.897499],[-48.274923,-15.897436],[-48.275515,-15.897493],[-48.275677,-15.897453],[-48.275863,-15.897366],[-48.276054,-15.89719],[-48.27609,-15.897048],[-48.276058,-15.896892],[-48.275654,-15.896016],[-48.275555,-15.895695],[-48.275419,-15.895496],[-48.274572,-15.895467],[-48.273837,-15.895233],[-48.27361,-15.895302],[-48.273341,-15.895597],[-48.273155,-15.895679],[-48.273017,-15.89563],[-48.27313,-15.895225],[-48.273364,-15.894677],[-48.273667,-15.894245],[-48.273798,-15.894169],[-48.274304,-15.894023],[-48.274556,-15.893825],[-48.274657,-15.893792],[-48.275095,-15.893821],[-48.275303,-15.893797],[-48.275462,-15.893717],[-48.27574,-15.893404],[-48.276008,-15.89289],[-48.276508,-15.892881],[-48.27655,-15.892839],[-48.276526,-15.892677],[-48.276149,-15.892125],[-48.275548,-15.891384],[-48.275362,-15.890801],[-48.275257,-15.890617],[-48.275125,-15.890493],[-48.274619,-15.890323],[-48.273923,-15.890348],[-48.273793,-15.890229],[-48.27382,-15.889955],[-48.274029,-15.889593],[-48.274084,-15.889297],[-48.274045,-15.888998],[-48.273737,-15.888398],[-48.273904,-15.888006],[-48.273901,-15.887695],[-48.273516,-15.887182],[-48.273474,-15.887059],[-48.273434,-15.886943],[-48.273358,-15.886309],[-48.273288,-15.886107],[-48.273212,-15.885991],[-48.272426,-15.885247],[-48.272215,-15.884932],[-48.271872,-15.884131],[-48.27179,-15.883662],[-48.272001,-15.882827],[-48.272955,-15.882518],[-48.273122,-15.88242],[-48.273348,-15.882185],[-48.273522,-15.881554],[-48.273507,-15.880697],[-48.273555,-15.880534],[-48.273921,-15.880137],[-48.274006,-15.8799],[-48.273876,-15.879273],[-48.273945,-15.879125],[-48.274079,-15.879007],[-48.274366,-15.878855],[-48.274574,-15.878805],[-48.274854,-15.878875],[-48.27493,-15.878966],[-48.275005,-15.879108],[-48.275024,-15.879369],[-48.274793,-15.879739],[-48.274755,-15.880006],[-48.274883,-15.880432],[-48.27498,-15.880631],[-48.275097,-15.880743],[-48.275248,-15.880731],[-48.275404,-15.880647],[-48.275736,-15.880204],[-48.27583,-15.879856],[-48.27574,-15.879074],[-48.275891,-15.878144],[-48.275846,-15.877712],[-48.275719,-15.877476],[-48.275154,-15.876896],[-48.27507,-15.876783],[-48.275027,-15.876607],[-48.275099,-15.8764],[-48.275263,-15.876197],[-48.275418,-15.876155],[-48.275925,-15.876142],[-48.276173,-15.875983],[-48.276321,-15.875887],[-48.276796,-15.875974],[-48.276966,-15.875966],[-48.277109,-15.875875],[-48.277279,-15.875446],[-48.277786,-15.872354],[-48.278097,-15.871946],[-48.278218,-15.871872],[-48.278524,-15.871818],[-48.278552,-15.87177],[-48.278543,-15.871578],[-48.278416,-15.871484],[-48.278149,-15.871401],[-48.277813,-15.87143],[-48.277215,-15.871588],[-48.277062,-15.871525],[-48.276759,-15.871027],[-48.276036,-15.870444],[-48.275942,-15.870295],[-48.275916,-15.870158],[-48.275957,-15.869967],[-48.276389,-15.869513],[-48.276806,-15.869234],[-48.277963,-15.868581],[-48.278203,-15.868494],[-48.278323,-15.868467],[-48.278523,-15.868494],[-48.279006,-15.868695],[-48.279163,-15.868669],[-48.279335,-15.868559],[-48.279451,-15.868549],[-48.27957,-15.868609],[-48.279864,-15.868944],[-48.280082,-15.869048],[-48.280321,-15.869025],[-48.280472,-15.868912],[-48.280407,-15.868706],[-48.280085,-15.868268],[-48.279301,-15.867519],[-48.279177,-15.867344],[-48.279206,-15.867149],[-48.279454,-15.866969],[-48.279692,-15.866986],[-48.280049,-15.867114],[-48.280288,-15.867062],[-48.28042,-15.86697],[-48.280537,-15.866809],[-48.280584,-15.866661],[-48.280563,-15.866104],[-48.280448,-15.865703],[-48.279809,-15.86527],[-48.279517,-15.865017],[-48.279236,-15.86464],[-48.279471,-15.863984],[-48.279227,-15.863617],[-48.279134,-15.863356],[-48.279154,-15.863226],[-48.279245,-15.863129],[-48.28012,-15.862925],[-48.280289,-15.862811],[-48.280305,-15.862721],[-48.280074,-15.862469],[-48.279201,-15.861964],[-48.278891,-15.861664],[-48.278927,-15.861534],[-48.279136,-15.861205],[-48.279227,-15.860881],[-48.279159,-15.860069],[-48.279209,-15.859986],[-48.279314,-15.859929],[-48.279529,-15.859979],[-48.280059,-15.860278],[-48.280227,-15.860458],[-48.280269,-15.860934],[-48.279987,-15.86118],[-48.279955,-15.861284],[-48.280036,-15.861394],[-48.28011,-15.861438],[-48.280553,-15.861487],[-48.280738,-15.861319],[-48.280823,-15.861125],[-48.280913,-15.860477],[-48.281048,-15.860114],[-48.28127,-15.860008],[-48.281557,-15.860001],[-48.281647,-15.859937],[-48.281664,-15.859844],[-48.281604,-15.859702],[-48.281198,-15.859224],[-48.281215,-15.859051],[-48.281498,-15.858575],[-48.2815,-15.858398],[-48.28142,-15.858271],[-48.281331,-15.858205],[-48.281152,-15.858178],[-48.280526,-15.858224],[-48.280385,-15.858128],[-48.280374,-15.857821],[-48.280491,-15.857476],[-48.280555,-15.856882],[-48.280675,-15.856804],[-48.280872,-15.856827],[-48.280995,-15.856905],[-48.281321,-15.85731],[-48.281602,-15.857497],[-48.281813,-15.857374],[-48.28192,-15.857061],[-48.281934,-15.856628],[-48.281865,-15.856267],[-48.281706,-15.855831],[-48.281783,-15.855681],[-48.281932,-15.855622],[-48.282305,-15.855645],[-48.28275,-15.855776],[-48.283396,-15.856069],[-48.283463,-15.856059],[-48.283585,-15.855891],[-48.283616,-15.855693],[-48.283462,-15.855576],[-48.28275,-15.855235],[-48.282512,-15.854976],[-48.28245,-15.854856],[-48.282459,-15.854726],[-48.282655,-15.854606],[-48.283477,-15.854468],[-48.283844,-15.854288],[-48.284135,-15.854022],[-48.28425,-15.853806],[-48.284317,-15.853525],[-48.284304,-15.853389],[-48.28415,-15.853138],[-48.28398,-15.853103],[-48.283643,-15.853168],[-48.283013,-15.853455],[-48.282558,-15.853504],[-48.282367,-15.853245],[-48.282311,-15.853022],[-48.282656,-15.851708],[-48.283171,-15.85056],[-48.283441,-15.850188],[-48.283925,-15.84993],[-48.284119,-15.849633],[-48.284142,-15.849345],[-48.284047,-15.848629],[-48.284337,-15.847594],[-48.284337,-15.847008],[-48.284372,-15.846934],[-48.284741,-15.846635],[-48.285126,-15.846575],[-48.2852,-15.846448],[-48.28519,-15.846232],[-48.284997,-15.845581],[-48.284864,-15.844922],[-48.284914,-15.844818],[-48.285016,-15.844758],[-48.285487,-15.844627],[-48.28566,-15.844529],[-48.285736,-15.844421],[-48.285791,-15.844205],[-48.285718,-15.843526],[-48.285507,-15.843093],[-48.285368,-15.842958],[-48.285168,-15.842848],[-48.2849,-15.84278],[-48.284431,-15.84277],[-48.284242,-15.842728],[-48.283667,-15.842182],[-48.283624,-15.842009],[-48.283627,-15.841601],[-48.2837,-15.841396],[-48.28403,-15.840989],[-48.284226,-15.840815],[-48.284796,-15.840611],[-48.28501,-15.84041],[-48.285248,-15.83998],[-48.285226,-15.839651],[-48.284895,-15.83892],[-48.284654,-15.837818],[-48.284762,-15.837501],[-48.285068,-15.836971],[-48.285086,-15.836722],[-48.284996,-15.836518],[-48.2848,-15.836073],[-48.284523,-15.835665],[-48.284195,-15.8353],[-48.283992,-15.83485],[-48.283781,-15.834505],[-48.283487,-15.83423],[-48.282921,-15.833809],[-48.28272,-15.833557],[-48.282516,-15.833165],[-48.282125,-15.832106],[-48.281881,-15.831615],[-48.281854,-15.831446],[-48.281798,-15.830597],[-48.2817,-15.830341],[-48.28155,-15.830066],[-48.281542,-15.83005],[-48.281453,-15.829878],[-48.281355,-15.82969],[-48.28135,-15.829631],[-48.281326,-15.829369],[-48.281309,-15.829143],[-48.281303,-15.828807],[-48.281292,-15.828712],[-48.281234,-15.828612],[-48.281103,-15.828472],[-48.280946,-15.828281],[-48.280882,-15.828121],[-48.280855,-15.82787],[-48.280891,-15.827729],[-48.28102,-15.827553],[-48.281525,-15.827205],[-48.281571,-15.827104],[-48.281562,-15.826972],[-48.281467,-15.826821],[-48.280799,-15.826056],[-48.2807,-15.825912],[-48.280665,-15.825781],[-48.280678,-15.825691],[-48.280761,-15.825342],[-48.280774,-15.825235],[-48.280769,-15.825137],[-48.280644,-15.82482],[-48.280618,-15.824697],[-48.280622,-15.824578],[-48.280697,-15.824233],[-48.280696,-15.824089],[-48.280657,-15.823946],[-48.280451,-15.823624],[-48.280327,-15.823465],[-48.28019,-15.823347],[-48.279745,-15.823021],[-48.279627,-15.822902],[-48.27931,-15.822567],[-48.27922,-15.822506],[-48.27908,-15.822445],[-48.278862,-15.822396],[-48.278725,-15.822385],[-48.278656,-15.822372],[-48.278608,-15.822344],[-48.278536,-15.822285],[-48.27722,-15.820548],[-48.277122,-15.820429],[-48.277085,-15.820346],[-48.277088,-15.820227],[-48.277127,-15.820001],[-48.277119,-15.819938],[-48.277054,-15.819827],[-48.276788,-15.819514],[-48.27673,-15.819455],[-48.276664,-15.819427],[-48.276581,-15.819407],[-48.276494,-15.819362],[-48.276428,-15.81932],[-48.276377,-15.819247],[-48.276333,-15.819153],[-48.276303,-15.818885],[-48.276313,-15.818746],[-48.276338,-15.818605],[-48.276398,-15.81828],[-48.276398,-15.818183],[-48.276347,-15.818079],[-48.276234,-15.817967],[-48.276103,-15.817874],[-48.275911,-15.817798],[-48.275758,-15.817757],[-48.275588,-15.81774],[-48.275519,-15.817719],[-48.275478,-15.817664],[-48.275303,-15.817132],[-48.275253,-15.817033],[-48.275165,-15.816964],[-48.274998,-15.81691],[-48.274829,-15.816893],[-48.274149,-15.816805],[-48.274045,-15.816791],[-48.273972,-15.816761],[-48.273375,-15.816264],[-48.273287,-15.816198],[-48.273221,-15.816177],[-48.273112,-15.816168],[-48.272858,-15.816161],[-48.272786,-15.816146],[-48.272711,-15.816104],[-48.272322,-15.815749],[-48.272247,-15.815695],[-48.272159,-15.815662],[-48.271899,-15.815573],[-48.2718,-15.815525],[-48.271728,-15.815465],[-48.271615,-15.815318],[-48.271428,-15.814984],[-48.271375,-15.814837],[-48.271193,-15.814199],[-48.271145,-15.813913],[-48.271144,-15.813696],[-48.271194,-15.813093],[-48.271191,-15.812995],[-48.271167,-15.812874],[-48.271131,-15.812819],[-48.271076,-15.812785],[-48.271024,-15.812785],[-48.270947,-15.812819],[-48.270846,-15.812904],[-48.270247,-15.813417],[-48.270168,-15.813483],[-48.270096,-15.813518],[-48.27,-15.813526],[-48.269888,-15.813505],[-48.269822,-15.813463],[-48.269761,-15.813387],[-48.269717,-15.813279],[-48.269677,-15.813126],[-48.269651,-15.812819],[-48.269667,-15.812689],[-48.269705,-15.812555],[-48.269778,-15.812409],[-48.269991,-15.812086],[-48.270002,-15.812036],[-48.269985,-15.811988],[-48.269927,-15.811941],[-48.269861,-15.81192],[-48.26968,-15.81191],[-48.269579,-15.811924],[-48.26951,-15.811956],[-48.268736,-15.812709],[-48.26855,-15.812871],[-48.268441,-15.812924],[-48.268334,-15.812951],[-48.268254,-15.812954],[-48.268197,-15.812936],[-48.268144,-15.812881],[-48.267737,-15.811787],[-48.26772,-15.81168],[-48.267725,-15.811561],[-48.267907,-15.810644],[-48.26794,-15.810515],[-48.267978,-15.810412],[-48.268187,-15.810031],[-48.268209,-15.80997],[-48.268214,-15.809917],[-48.268178,-15.809725],[-48.268161,-15.809617],[-48.268163,-15.809506],[-48.268178,-15.809091],[-48.268163,-15.808972],[-48.268113,-15.808848],[-48.267983,-15.808573],[-48.267925,-15.808473],[-48.267826,-15.808379],[-48.267677,-15.808308],[-48.267364,-15.808212],[-48.267276,-15.808201],[-48.267172,-15.808212],[-48.267084,-15.808263],[-48.267035,-15.808337],[-48.26701,-15.80843],[-48.266894,-15.809275],[-48.266875,-15.80936],[-48.266834,-15.809429],[-48.266784,-15.809466],[-48.26671,-15.809485],[-48.266581,-15.809472],[-48.266441,-15.809436],[-48.266375,-15.809399],[-48.266323,-15.809346],[-48.266187,-15.809107],[-48.266151,-15.808977],[-48.266142,-15.808856],[-48.266191,-15.80866],[-48.266245,-15.808568],[-48.266324,-15.808485],[-48.266464,-15.808363],[-48.266502,-15.808309],[-48.266548,-15.808192],[-48.26677,-15.807415],[-48.266788,-15.807269],[-48.266787,-15.807053],[-48.266766,-15.806955],[-48.266714,-15.806863],[-48.266626,-15.806807],[-48.266532,-15.8068],[-48.266442,-15.806824],[-48.266352,-15.806891],[-48.266272,-15.806989],[-48.266137,-15.807354],[-48.266096,-15.807457],[-48.266063,-15.807502],[-48.265942,-15.807606],[-48.265865,-15.807672],[-48.265786,-15.807784],[-48.265418,-15.808445],[-48.265315,-15.80857],[-48.265091,-15.808798],[-48.264954,-15.808891],[-48.264795,-15.808971],[-48.264707,-15.808993],[-48.264649,-15.80898],[-48.264589,-15.808948],[-48.264534,-15.808896],[-48.264473,-15.808798],[-48.264434,-15.808679],[-48.264422,-15.808497],[-48.264455,-15.807783],[-48.264438,-15.807676],[-48.264411,-15.807573],[-48.264303,-15.807352],[-48.264214,-15.807146],[-48.264167,-15.807022],[-48.264144,-15.806909],[-48.264119,-15.806721],[-48.264096,-15.806658],[-48.264047,-15.806603],[-48.263975,-15.806571],[-48.26389,-15.806572],[-48.263786,-15.806614],[-48.263512,-15.806792],[-48.263415,-15.806832],[-48.263352,-15.80684],[-48.263275,-15.80683],[-48.263206,-15.806791],[-48.262963,-15.806573],[-48.262459,-15.806068],[-48.262329,-15.805986],[-48.262217,-15.805931],[-48.262129,-15.805916],[-48.262057,-15.805937],[-48.262017,-15.805995],[-48.262,-15.806069],[-48.261996,-15.806378],[-48.261986,-15.806453],[-48.261958,-15.806498],[-48.261895,-15.806519],[-48.261275,-15.806511],[-48.261193,-15.806498],[-48.261151,-15.806461],[-48.261143,-15.806416],[-48.261162,-15.806363],[-48.261224,-15.806202],[-48.26124,-15.806137],[-48.261242,-15.806095],[-48.261086,-15.805446],[-48.261041,-15.805314],[-48.260997,-15.805222],[-48.260887,-15.805117],[-48.260773,-15.805063],[-48.260414,-15.804984],[-48.260252,-15.804926],[-48.260164,-15.80485],[-48.260085,-15.804703],[-48.259838,-15.804287],[-48.259719,-15.804149],[-48.259601,-15.804057],[-48.259443,-15.803986],[-48.259246,-15.803974],[-48.258957,-15.804068],[-48.258876,-15.804066],[-48.258779,-15.804016],[-48.258739,-15.80392],[-48.258752,-15.803802],[-48.258804,-15.803684],[-48.258891,-15.803612],[-48.259166,-15.803501],[-48.259249,-15.803446],[-48.259284,-15.803349],[-48.259279,-15.803223],[-48.25923,-15.803109],[-48.259111,-15.802954],[-48.259006,-15.802887],[-48.25891,-15.802866],[-48.258778,-15.802884],[-48.257939,-15.803073],[-48.257711,-15.803104],[-48.257554,-15.803083],[-48.257405,-15.803012],[-48.25723,-15.802884],[-48.257062,-15.802717],[-48.256953,-15.802538],[-48.256758,-15.802095],[-48.256705,-15.801921],[-48.256671,-15.801849],[-48.256615,-15.801814],[-48.256518,-15.801807],[-48.256336,-15.801833],[-48.254723,-15.802126],[-48.254567,-15.802141],[-48.254407,-15.802145],[-48.254307,-15.80212],[-48.253707,-15.801951],[-48.253614,-15.801937],[-48.253488,-15.801937],[-48.252455,-15.802228],[-48.252311,-15.802247],[-48.252154,-15.802233],[-48.251514,-15.80201],[-48.251391,-15.801993],[-48.251238,-15.801993],[-48.250547,-15.802111],[-48.250427,-15.802128],[-48.250349,-15.802118],[-48.250259,-15.802061],[-48.250173,-15.801961],[-48.250132,-15.80185],[-48.250102,-15.801722],[-48.249984,-15.801207],[-48.249924,-15.801089],[-48.249816,-15.800986],[-48.24967,-15.800922],[-48.249146,-15.800718],[-48.249031,-15.800705],[-48.248949,-15.80073],[-48.24889,-15.800784],[-48.248816,-15.800913],[-48.248761,-15.801053],[-48.248751,-15.801207],[-48.24877,-15.801293],[-48.248826,-15.801364],[-48.249285,-15.801688],[-48.249342,-15.801769],[-48.249387,-15.801876],[-48.249406,-15.802015],[-48.249374,-15.802159],[-48.249311,-15.802234],[-48.249214,-15.802274],[-48.248638,-15.80238],[-48.24856,-15.802377],[-48.248489,-15.802338],[-48.248444,-15.802266],[-48.248229,-15.801473],[-48.248135,-15.801255],[-48.248037,-15.800997],[-48.24802,-15.800864],[-48.248038,-15.800725],[-48.24809,-15.800621],[-48.248975,-15.799762],[-48.248997,-15.799704],[-48.248993,-15.799618],[-48.248844,-15.798853],[-48.248803,-15.79872],[-48.248751,-15.798647],[-48.248671,-15.798594],[-48.248593,-15.798579],[-48.248491,-15.798601],[-48.248099,-15.798776],[-48.247977,-15.798826],[-48.247875,-15.798832],[-48.247775,-15.798811],[-48.24754,-15.798673],[-48.247447,-15.798655],[-48.247353,-15.798683],[-48.246788,-15.799434],[-48.246736,-15.799511],[-48.24671,-15.799619],[-48.246717,-15.799739],[-48.246753,-15.799835],[-48.246817,-15.799918],[-48.246891,-15.799958],[-48.246998,-15.800026],[-48.247046,-15.8001],[-48.24705,-15.800186],[-48.247028,-15.80027],[-48.246964,-15.800335],[-48.246864,-15.800379],[-48.246762,-15.800382],[-48.246646,-15.800355],[-48.246214,-15.800153],[-48.246143,-15.800094],[-48.246082,-15.800036],[-48.246059,-15.799962],[-48.246091,-15.799893],[-48.24628,-15.799726],[-48.246315,-15.799664],[-48.246331,-15.799583],[-48.24633,-15.799503],[-48.246298,-15.799444],[-48.246053,-15.799247],[-48.245976,-15.799145],[-48.24595,-15.799062],[-48.245959,-15.798966],[-48.246035,-15.798839],[-48.24672,-15.798094],[-48.246803,-15.798001],[-48.246809,-15.797949],[-48.246786,-15.797896],[-48.246735,-15.797853],[-48.246635,-15.797819],[-48.246432,-15.797789],[-48.246355,-15.797759],[-48.246316,-15.797712],[-48.246306,-15.797629],[-48.246314,-15.797308],[-48.246304,-15.797178],[-48.246272,-15.797094],[-48.246214,-15.797045],[-48.246143,-15.797039],[-48.246072,-15.79708],[-48.245843,-15.797548],[-48.245782,-15.797619],[-48.245712,-15.797659],[-48.245417,-15.797698],[-48.245269,-15.797701],[-48.245166,-15.797671],[-48.245069,-15.7976],[-48.245024,-15.797532],[-48.245006,-15.797305],[-48.245,-15.797214],[-48.244966,-15.79713],[-48.244898,-15.79705],[-48.244817,-15.796986],[-48.244708,-15.796934],[-48.244621,-15.796928],[-48.244544,-15.796947],[-48.244438,-15.797012],[-48.24423,-15.797223],[-48.244169,-15.797282],[-48.244102,-15.797317],[-48.244019,-15.797323],[-48.243318,-15.797261],[-48.24317,-15.797255],[-48.243026,-15.797268],[-48.242907,-15.797312],[-48.242824,-15.797393],[-48.242773,-15.797483],[-48.242744,-15.797594],[-48.242727,-15.798089],[-48.242711,-15.798175],[-48.24267,-15.798268],[-48.24252,-15.798581],[-48.24248,-15.798719],[-48.242455,-15.798892],[-48.242392,-15.799254],[-48.242357,-15.799359],[-48.242293,-15.799464],[-48.242194,-15.799536],[-48.242056,-15.799568],[-48.241474,-15.799548],[-48.241333,-15.799506],[-48.241227,-15.799438],[-48.241036,-15.799256],[-48.240589,-15.798646],[-48.240454,-15.79844],[-48.240373,-15.798264],[-48.24034,-15.798082],[-48.240339,-15.797911],[-48.24039,-15.797701],[-48.240482,-15.797491],[-48.240804,-15.796834],[-48.240839,-15.79672],[-48.24086,-15.79658],[-48.241002,-15.795776],[-48.241083,-15.795305],[-48.241101,-15.795095],[-48.2411,-15.794882],[-48.24106,-15.794374],[-48.241042,-15.794135],[-48.241048,-15.793978],[-48.241083,-15.793789],[-48.241162,-15.793572],[-48.241168,-15.793482],[-48.240933,-15.792695],[-48.240885,-15.792624],[-48.240801,-15.792587],[-48.240721,-15.792584],[-48.240618,-15.79264],[-48.240542,-15.792752],[-48.240513,-15.792869],[-48.240511,-15.793052],[-48.24051,-15.793695],[-48.240489,-15.793828],[-48.240441,-15.793927],[-48.240358,-15.793995],[-48.240239,-15.794011],[-48.240062,-15.79399],[-48.239905,-15.793935],[-48.239607,-15.793762],[-48.239274,-15.793527],[-48.23899,-15.793288],[-48.238805,-15.793079],[-48.238599,-15.792789],[-48.238478,-15.792597],[-48.238038,-15.791641],[-48.23794,-15.791465],[-48.237785,-15.79125],[-48.237665,-15.791041],[-48.236882,-15.789407],[-48.236817,-15.789217],[-48.236784,-15.789054],[-48.236788,-15.788846],[-48.236814,-15.788629],[-48.236923,-15.788368],[-48.23769,-15.787242],[-48.237791,-15.787069],[-48.237854,-15.786897],[-48.237871,-15.786671],[-48.237834,-15.786305],[-48.237778,-15.786049],[-48.237727,-15.785885],[-48.237555,-15.785608],[-48.236887,-15.785044],[-48.23675,-15.78493],[-48.236565,-15.784796],[-48.236445,-15.784774],[-48.236266,-15.78479],[-48.236083,-15.784841],[-48.235734,-15.784978],[-48.235516,-15.785064],[-48.235417,-15.785086],[-48.235356,-15.785086],[-48.235265,-15.785077],[-48.235176,-15.785048],[-48.235009,-15.784943],[-48.234878,-15.784825],[-48.234793,-15.784736],[-48.234735,-15.784689],[-48.234704,-15.784673],[-48.23467,-15.784665],[-48.234638,-15.784666],[-48.234608,-15.784676],[-48.234525,-15.78476],[-48.234376,-15.784881],[-48.234346,-15.784895],[-48.234321,-15.784897],[-48.234293,-15.784888],[-48.234175,-15.784834],[-48.233906,-15.784653],[-48.233712,-15.784534],[-48.233594,-15.784454],[-48.23348,-15.784414],[-48.233391,-15.784396],[-48.233283,-15.784407],[-48.233129,-15.784454],[-48.23302,-15.78451],[-48.23294,-15.784512],[-48.232866,-15.784484],[-48.232643,-15.784282],[-48.232498,-15.784128],[-48.23233,-15.783981],[-48.232281,-15.78389],[-48.232268,-15.783833],[-48.232248,-15.783749],[-48.232268,-15.783521],[-48.232318,-15.783331],[-48.232485,-15.782715],[-48.232677,-15.782233],[-48.232887,-15.781728],[-48.233044,-15.781348],[-48.233061,-15.781207],[-48.233025,-15.781014],[-48.232906,-15.780833],[-48.232533,-15.780308],[-48.232409,-15.780099],[-48.232337,-15.779856],[-48.232295,-15.779375],[-48.232283,-15.779079],[-48.232216,-15.778912],[-48.232158,-15.778814],[-48.232032,-15.778681],[-48.231963,-15.778588],[-48.231954,-15.778572],[-48.231933,-15.778536],[-48.231909,-15.778495],[-48.231891,-15.778439],[-48.231623,-15.778253],[-48.23073,-15.777632],[-48.230361,-15.777376],[-48.229005,-15.776433],[-48.228504,-15.776085],[-48.227979,-15.77572],[-48.22506,-15.773692],[-48.222499,-15.771687],[-48.220303,-15.770008],[-48.218586,-15.768653],[-48.217291,-15.767597],[-48.215989,-15.766282],[-48.215746,-15.76597],[-48.215504,-15.765658],[-48.21502,-15.765034],[-48.214448,-15.764034],[-48.213885,-15.763045],[-48.21245,-15.760634],[-48.211511,-15.758886],[-48.210532,-15.756529],[-48.209686,-15.754044],[-48.209197,-15.751902],[-48.209114,-15.751391],[-48.207386,-15.751901],[-48.204383,-15.7509],[-48.199444,-15.7503],[-48.195106,-15.748765],[-48.188766,-15.747697],[-48.182358,-15.748498],[-48.177753,-15.7509],[-48.17561,-15.752296],[-48.174729,-15.752869],[-48.174436,-15.75275],[-48.174156,-15.752418],[-48.174027,-15.752152],[-48.17389,-15.751793],[-48.173867,-15.751551],[-48.174006,-15.75119],[-48.173976,-15.75101],[-48.173905,-15.750887],[-48.173721,-15.750792],[-48.172876,-15.750648],[-48.172481,-15.750621],[-48.17221,-15.750654],[-48.170981,-15.75147],[-48.170207,-15.752026],[-48.169975,-15.752339],[-48.168855,-15.752747],[-48.168622,-15.752709],[-48.167871,-15.753554],[-48.167732,-15.753649],[-48.167374,-15.753617],[-48.167289,-15.753675],[-48.16697,-15.754075],[-48.166859,-15.754343],[-48.166737,-15.754454],[-48.166702,-15.754646],[-48.166636,-15.754727],[-48.166479,-15.754803],[-48.16612,-15.755107],[-48.166059,-15.755239],[-48.166049,-15.755406],[-48.165933,-15.755471],[-48.165629,-15.755416],[-48.165391,-15.755436],[-48.165285,-15.755517],[-48.165148,-15.755831],[-48.164997,-15.755932],[-48.164673,-15.756312],[-48.164678,-15.756398],[-48.164749,-15.756458],[-48.164713,-15.756534],[-48.164187,-15.756478],[-48.164005,-15.756499],[-48.163817,-15.756792],[-48.163514,-15.756757],[-48.163322,-15.756833],[-48.16319,-15.757015],[-48.163053,-15.757394],[-48.162896,-15.757561],[-48.162395,-15.758067],[-48.161773,-15.758477],[-48.161423,-15.75904],[-48.161216,-15.759181],[-48.161242,-15.759463],[-48.160913,-15.759911],[-48.160452,-15.760264],[-48.160386,-15.760506],[-48.159855,-15.760684],[-48.159769,-15.760805],[-48.159835,-15.761018],[-48.159799,-15.76123],[-48.159425,-15.761731],[-48.159405,-15.761853],[-48.159592,-15.761929],[-48.159617,-15.762015],[-48.159536,-15.762141],[-48.159364,-15.762156],[-48.159197,-15.761999],[-48.159015,-15.762015],[-48.158974,-15.762166],[-48.159086,-15.76248],[-48.159081,-15.762607],[-48.15898,-15.762713],[-48.159,-15.762835],[-48.159116,-15.763017],[-48.159106,-15.763148],[-48.159025,-15.76327],[-48.158834,-15.763417],[-48.158615,-15.763408],[-48.158484,-15.763492],[-48.158519,-15.763629],[-48.158423,-15.763791],[-48.157947,-15.763882],[-48.157542,-15.764257],[-48.15779,-15.764591],[-48.157856,-15.764591],[-48.157881,-15.764418],[-48.157957,-15.764373],[-48.158114,-15.764378],[-48.158089,-15.76498],[-48.158301,-15.765066],[-48.158367,-15.765309],[-48.158241,-15.765916],[-48.158059,-15.766109],[-48.158018,-15.766341],[-48.158271,-15.766817],[-48.158213,-15.767127],[-48.157957,-15.767116],[-48.157753,-15.767187],[-48.157513,-15.767337],[-48.157072,-15.767427],[-48.156872,-15.767397],[-48.156472,-15.767217],[-48.156162,-15.767247],[-48.155822,-15.767357],[-48.155827,-15.76759],[-48.155153,-15.767503],[-48.154411,-15.767787],[-48.154104,-15.767837],[-48.154012,-15.76771],[-48.153786,-15.767704],[-48.153631,-15.767759],[-48.1534,-15.767727],[-48.15307,-15.767843],[-48.152859,-15.767917],[-48.152392,-15.767956],[-48.152,-15.768037],[-48.151712,-15.768097],[-48.151176,-15.767981],[-48.15086,-15.767978],[-48.150745,-15.768098],[-48.150427,-15.768278],[-48.150156,-15.768223],[-48.149981,-15.768414],[-48.149579,-15.768691],[-48.148828,-15.768691],[-48.14854,-15.768962],[-48.148348,-15.768992],[-48.147825,-15.768709],[-48.147717,-15.768709],[-48.147423,-15.768601],[-48.147129,-15.768571],[-48.146888,-15.768601],[-48.14657,-15.768776],[-48.146264,-15.768649],[-48.145873,-15.768579],[-48.145603,-15.768728],[-48.14529,-15.768764],[-48.14466,-15.768523],[-48.143771,-15.768025],[-48.143391,-15.768065],[-48.143096,-15.768096],[-48.142866,-15.76823],[-48.142113,-15.768055],[-48.141776,-15.767881],[-48.14174,-15.76764],[-48.141608,-15.767604],[-48.140593,-15.767718],[-48.139398,-15.768013],[-48.138214,-15.768169],[-48.137914,-15.767983],[-48.137842,-15.767838],[-48.137596,-15.76764],[-48.137446,-15.767652],[-48.137386,-15.767802],[-48.136941,-15.767802],[-48.136665,-15.767965],[-48.136334,-15.767983],[-48.135866,-15.768199],[-48.135748,-15.76813],[-48.135686,-15.767935],[-48.135511,-15.76779],[-48.135163,-15.767874],[-48.134628,-15.767862],[-48.1344,-15.768577],[-48.134298,-15.768769],[-48.134232,-15.769256],[-48.133751,-15.769713],[-48.133607,-15.769761],[-48.133163,-15.769664],[-48.132802,-15.769761],[-48.132658,-15.769755],[-48.132292,-15.769683],[-48.1321,-15.769598],[-48.131997,-15.769623],[-48.131973,-15.769773],[-48.132244,-15.770187],[-48.132316,-15.770644],[-48.132238,-15.770782],[-48.131937,-15.770926],[-48.131727,-15.771184],[-48.13169,-15.771396],[-48.131559,-15.771406],[-48.130538,-15.771166],[-48.129841,-15.770836],[-48.129721,-15.77065],[-48.129408,-15.770469],[-48.129186,-15.770283],[-48.128988,-15.770049],[-48.128886,-15.769791],[-48.128773,-15.769685],[-48.128471,-15.76955],[-48.128279,-15.769514],[-48.127793,-15.769574],[-48.127522,-15.769538],[-48.127078,-15.769797],[-48.126796,-15.769833],[-48.126549,-15.769743],[-48.126345,-15.769647],[-48.126243,-15.769502],[-48.126249,-15.76916],[-48.126153,-15.7691],[-48.125762,-15.769058],[-48.125692,-15.768857],[-48.12563,-15.7688],[-48.125475,-15.768827],[-48.125204,-15.768988],[-48.125114,-15.769174],[-48.125198,-15.769349],[-48.125136,-15.769467],[-48.124826,-15.769845],[-48.124629,-15.769924],[-48.12433,-15.769901],[-48.124161,-15.769963],[-48.124059,-15.769918],[-48.123873,-15.769935],[-48.123783,-15.770003],[-48.123654,-15.769986],[-48.123569,-15.769935],[-48.123372,-15.769569],[-48.123253,-15.769501],[-48.123073,-15.769495],[-48.122751,-15.76958],[-48.122492,-15.769856],[-48.122131,-15.769952],[-48.121861,-15.769969],[-48.12177,-15.76993],[-48.121641,-15.769958],[-48.121466,-15.770093],[-48.121359,-15.77007],[-48.121285,-15.770003],[-48.121,-15.769985],[-48.120946,-15.770094],[-48.120983,-15.770215],[-48.120854,-15.770422],[-48.120854,-15.770669],[-48.120739,-15.770802],[-48.120378,-15.770935],[-48.120255,-15.77103],[-48.120036,-15.77104],[-48.119922,-15.770992],[-48.119817,-15.770859],[-48.119228,-15.770698],[-48.118981,-15.770679],[-48.118325,-15.770812],[-48.117954,-15.770983],[-48.117583,-15.771011],[-48.117041,-15.771164],[-48.116433,-15.770973],[-48.116062,-15.771068],[-48.115406,-15.771145],[-48.114883,-15.771344],[-48.114731,-15.771316],[-48.114178,-15.771444],[-48.113332,-15.770869],[-48.112735,-15.770774],[-48.112316,-15.770527],[-48.111901,-15.770414],[-48.108338,-15.790249],[-48.111,-15.793995],[-48.111171,-15.793912],[-48.111376,-15.793883],[-48.111637,-15.793961],[-48.112436,-15.794526],[-48.11238,-15.794592],[-48.112374,-15.794599],[-48.111513,-15.795676],[-48.110876,-15.796486],[-48.108519,-15.799566],[-48.107617,-15.798903],[-48.102298,-15.805894],[-48.101744,-15.8055],[-48.10145,-15.805468],[-48.09812,-15.809804],[-48.096826,-15.811752],[-48.096251,-15.812617],[-48.096111,-15.812781],[-48.095987,-15.813019],[-48.095135,-15.814694],[-48.094454,-15.816307],[-48.094231,-15.816925],[-48.094015,-15.816853],[-48.093154,-15.819098],[-48.093386,-15.819179],[-48.092506,-15.821441],[-48.093384,-15.821764],[-48.093072,-15.822558],[-48.092731,-15.823424],[-48.092405,-15.824256],[-48.09224,-15.824675],[-48.087941,-15.835595],[-48.087864,-15.83579],[-48.08845,-15.835965],[-48.090407,-15.836618],[-48.090767,-15.83674],[-48.09329,-15.837569],[-48.088638,-15.852089],[-48.088802,-15.852187],[-48.089357,-15.85247],[-48.090701,-15.852595],[-48.091142,-15.852765],[-48.091532,-15.853096],[-48.091792,-15.853383],[-48.092361,-15.853402],[-48.092876,-15.853238],[-48.09318,-15.853207],[-48.093391,-15.853289],[-48.093795,-15.853659],[-48.094928,-15.853745],[-48.095563,-15.853907],[-48.096027,-15.854234],[-48.096528,-15.85467],[-48.096761,-15.854677],[-48.097015,-15.854623],[-48.097245,-15.85475],[-48.097801,-15.855075],[-48.098323,-15.855335],[-48.098861,-15.855359],[-48.099065,-15.855244],[-48.099246,-15.855179],[-48.099471,-15.855341],[-48.099548,-15.855688],[-48.099703,-15.855833],[-48.099898,-15.855938],[-48.100312,-15.856169],[-48.100655,-15.856432],[-48.100977,-15.856327],[-48.101608,-15.856565],[-48.101846,-15.856463],[-48.102034,-15.856479],[-48.102157,-15.856649],[-48.102433,-15.857114],[-48.102628,-15.857352],[-48.102862,-15.85743],[-48.103031,-15.857367],[-48.103148,-15.857284],[-48.103415,-15.857091],[-48.103668,-15.857035],[-48.103933,-15.857021],[-48.104326,-15.857188],[-48.1048,-15.857384],[-48.105258,-15.85733],[-48.105538,-15.857303],[-48.105718,-15.857506],[-48.105828,-15.857925],[-48.105941,-15.858127],[-48.106202,-15.858379],[-48.106491,-15.858541],[-48.107008,-15.858739]]]}},{"type":"Feature","properties":{"nome":"Cruzeiro","osm_id":3359467},"geometry":{"type":"Polygon","coordinates":[[[-47.946175,-15.800173],[-47.945972,-15.800243],[-47.94507,-15.800514],[-47.944198,-15.800788],[-47.943867,-15.800889],[-47.942937,-15.801179],[-47.942023,-15.801473],[-47.941972,-15.801489],[-47.941221,-15.801762],[-47.94112,-15.801819],[-47.940799,-15.802007],[-47.940711,-15.802077],[-47.940668,-15.802111],[-47.940427,-15.802295],[-47.94035,-15.802246],[-47.939718,-15.801858],[-47.938621,-15.801161],[-47.938534,-15.801119],[-47.937748,-15.800625],[-47.937256,-15.800313],[-47.936456,-15.799809],[-47.93637,-15.799763],[-47.935218,-15.79905],[-47.934387,-15.798519],[-47.933656,-15.798053],[-47.933479,-15.797941],[-47.933516,-15.792931],[-47.933431,-15.792323],[-47.932375,-15.789111],[-47.932127,-15.788571],[-47.930884,-15.784916],[-47.929293,-15.780126],[-47.929264,-15.780038],[-47.929279,-15.780034],[-47.938482,-15.777137],[-47.94136,-15.785798],[-47.94375,-15.792934],[-47.943792,-15.79306],[-47.944246,-15.794416],[-47.946175,-15.800173]]]}},{"type":"Feature","properties":{"nome":"Fercal","osm_id":3359468},"geometry":{"type":"Polygon","coordinates":[[[-47.86298,-15.622128],[-47.863587,-15.62271],[-47.864388,-15.623389],[-47.864842,-15.624125],[-47.865872,-15.625534],[-47.866021,-15.625693],[-47.866624,-15.626118],[-47.867633,-15.626517],[-47.867852,-15.626475],[-47.868229,-15.626173],[-47.868851,-15.625954],[-47.86908,-15.625948],[-47.86966,-15.626112],[-47.869942,-15.626103],[-47.870145,-15.625986],[-47.870301,-15.625656],[-47.870389,-15.625594],[-47.870557,-15.625565],[-47.87122,-15.625599],[-47.87156,-15.625452],[-47.871899,-15.625237],[-47.872163,-15.625141],[-47.872247,-15.625088],[-47.872342,-15.625021],[-47.872348,-15.624896],[-47.872252,-15.624685],[-47.872286,-15.62451],[-47.872433,-15.624448],[-47.872866,-15.624326],[-47.873113,-15.624379],[-47.873874,-15.624597],[-47.874059,-15.624543],[-47.874186,-15.624411],[-47.87415,-15.624226],[-47.874041,-15.62406],[-47.873411,-15.623824],[-47.873322,-15.623683],[-47.873561,-15.62312],[-47.873629,-15.622937],[-47.873668,-15.622833],[-47.87367,-15.622827],[-47.873801,-15.622599],[-47.873912,-15.622592],[-47.874243,-15.622841],[-47.874496,-15.622968],[-47.874916,-15.62292],[-47.875205,-15.622675],[-47.875342,-15.622288],[-47.875359,-15.62202],[-47.87509,-15.621669],[-47.874909,-15.621508],[-47.874835,-15.621229],[-47.874906,-15.621085],[-47.875028,-15.621032],[-47.875533,-15.62109],[-47.875952,-15.621114],[-47.876128,-15.620967],[-47.876154,-15.620371],[-47.876003,-15.619496],[-47.875737,-15.619075],[-47.875771,-15.618829],[-47.875906,-15.61856],[-47.875911,-15.618285],[-47.875721,-15.617908],[-47.875385,-15.6176],[-47.875183,-15.617097],[-47.875227,-15.616523],[-47.875628,-15.616039],[-47.876062,-15.615728],[-47.876202,-15.61549],[-47.876173,-15.615189],[-47.875824,-15.614877],[-47.875531,-15.614788],[-47.875208,-15.614604],[-47.874853,-15.614244],[-47.874868,-15.614008],[-47.875442,-15.613592],[-47.875578,-15.613281],[-47.875522,-15.613032],[-47.87539,-15.612838],[-47.875388,-15.61282],[-47.87538,-15.612768],[-47.875372,-15.612714],[-47.875291,-15.612164],[-47.875342,-15.611617],[-47.875473,-15.611463],[-47.875868,-15.611448],[-47.876061,-15.611271],[-47.876075,-15.610935],[-47.87567,-15.610653],[-47.875489,-15.610362],[-47.875568,-15.610224],[-47.875758,-15.610129],[-47.875872,-15.609814],[-47.875833,-15.609478],[-47.875903,-15.609278],[-47.876039,-15.609203],[-47.876173,-15.609357],[-47.876195,-15.609469],[-47.876422,-15.609574],[-47.876748,-15.609504],[-47.876907,-15.60898],[-47.87711,-15.608843],[-47.877662,-15.608845],[-47.878998,-15.609316],[-47.879237,-15.609123],[-47.879241,-15.608908],[-47.878948,-15.608519],[-47.879071,-15.608265],[-47.879576,-15.607721],[-47.880143,-15.607356],[-47.880291,-15.607115],[-47.880425,-15.606731],[-47.880308,-15.606063],[-47.879827,-15.605614],[-47.879283,-15.605498],[-47.878838,-15.605524],[-47.878664,-15.605437],[-47.878577,-15.605256],[-47.878705,-15.604893],[-47.878935,-15.604621],[-47.879404,-15.604429],[-47.879887,-15.604406],[-47.880262,-15.604467],[-47.880632,-15.60449],[-47.881139,-15.60458],[-47.881346,-15.604544],[-47.881417,-15.604404],[-47.881319,-15.604233],[-47.881439,-15.604021],[-47.881783,-15.603975],[-47.882537,-15.603915],[-47.883385,-15.603718],[-47.884185,-15.603346],[-47.884573,-15.602695],[-47.884937,-15.601476],[-47.884821,-15.60093],[-47.884812,-15.600505],[-47.884917,-15.60017],[-47.885107,-15.60018],[-47.885366,-15.600263],[-47.88566,-15.600169],[-47.885947,-15.599414],[-47.88592,-15.598587],[-47.886063,-15.598391],[-47.887004,-15.59815],[-47.887969,-15.597687],[-47.888589,-15.597231],[-47.888622,-15.596692],[-47.888422,-15.596363],[-47.888081,-15.596095],[-47.887861,-15.595739],[-47.887921,-15.59543],[-47.888277,-15.593213],[-47.88905,-15.593447],[-47.889516,-15.593486],[-47.88997,-15.593456],[-47.890478,-15.593304],[-47.891164,-15.592964],[-47.894989,-15.590734],[-47.895628,-15.590396],[-47.895913,-15.590306],[-47.896237,-15.590327],[-47.896527,-15.590407],[-47.896807,-15.590569],[-47.9001,-15.593319],[-47.900519,-15.593567],[-47.901013,-15.593779],[-47.901579,-15.593903],[-47.902071,-15.593921],[-47.903078,-15.593857],[-47.91383,-15.59124],[-47.924602,-15.587653],[-47.925562,-15.587251],[-47.92633,-15.586831],[-47.927884,-15.585427],[-47.930004,-15.583301],[-47.926099,-15.58267],[-47.9172,-15.584703],[-47.895377,-15.581658],[-47.866704,-15.557437],[-47.852639,-15.553346],[-47.843332,-15.551504],[-47.835957,-15.544947],[-47.818896,-15.544955],[-47.814374,-15.546931],[-47.8121,-15.551578],[-47.811701,-15.558818],[-47.84628,-15.575418],[-47.850238,-15.585515],[-47.854997,-15.593746],[-47.855057,-15.599304],[-47.860307,-15.614572],[-47.857982,-15.618681],[-47.8562,-15.620857],[-47.858159,-15.622148],[-47.85969,-15.621999],[-47.860685,-15.622008],[-47.861196,-15.621749],[-47.86244,-15.621961],[-47.86298,-15.622128]]]}},{"type":"Feature","properties":{"nome":"Gama","osm_id":3359469},"geometry":{"type":"Polygon","coordinates":[[[-48.243243,-15.973009],[-48.24332,-15.972819],[-48.243425,-15.972799],[-48.243939,-15.973035],[-48.244111,-15.973204],[-48.244275,-15.973238],[-48.244347,-15.97321],[-48.244598,-15.972718],[-48.245108,-15.972476],[-48.245393,-15.972264],[-48.245795,-15.972204],[-48.246076,-15.972317],[-48.246042,-15.97257],[-48.245793,-15.972818],[-48.245734,-15.972963],[-48.245742,-15.97308],[-48.245855,-15.973187],[-48.246011,-15.973211],[-48.246144,-15.973354],[-48.2461,-15.973544],[-48.246159,-15.973643],[-48.246429,-15.973756],[-48.246645,-15.973906],[-48.246419,-15.974352],[-48.246451,-15.974406],[-48.246851,-15.974363],[-48.246934,-15.974443],[-48.247078,-15.975073],[-48.247349,-15.975457],[-48.247541,-15.9755],[-48.248383,-15.975478],[-48.248462,-15.975531],[-48.248464,-15.975639],[-48.248594,-15.975646],[-48.248716,-15.975635],[-48.248808,-15.975535],[-48.249178,-15.975466],[-48.249726,-15.975557],[-48.250187,-15.975532],[-48.250485,-15.975609],[-48.250648,-15.975732],[-48.251212,-15.975543],[-48.251469,-15.975603],[-48.251659,-15.975943],[-48.251761,-15.976005],[-48.25225,-15.976006],[-48.252362,-15.975959],[-48.253584,-15.975824],[-48.253727,-15.975867],[-48.253898,-15.975999],[-48.253985,-15.976079],[-48.254024,-15.976205],[-48.253953,-15.976296],[-48.253701,-15.976409],[-48.253559,-15.976537],[-48.253534,-15.97679],[-48.253593,-15.976916],[-48.253768,-15.977085],[-48.25399,-15.977099],[-48.254268,-15.976933],[-48.254408,-15.976921],[-48.254995,-15.977003],[-48.255281,-15.977215],[-48.255504,-15.97723],[-48.255813,-15.97718],[-48.256148,-15.977004],[-48.256573,-15.977006],[-48.256841,-15.977165],[-48.257164,-15.977467],[-48.257542,-15.977605],[-48.258748,-15.978291],[-48.259176,-15.97842],[-48.259363,-15.978399],[-48.259479,-15.97852],[-48.259698,-15.978623],[-48.259883,-15.978626],[-48.260041,-15.978658],[-48.260332,-15.978724],[-48.260519,-15.97884],[-48.260596,-15.978918],[-48.260658,-15.979024],[-48.26063,-15.979135],[-48.260525,-15.979281],[-48.260424,-15.979567],[-48.260273,-15.979819],[-48.260112,-15.98005],[-48.259906,-15.980201],[-48.25966,-15.980238],[-48.259415,-15.980266],[-48.259194,-15.980257],[-48.258917,-15.980261],[-48.258781,-15.980336],[-48.258635,-15.980638],[-48.258485,-15.98116],[-48.25848,-15.981346],[-48.258546,-15.981485],[-48.258623,-15.981559],[-48.259078,-15.982165],[-48.259078,-15.982316],[-48.259032,-15.982416],[-48.258834,-15.982634],[-48.258661,-15.982763],[-48.258238,-15.983086],[-48.258181,-15.983179],[-48.258166,-15.983294],[-48.258234,-15.983391],[-48.258349,-15.983456],[-48.258498,-15.983511],[-48.258723,-15.983626],[-48.258824,-15.983682],[-48.259055,-15.983825],[-48.259158,-15.983928],[-48.259243,-15.984184],[-48.259299,-15.984566],[-48.259399,-15.984712],[-48.259597,-15.984743],[-48.259732,-15.984748],[-48.259914,-15.984743],[-48.260255,-15.984785],[-48.260911,-15.984958],[-48.261086,-15.984983],[-48.261258,-15.985039],[-48.261398,-15.98509],[-48.261542,-15.985154],[-48.261681,-15.985283],[-48.261806,-15.985463],[-48.261907,-15.985671],[-48.261964,-15.985879],[-48.262108,-15.98634],[-48.262324,-15.987485],[-48.262555,-15.988108],[-48.262708,-15.98839],[-48.2628,-15.988565],[-48.262843,-15.988708],[-48.262857,-15.988847],[-48.262833,-15.988976],[-48.26273,-15.989294],[-48.262651,-15.989433],[-48.262555,-15.989525],[-48.262497,-15.989562],[-48.262377,-15.989599],[-48.262219,-15.989562],[-48.261993,-15.989419],[-48.261826,-15.989389],[-48.26171,-15.989396],[-48.261619,-15.989465],[-48.26159,-15.989557],[-48.261635,-15.989721],[-48.261753,-15.989973],[-48.261902,-15.99019],[-48.261988,-15.99043],[-48.262089,-15.990656],[-48.262214,-15.990873],[-48.262843,-15.991768],[-48.262929,-15.991856],[-48.263016,-15.991925],[-48.263424,-15.992096],[-48.263573,-15.992151],[-48.263866,-15.992318],[-48.263952,-15.992401],[-48.263966,-15.992511],[-48.263926,-15.992685],[-48.263736,-15.992904],[-48.263554,-15.993093],[-48.263361,-15.993254],[-48.263126,-15.993614],[-48.263016,-15.993841],[-48.262708,-15.994279],[-48.26267,-15.994371],[-48.262593,-15.994464],[-48.262564,-15.994644],[-48.262569,-15.994837],[-48.262908,-15.995366],[-48.263607,-15.99614],[-48.263819,-15.996294],[-48.264077,-15.996401],[-48.264778,-15.99639],[-48.265035,-15.996505],[-48.265239,-15.996658],[-48.265406,-15.996869],[-48.265462,-15.997137],[-48.265495,-15.997902],[-48.266119,-15.99841],[-48.266197,-15.998663],[-48.266234,-15.999301],[-48.266194,-16.000378],[-48.266175,-16.000898],[-48.266223,-16.001255],[-48.266389,-16.001343],[-48.266619,-16.001343],[-48.266936,-16.001152],[-48.267274,-16.000915],[-48.267617,-16.001085],[-48.267864,-16.001157],[-48.267767,-16.001493],[-48.267816,-16.001871],[-48.267955,-16.001972],[-48.268202,-16.002049],[-48.268738,-16.00222],[-48.268885,-16.002517],[-48.269179,-16.00303],[-48.26958,-16.003587],[-48.269996,-16.00404],[-48.270029,-16.004229],[-48.269791,-16.004909],[-48.269747,-16.005269],[-48.269791,-16.005473],[-48.269921,-16.005692],[-48.270464,-16.006275],[-48.270664,-16.006617],[-48.27098,-16.007382],[-48.271091,-16.00792],[-48.271477,-16.008269],[-48.272309,-16.008737],[-48.272435,-16.008923],[-48.272428,-16.009105],[-48.27235,-16.009283],[-48.272112,-16.009368],[-48.271596,-16.009428],[-48.271385,-16.009491],[-48.271344,-16.009651],[-48.271559,-16.010137],[-48.271982,-16.010709],[-48.272157,-16.011032],[-48.272244,-16.012201],[-48.272279,-16.01267],[-48.272246,-16.013553],[-48.272127,-16.013843],[-48.271561,-16.014227],[-48.271307,-16.014448],[-48.271203,-16.014604],[-48.271184,-16.014764],[-48.271221,-16.01489],[-48.271689,-16.015158],[-48.271748,-16.015306],[-48.271667,-16.015462],[-48.270898,-16.015774],[-48.270285,-16.016409],[-48.2702,-16.016732],[-48.270211,-16.017055],[-48.270021,-16.018527],[-48.270029,-16.018876],[-48.270197,-16.019143],[-48.27057,-16.019557],[-48.270673,-16.019787],[-48.270681,-16.019922],[-48.270287,-16.020833],[-48.270332,-16.021444],[-48.27025,-16.021576],[-48.270041,-16.021764],[-48.269918,-16.021994],[-48.269906,-16.022306],[-48.270193,-16.022577],[-48.27078,-16.022942],[-48.270923,-16.023389],[-48.271075,-16.023496],[-48.272355,-16.023783],[-48.272462,-16.023877],[-48.272523,-16.024082],[-48.272499,-16.024521],[-48.272429,-16.024648],[-48.272265,-16.024755],[-48.272109,-16.024792],[-48.271498,-16.024817],[-48.271288,-16.025079],[-48.27126,-16.025272],[-48.27137,-16.02535],[-48.27185,-16.025379],[-48.272047,-16.025457],[-48.272191,-16.025629],[-48.272179,-16.025814],[-48.272043,-16.026031],[-48.271801,-16.026622],[-48.271461,-16.02702],[-48.271416,-16.027344],[-48.271785,-16.027369],[-48.271994,-16.027426],[-48.272195,-16.027619],[-48.272425,-16.029075],[-48.272585,-16.029301],[-48.272675,-16.029518],[-48.272765,-16.030101],[-48.27297,-16.030528],[-48.272966,-16.030762],[-48.272868,-16.030917],[-48.271941,-16.031541],[-48.271891,-16.031767],[-48.272084,-16.031972],[-48.272609,-16.032234],[-48.272995,-16.032563],[-48.273208,-16.033059],[-48.273697,-16.033576],[-48.27416,-16.034372],[-48.274205,-16.034569],[-48.274111,-16.034856],[-48.273628,-16.035051],[-48.27338,-16.03524],[-48.273383,-16.035403],[-48.273486,-16.03565],[-48.273631,-16.035866],[-48.2742,-16.036179],[-48.274497,-16.036262],[-48.275037,-16.036318],[-48.275389,-16.036418],[-48.275873,-16.036914],[-48.276049,-16.037462],[-48.277081,-16.038918],[-48.277194,-16.039167],[-48.277244,-16.039486],[-48.277273,-16.039673],[-48.276973,-16.040573],[-48.276931,-16.04092],[-48.276964,-16.041098],[-48.277264,-16.041365],[-48.277555,-16.041449],[-48.278211,-16.041346],[-48.27837,-16.041374],[-48.278501,-16.041538],[-48.27859,-16.041796],[-48.278581,-16.042129],[-48.277532,-16.043985],[-48.27754,-16.044238],[-48.277719,-16.044461],[-48.277914,-16.044549],[-48.278476,-16.044563],[-48.278617,-16.044658],[-48.278665,-16.044847],[-48.278495,-16.045275],[-48.278272,-16.04564],[-48.277877,-16.046755],[-48.277785,-16.04714],[-48.277846,-16.047738],[-48.277735,-16.048113],[-48.277552,-16.048478],[-48.277481,-16.048924],[-48.277492,-16.049167],[-48.27793,-16.049725],[-48.27824,-16.049959],[-48.27848,-16.050261],[-48.190092,-16.050268],[-48.101731,-16.050261],[-48.10115,-16.049703],[-48.098981,-16.049704],[-48.09708,-16.049698],[-48.092343,-16.049705],[-48.088971,-16.049669],[-48.087836,-16.049657],[-48.088033,-16.050287],[-48.08524,-16.050232],[-48.084857,-16.049819],[-48.08469,-16.049566],[-48.084487,-16.048984],[-48.084159,-16.048736],[-48.083977,-16.048555],[-48.083886,-16.048419],[-48.083693,-16.048396],[-48.083545,-16.048357],[-48.083435,-16.048244],[-48.083401,-16.048123],[-48.083392,-16.047909],[-48.083435,-16.047537],[-48.083403,-16.047301],[-48.083328,-16.047156],[-48.083229,-16.04687],[-48.083156,-16.046757],[-48.083089,-16.046625],[-48.08299,-16.046584],[-48.082827,-16.046625],[-48.082556,-16.046752],[-48.082019,-16.046911],[-48.081581,-16.046911],[-48.081236,-16.046762],[-48.080137,-16.046492],[-48.079658,-16.046224],[-48.079453,-16.04565],[-48.079324,-16.045702],[-48.079061,-16.045808],[-48.078805,-16.046124],[-48.0787,-16.046356],[-48.078354,-16.046474],[-48.077953,-16.046373],[-48.077624,-16.046128],[-48.076954,-16.046075],[-48.076133,-16.046597],[-48.075576,-16.046917],[-48.075234,-16.047378],[-48.075134,-16.047513],[-48.074746,-16.047539],[-48.074203,-16.047811],[-48.073916,-16.048258],[-48.073857,-16.04885],[-48.073907,-16.049065],[-48.073506,-16.049297],[-48.072835,-16.049082],[-48.071795,-16.049275],[-48.071344,-16.049551],[-48.070929,-16.050134],[-48.070746,-16.050415],[-48.070322,-16.050559],[-48.069533,-16.050287],[-48.068361,-16.049919],[-48.067836,-16.049643],[-48.067353,-16.0497],[-48.066938,-16.049608],[-48.066308,-16.049683],[-48.065735,-16.049847],[-48.065688,-16.049656],[-48.058061,-16.049602],[-48.057348,-16.049682],[-48.054446,-16.049691],[-48.053984,-16.049769],[-48.051227,-16.049769],[-48.049866,-16.049694],[-48.048866,-16.049785],[-48.048583,-16.049945],[-48.048565,-16.049955],[-48.048542,-16.049969],[-48.048449,-16.049967],[-48.038659,-16.049999],[-48.038588,-16.049999],[-48.038549,-16.049957],[-48.037183,-16.048495],[-48.037898,-16.04821],[-48.038845,-16.047625],[-48.039816,-16.046886],[-48.040503,-16.046182],[-48.040696,-16.045979],[-48.047148,-16.037355],[-48.047677,-16.036797],[-48.048294,-16.03635],[-48.048827,-16.03609],[-48.049839,-16.035876],[-48.050759,-16.035879],[-48.051631,-16.036106],[-48.052628,-16.036594],[-48.053988,-16.03743],[-48.054101,-16.037267],[-48.054104,-16.037009],[-48.053865,-16.03648],[-48.053558,-16.036222],[-48.053409,-16.035619],[-48.05285,-16.03504],[-48.052371,-16.034198],[-48.052223,-16.033812],[-48.051824,-16.033457],[-48.051595,-16.033108],[-48.051443,-16.032613],[-48.051177,-16.032021],[-48.050849,-16.030879],[-48.050056,-16.030457],[-48.049589,-16.029922],[-48.049522,-16.029553],[-48.049301,-16.02924],[-48.049324,-16.029059],[-48.049514,-16.028632],[-48.049372,-16.028426],[-48.04917,-16.028402],[-48.049139,-16.028285],[-48.04925,-16.027796],[-48.049244,-16.027606],[-48.049074,-16.027428],[-48.048681,-16.027181],[-48.048486,-16.027138],[-48.048279,-16.027187],[-48.048166,-16.027098],[-48.048049,-16.02682],[-48.047982,-16.026089],[-48.047892,-16.026],[-48.047779,-16.025514],[-48.047432,-16.025104],[-48.047133,-16.024846],[-48.046959,-16.024451],[-48.046485,-16.023907],[-48.046164,-16.023099],[-48.045914,-16.022724],[-48.045734,-16.021904],[-48.045657,-16.020849],[-48.045406,-16.020509],[-48.044912,-16.020146],[-48.043956,-16.019708],[-48.043674,-16.019514],[-48.043288,-16.0196],[-48.043008,-16.019875],[-48.042811,-16.01977],[-48.042526,-16.019792],[-48.042252,-16.019669],[-48.042046,-16.019663],[-48.041354,-16.020007],[-48.040793,-16.020114],[-48.040693,-16.020233],[-48.040564,-16.020298],[-48.040444,-16.020282],[-48.040179,-16.020096],[-48.040076,-16.020107],[-48.039922,-16.020307],[-48.039816,-16.020309],[-48.039611,-16.02014],[-48.03951,-16.019952],[-48.039347,-16.01981],[-48.039287,-16.019648],[-48.039142,-16.019461],[-48.038663,-16.019052],[-48.038283,-16.018832],[-48.038016,-16.018456],[-48.037565,-16.018156],[-48.037313,-16.017879],[-48.036926,-16.017686],[-48.036358,-16.017324],[-48.0363,-16.017225],[-48.035743,-16.016836],[-48.0351,-16.016014],[-48.034563,-16.015877],[-48.033989,-16.015362],[-48.033556,-16.014899],[-48.032843,-16.014584],[-48.032347,-16.014229],[-48.032094,-16.01379],[-48.031891,-16.013324],[-48.03163,-16.013192],[-48.031461,-16.012806],[-48.030744,-16.012365],[-48.030546,-16.012079],[-48.03044,-16.012026],[-48.030224,-16.012029],[-48.030077,-16.011941],[-48.02979,-16.011484],[-48.029732,-16.011133],[-48.029607,-16.010909],[-48.029348,-16.01071],[-48.028987,-16.010511],[-48.028454,-16.010375],[-48.028377,-16.010312],[-48.028282,-16.01016],[-48.028187,-16.009746],[-48.028138,-16.009684],[-48.027668,-16.00941],[-48.027349,-16.009036],[-48.0268,-16.008547],[-48.026508,-16.008388],[-48.026258,-16.008428],[-48.026161,-16.008366],[-48.025952,-16.008098],[-48.025681,-16.007894],[-48.024559,-16.007188],[-48.023594,-16.006696],[-48.023356,-16.006491],[-48.023114,-16.006179],[-48.022765,-16.006012],[-48.022481,-16.005799],[-48.022242,-16.005694],[-48.021852,-16.005438],[-48.021416,-16.004984],[-48.021039,-16.004422],[-48.020822,-16.004098],[-48.020547,-16.003858],[-48.020271,-16.003708],[-48.019804,-16.003543],[-48.019289,-16.003208],[-48.019191,-16.003119],[-48.019146,-16.002939],[-48.018994,-16.002814],[-48.018802,-16.002754],[-48.018552,-16.002857],[-48.018434,-16.002849],[-48.018148,-16.0027],[-48.018064,-16.002611],[-48.017906,-16.002089],[-48.017787,-16.001892],[-48.016341,-16.000585],[-48.016101,-16.000173],[-48.015017,-15.999448],[-48.014553,-15.999328],[-48.013965,-15.999066],[-48.013449,-15.998495],[-48.013302,-15.998172],[-48.013296,-15.997937],[-48.012912,-15.997906],[-48.012854,-15.997691],[-48.012566,-15.997776],[-48.012421,-15.997706],[-48.012238,-15.997392],[-48.011801,-15.997227],[-48.011219,-15.996332],[-48.011229,-15.995862],[-48.011093,-15.995521],[-48.011018,-15.995025],[-48.010868,-15.994603],[-48.010809,-15.994098],[-48.010536,-15.993208],[-48.010349,-15.992019],[-48.010009,-15.991084],[-48.009656,-15.990412],[-48.008572,-15.988992],[-48.008345,-15.988399],[-48.008205,-15.988184],[-48.008048,-15.98806],[-48.007716,-15.987496],[-48.007048,-15.986087],[-48.004571,-15.977986],[-48.004524,-15.977831],[-48.00575,-15.977562],[-48.007744,-15.976941],[-48.009455,-15.976238],[-48.01086,-15.975529],[-48.012375,-15.974587],[-48.013834,-15.973527],[-48.01475,-15.972751],[-48.015808,-15.971711],[-48.019231,-15.967861],[-48.020717,-15.966103],[-48.024331,-15.961822],[-48.038281,-15.945293],[-48.039935,-15.948077],[-48.041147,-15.949508],[-48.041995,-15.950266],[-48.042894,-15.950943],[-48.043923,-15.951567],[-48.044704,-15.951917],[-48.048082,-15.953008],[-48.048862,-15.95315],[-48.049837,-15.953221],[-48.051487,-15.953158],[-48.053076,-15.952828],[-48.054816,-15.952143],[-48.06155,-15.948004],[-48.062037,-15.947859],[-48.063029,-15.947275],[-48.074727,-15.940003],[-48.076808,-15.938955],[-48.077681,-15.938775],[-48.077675,-15.933618],[-48.077603,-15.929529],[-48.078093,-15.929352],[-48.078319,-15.929159],[-48.078466,-15.928877],[-48.078607,-15.928712],[-48.079485,-15.92823],[-48.0813,-15.926976],[-48.08151,-15.926757],[-48.081728,-15.926645],[-48.081915,-15.926615],[-48.083317,-15.927363],[-48.083639,-15.927458],[-48.084696,-15.92728],[-48.085341,-15.927009],[-48.086563,-15.927009],[-48.086739,-15.926935],[-48.087311,-15.92634],[-48.087198,-15.925935],[-48.08718,-15.925655],[-48.087295,-15.925428],[-48.088122,-15.925615],[-48.088512,-15.925537],[-48.088815,-15.925686],[-48.089037,-15.925502],[-48.089149,-15.925492],[-48.089295,-15.925643],[-48.089633,-15.92571],[-48.089916,-15.925842],[-48.090147,-15.925875],[-48.090268,-15.925954],[-48.090406,-15.926169],[-48.090711,-15.926453],[-48.090874,-15.92674],[-48.090958,-15.927037],[-48.091212,-15.927593],[-48.091527,-15.928004],[-48.091746,-15.928461],[-48.092059,-15.928953],[-48.092229,-15.929474],[-48.092447,-15.929625],[-48.092784,-15.929584],[-48.092887,-15.929637],[-48.093622,-15.930375],[-48.093855,-15.930742],[-48.094001,-15.931661],[-48.094521,-15.932232],[-48.094645,-15.93232],[-48.095053,-15.932368],[-48.09559,-15.932654],[-48.095874,-15.932808],[-48.096391,-15.932909],[-48.09662,-15.933366],[-48.096773,-15.933554],[-48.097329,-15.933708],[-48.098306,-15.934389],[-48.098488,-15.934531],[-48.098904,-15.935076],[-48.099187,-15.935261],[-48.099498,-15.93542],[-48.099885,-15.935459],[-48.100082,-15.935529],[-48.100205,-15.935861],[-48.101064,-15.936688],[-48.101364,-15.936892],[-48.1019,-15.937064],[-48.102145,-15.937223],[-48.102544,-15.937958],[-48.103069,-15.939386],[-48.103497,-15.940066],[-48.103541,-15.940309],[-48.103419,-15.940898],[-48.103555,-15.941149],[-48.103859,-15.942011],[-48.104531,-15.942309],[-48.104945,-15.942628],[-48.105147,-15.942896],[-48.10524,-15.943102],[-48.105375,-15.944048],[-48.10547,-15.944236],[-48.105599,-15.944307],[-48.106414,-15.944521],[-48.106485,-15.94461],[-48.106758,-15.945382],[-48.107132,-15.945792],[-48.107419,-15.946411],[-48.107708,-15.946714],[-48.108251,-15.947058],[-48.108285,-15.947121],[-48.108249,-15.947347],[-48.108306,-15.947464],[-48.108779,-15.947755],[-48.108945,-15.947924],[-48.10905,-15.94813],[-48.109052,-15.948483],[-48.109085,-15.948527],[-48.109739,-15.948996],[-48.110412,-15.949284],[-48.110604,-15.949426],[-48.111113,-15.950114],[-48.111344,-15.950562],[-48.11184,-15.950916],[-48.11213,-15.951372],[-48.112241,-15.951407],[-48.112476,-15.951367],[-48.112811,-15.951489],[-48.112927,-15.951478],[-48.113395,-15.951219],[-48.114086,-15.951064],[-48.114471,-15.951257],[-48.114654,-15.951399],[-48.11522,-15.952014],[-48.11541,-15.952075],[-48.115787,-15.952069],[-48.115884,-15.952122],[-48.115987,-15.952427],[-48.116187,-15.952506],[-48.116431,-15.952791],[-48.116524,-15.952844],[-48.116632,-15.952842],[-48.116773,-15.952669],[-48.116908,-15.952604],[-48.117011,-15.952674],[-48.11719,-15.952988],[-48.1173,-15.95304],[-48.117399,-15.953021],[-48.117394,-15.952949],[-48.117489,-15.952767],[-48.117606,-15.952765],[-48.118207,-15.953388],[-48.118579,-15.953636],[-48.118875,-15.953695],[-48.119651,-15.953638],[-48.120079,-15.953722],[-48.120119,-15.953857],[-48.120035,-15.953913],[-48.119912,-15.953905],[-48.119807,-15.954006],[-48.120234,-15.954614],[-48.120324,-15.954694],[-48.120527,-15.954736],[-48.121224,-15.954735],[-48.121138,-15.955016],[-48.121259,-15.955367],[-48.121607,-15.955325],[-48.121901,-15.955375],[-48.122067,-15.955526],[-48.122383,-15.956018],[-48.122591,-15.956611],[-48.122644,-15.957477],[-48.122884,-15.958115],[-48.122856,-15.958269],[-48.122537,-15.959032],[-48.122423,-15.959052],[-48.122236,-15.958865],[-48.122117,-15.958857],[-48.122016,-15.958979],[-48.121948,-15.959125],[-48.121893,-15.95924],[-48.121865,-15.959683],[-48.121886,-15.959791],[-48.121996,-15.959898],[-48.122334,-15.959884],[-48.122558,-15.959943],[-48.122759,-15.960221],[-48.122791,-15.960346],[-48.122751,-15.960564],[-48.12235,-15.960985],[-48.122253,-15.961185],[-48.1228,-15.962269],[-48.122946,-15.962953],[-48.122995,-15.962998],[-48.12309,-15.962997],[-48.123115,-15.962779],[-48.123235,-15.962796],[-48.123368,-15.962965],[-48.123401,-15.96348],[-48.123475,-15.963795],[-48.123433,-15.964147],[-48.123117,-15.963926],[-48.123003,-15.963901],[-48.122962,-15.963947],[-48.12313,-15.964314],[-48.123142,-15.964621],[-48.123292,-15.964736],[-48.123766,-15.964892],[-48.123848,-15.964963],[-48.123856,-15.965342],[-48.124086,-15.965718],[-48.124083,-15.965817],[-48.123907,-15.965838],[-48.123486,-15.965763],[-48.123125,-15.965958],[-48.122836,-15.965881],[-48.122642,-15.96592],[-48.122547,-15.965993],[-48.12252,-15.96612],[-48.122578,-15.966345],[-48.122532,-15.966445],[-48.122089,-15.966776],[-48.121966,-15.966923],[-48.121967,-15.966995],[-48.122024,-15.967104],[-48.122234,-15.967505],[-48.122239,-15.967614],[-48.122187,-15.967723],[-48.121919,-15.967889],[-48.121856,-15.968017],[-48.121886,-15.968188],[-48.122105,-15.968618],[-48.122106,-15.968699],[-48.121154,-15.968993],[-48.120991,-15.968968],[-48.120812,-15.969007],[-48.120955,-15.969519],[-48.120929,-15.969718],[-48.120791,-15.969856],[-48.120498,-15.969996],[-48.120243,-15.970379],[-48.119755,-15.970945],[-48.119523,-15.971418],[-48.119355,-15.971619],[-48.119237,-15.97172],[-48.119,-15.971751],[-48.11907,-15.972048],[-48.118799,-15.972413],[-48.118952,-15.9727],[-48.118943,-15.972826],[-48.11881,-15.973009],[-48.118649,-15.973092],[-48.118426,-15.973312],[-48.118544,-15.973762],[-48.118304,-15.974018],[-48.118232,-15.974281],[-48.117957,-15.974601],[-48.117576,-15.974923],[-48.11754,-15.975193],[-48.121577,-15.9794],[-48.133149,-15.956776],[-48.133696,-15.955827],[-48.134673,-15.954888],[-48.135114,-15.95461],[-48.14247,-15.951298],[-48.142886,-15.951002],[-48.143265,-15.950526],[-48.143518,-15.949912],[-48.143566,-15.949339],[-48.143598,-15.94316],[-48.144072,-15.942905],[-48.144337,-15.942588],[-48.144684,-15.942483],[-48.144883,-15.942518],[-48.146082,-15.943195],[-48.147393,-15.943736],[-48.148707,-15.944629],[-48.149392,-15.945034],[-48.149868,-15.945253],[-48.150829,-15.9456],[-48.151595,-15.94623],[-48.151918,-15.946442],[-48.152558,-15.946667],[-48.153413,-15.946898],[-48.153484,-15.946852],[-48.156362,-15.936418],[-48.156424,-15.936381],[-48.156761,-15.936502],[-48.157191,-15.936388],[-48.157556,-15.9364],[-48.15799,-15.936466],[-48.158546,-15.936639],[-48.159526,-15.936995],[-48.161211,-15.93771],[-48.162485,-15.938522],[-48.162799,-15.938662],[-48.163689,-15.938884],[-48.16487,-15.939264],[-48.166281,-15.93964],[-48.166259,-15.939695],[-48.165387,-15.940168],[-48.164776,-15.940646],[-48.164189,-15.942118],[-48.164095,-15.942706],[-48.166631,-15.941296],[-48.170803,-15.939338],[-48.17306,-15.94724],[-48.184148,-15.946636],[-48.184725,-15.946799],[-48.185224,-15.947008],[-48.185432,-15.947167],[-48.186413,-15.947595],[-48.186645,-15.947637],[-48.187064,-15.947938],[-48.186931,-15.948599],[-48.186838,-15.948835],[-48.186633,-15.949136],[-48.1866,-15.949434],[-48.186738,-15.950931],[-48.187024,-15.952028],[-48.187119,-15.953598],[-48.187892,-15.955428],[-48.188083,-15.955723],[-48.188421,-15.956116],[-48.18849,-15.956259],[-48.188441,-15.956711],[-48.188898,-15.957264],[-48.189388,-15.958097],[-48.189676,-15.958372],[-48.190261,-15.958725],[-48.190475,-15.959028],[-48.190602,-15.959135],[-48.190813,-15.959691],[-48.191209,-15.959803],[-48.191341,-15.959927],[-48.191425,-15.960089],[-48.191527,-15.960141],[-48.191859,-15.960191],[-48.191921,-15.960434],[-48.192129,-15.960638],[-48.192127,-15.960719],[-48.192041,-15.960802],[-48.191823,-15.960877],[-48.192009,-15.961425],[-48.192098,-15.961469],[-48.192285,-15.961349],[-48.192395,-15.961356],[-48.19246,-15.961455],[-48.192496,-15.961788],[-48.19261,-15.962067],[-48.192576,-15.962473],[-48.192633,-15.962797],[-48.192565,-15.962952],[-48.192424,-15.963089],[-48.192559,-15.96334],[-48.19266,-15.963384],[-48.192774,-15.963355],[-48.193174,-15.96381],[-48.193594,-15.963812],[-48.193807,-15.963737],[-48.193749,-15.963485],[-48.194189,-15.963018],[-48.194362,-15.962988],[-48.194514,-15.963149],[-48.194682,-15.963137],[-48.194988,-15.962952],[-48.195135,-15.962733],[-48.195561,-15.962591],[-48.195781,-15.96266],[-48.196051,-15.962864],[-48.196833,-15.963187],[-48.196926,-15.963275],[-48.197312,-15.96336],[-48.197456,-15.963295],[-48.197572,-15.963302],[-48.197732,-15.963381],[-48.197953,-15.963583],[-48.198121,-15.963736],[-48.198405,-15.963894],[-48.198585,-15.963892],[-48.198687,-15.963836],[-48.198896,-15.963535],[-48.199204,-15.963341],[-48.199752,-15.963396],[-48.199822,-15.963323],[-48.199999,-15.962507],[-48.200682,-15.962172],[-48.200811,-15.962233],[-48.200942,-15.962475],[-48.201195,-15.96276],[-48.201441,-15.962712],[-48.201623,-15.962989],[-48.202155,-15.963152],[-48.20227,-15.963458],[-48.202371,-15.963528],[-48.20272,-15.963325],[-48.203197,-15.963318],[-48.203414,-15.963368],[-48.203632,-15.96351],[-48.20378,-15.963544],[-48.204415,-15.964211],[-48.204505,-15.964255],[-48.204876,-15.964241],[-48.205695,-15.964373],[-48.205834,-15.964226],[-48.205951,-15.964225],[-48.206148,-15.96433],[-48.206172,-15.964519],[-48.206253,-15.964545],[-48.206361,-15.964363],[-48.206691,-15.964222],[-48.206916,-15.964336],[-48.206886,-15.964608],[-48.206898,-15.964662],[-48.206969,-15.96467],[-48.207091,-15.964551],[-48.20723,-15.964305],[-48.207328,-15.964357],[-48.207457,-15.964608],[-48.207632,-15.964768],[-48.207858,-15.964828],[-48.20844,-15.964792],[-48.208552,-15.964854],[-48.208706,-15.965077],[-48.20893,-15.965092],[-48.209018,-15.965036],[-48.209132,-15.964827],[-48.209302,-15.96477],[-48.209631,-15.964883],[-48.210094,-15.964831],[-48.210188,-15.964866],[-48.210434,-15.96516],[-48.210519,-15.965195],[-48.210734,-15.965173],[-48.210914,-15.965053],[-48.211134,-15.965041],[-48.211237,-15.965094],[-48.211317,-15.965219],[-48.211508,-15.965676],[-48.211945,-15.96595],[-48.212364,-15.966079],[-48.212479,-15.966095],[-48.212572,-15.966058],[-48.212764,-15.965802],[-48.213236,-15.96592],[-48.21341,-15.965964],[-48.214571,-15.966082],[-48.214611,-15.966172],[-48.214348,-15.966519],[-48.214324,-15.966673],[-48.214559,-15.967111],[-48.214793,-15.967361],[-48.215226,-15.967508],[-48.215525,-15.967422],[-48.216153,-15.967395],[-48.21625,-15.967493],[-48.21622,-15.967583],[-48.216059,-15.967766],[-48.216109,-15.967838],[-48.216301,-15.967862],[-48.21645,-15.967715],[-48.216779,-15.9679],[-48.216959,-15.967888],[-48.217022,-15.967923],[-48.216987,-15.96805],[-48.217015,-15.968113],[-48.216876,-15.968223],[-48.216872,-15.968287],[-48.216939,-15.968367],[-48.217689,-15.968311],[-48.21782,-15.968336],[-48.217899,-15.968524],[-48.217836,-15.968778],[-48.217878,-15.968849],[-48.218264,-15.968952],[-48.218579,-15.96948],[-48.218688,-15.969478],[-48.218921,-15.96924],[-48.219046,-15.969184],[-48.21939,-15.969143],[-48.219584,-15.969185],[-48.219709,-15.969366],[-48.219812,-15.969516],[-48.219901,-15.96956],[-48.22027,-15.969527],[-48.220703,-15.969376],[-48.220779,-15.96942],[-48.221225,-15.970352],[-48.221315,-15.97045],[-48.221505,-15.970501],[-48.221918,-15.970504],[-48.22234,-15.970363],[-48.222596,-15.970413],[-48.222695,-15.970547],[-48.222803,-15.97059],[-48.222962,-15.970606],[-48.22314,-15.970558],[-48.223435,-15.970418],[-48.223486,-15.970318],[-48.223427,-15.970066],[-48.223499,-15.970038],[-48.223535,-15.969812],[-48.223633,-15.969702],[-48.223774,-15.969664],[-48.224499,-15.969879],[-48.224732,-15.970011],[-48.22478,-15.970353],[-48.224597,-15.970572],[-48.224627,-15.970762],[-48.224743,-15.970787],[-48.22513,-15.970871],[-48.225155,-15.971025],[-48.225243,-15.971159],[-48.225482,-15.971119],[-48.225632,-15.970963],[-48.225937,-15.97095],[-48.226149,-15.971064],[-48.226238,-15.971243],[-48.22638,-15.971349],[-48.226626,-15.97103],[-48.226872,-15.970899],[-48.227039,-15.970888],[-48.227293,-15.971056],[-48.227573,-15.970961],[-48.227792,-15.97094],[-48.228206,-15.97115],[-48.2284,-15.971202],[-48.228476,-15.971173],[-48.228501,-15.971065],[-48.228558,-15.971028],[-48.228867,-15.97096],[-48.229038,-15.970867],[-48.229113,-15.970776],[-48.22917,-15.970504],[-48.229275,-15.970448],[-48.229394,-15.970446],[-48.229667,-15.970551],[-48.229853,-15.97071],[-48.230335,-15.970902],[-48.230599,-15.970961],[-48.231104,-15.970926],[-48.231275,-15.971285],[-48.231487,-15.971498],[-48.23239,-15.971737],[-48.232609,-15.971879],[-48.232725,-15.971886],[-48.233014,-15.971665],[-48.233227,-15.971698],[-48.233387,-15.971822],[-48.233464,-15.97183],[-48.233782,-15.971699],[-48.234143,-15.971747],[-48.234305,-15.971709],[-48.234662,-15.971712],[-48.234893,-15.971754],[-48.235313,-15.972028],[-48.235455,-15.97198],[-48.235756,-15.971732],[-48.23618,-15.972005],[-48.236417,-15.972092],[-48.237158,-15.972298],[-48.237723,-15.972387],[-48.23789,-15.972413],[-48.238077,-15.972482],[-48.238196,-15.972472],[-48.238253,-15.972191],[-48.238444,-15.97171],[-48.238593,-15.97168],[-48.238794,-15.971777],[-48.238915,-15.971775],[-48.239545,-15.97107],[-48.240178,-15.970817],[-48.240268,-15.970879],[-48.240364,-15.971175],[-48.240262,-15.971384],[-48.240017,-15.971623],[-48.240195,-15.971855],[-48.240341,-15.971916],[-48.240508,-15.971922],[-48.240763,-15.971837],[-48.241042,-15.971625],[-48.241198,-15.971587],[-48.241318,-15.971621],[-48.241677,-15.972058],[-48.242937,-15.972536],[-48.242986,-15.972598],[-48.243038,-15.972886],[-48.243243,-15.973009]]]}},{"type":"Feature","properties":{"nome":"Guará","osm_id":3359470},"geometry":{"type":"Polygon","coordinates":[[[-48.020421,-15.821049],[-48.020048,-15.821586],[-48.01999,-15.821626],[-48.019897,-15.821595],[-48.019839,-15.821628],[-48.019654,-15.821573],[-48.019624,-15.821627],[-48.019652,-15.821659],[-48.01948,-15.821977],[-48.019396,-15.822001],[-48.019244,-15.821958],[-48.019139,-15.822073],[-48.019004,-15.822128],[-48.018888,-15.822085],[-48.018811,-15.821999],[-48.01879,-15.821832],[-48.01868,-15.821746],[-48.018082,-15.821738],[-48.017812,-15.821648],[-48.017617,-15.821651],[-48.016989,-15.821389],[-48.016936,-15.821384],[-48.016906,-15.821463],[-48.016831,-15.821483],[-48.016451,-15.82146],[-48.01627,-15.821375],[-48.016161,-15.821193],[-48.016079,-15.821138],[-48.015957,-15.821192],[-48.015687,-15.821219],[-48.015417,-15.821125],[-48.014928,-15.821097],[-48.014734,-15.821282],[-48.014418,-15.82129],[-48.013945,-15.821024],[-48.013861,-15.820841],[-48.013668,-15.820609],[-48.01337,-15.820715],[-48.013075,-15.820679],[-48.012854,-15.82056],[-48.012737,-15.820497],[-48.012421,-15.820213],[-48.01212,-15.820043],[-48.012036,-15.820035],[-48.01187,-15.820083],[-48.011646,-15.820003],[-48.010711,-15.822108],[-48.010664,-15.822088],[-48.003627,-15.819119],[-48.00369,-15.818934],[-48.003123,-15.818035],[-48.003015,-15.818151],[-48.003025,-15.818257],[-48.002909,-15.81839],[-48.002824,-15.818414],[-48.002533,-15.818295],[-48.002496,-15.818114],[-48.0021,-15.818093],[-48.001929,-15.818141],[-48.001854,-15.81811],[-48.001629,-15.817963],[-48.001489,-15.817786],[-48.00139,-15.817796],[-48.001359,-15.817871],[-48.001189,-15.817946],[-48.001021,-15.817895],[-48.000916,-15.817788],[-48.000819,-15.817763],[-48.000732,-15.8179],[-48.000474,-15.817979],[-48.0003,-15.818157],[-48.000277,-15.818344],[-48.000093,-15.81882],[-48.000112,-15.819208],[-48.00035,-15.819483],[-48.00046,-15.819729],[-48.000329,-15.819963],[-47.999972,-15.819954],[-48.00001,-15.820048],[-48.00018,-15.820163],[-48.000057,-15.82021],[-48.00004,-15.820316],[-47.999751,-15.820579],[-47.999136,-15.820893],[-47.999088,-15.820971],[-47.999091,-15.82105],[-47.998987,-15.821174],[-47.99882,-15.821274],[-47.998698,-15.821416],[-47.998669,-15.821561],[-47.998695,-15.821648],[-47.998689,-15.821768],[-47.998614,-15.821885],[-47.998527,-15.821892],[-47.998445,-15.82183],[-47.998242,-15.821903],[-47.998128,-15.821909],[-47.998016,-15.821934],[-47.997724,-15.822161],[-47.997631,-15.822278],[-47.997576,-15.822392],[-47.997399,-15.822612],[-47.997292,-15.822648],[-47.997061,-15.822632],[-47.996784,-15.822713],[-47.996608,-15.822844],[-47.996444,-15.822972],[-47.996293,-15.82308],[-47.996021,-15.823513],[-47.995928,-15.823817],[-47.995976,-15.824336],[-47.996135,-15.824675],[-47.99649,-15.825249],[-47.996581,-15.825376],[-47.996576,-15.825496],[-47.99656,-15.825535],[-47.996487,-15.825567],[-47.996471,-15.825688],[-47.996476,-15.825801],[-47.996422,-15.826209],[-47.996333,-15.826615],[-47.996112,-15.826791],[-47.995917,-15.826973],[-47.995451,-15.827322],[-47.995366,-15.827531],[-47.995346,-15.827794],[-47.99521,-15.828021],[-47.995227,-15.828279],[-47.995233,-15.828424],[-47.995251,-15.828522],[-47.995286,-15.828615],[-47.995497,-15.829191],[-47.995554,-15.829579],[-47.995376,-15.829707],[-47.995256,-15.829797],[-47.995129,-15.829861],[-47.995055,-15.829959],[-47.995075,-15.830105],[-47.995082,-15.830251],[-47.995139,-15.830364],[-47.995119,-15.830485],[-47.99522,-15.830757],[-47.995233,-15.830801],[-47.995306,-15.83087],[-47.995309,-15.830924],[-47.995283,-15.830983],[-47.995177,-15.831057],[-47.995054,-15.831115],[-47.995016,-15.831192],[-47.995021,-15.831246],[-47.995146,-15.831239],[-47.995333,-15.831162],[-47.995393,-15.831209],[-47.995341,-15.831333],[-47.995241,-15.831402],[-47.995217,-15.831537],[-47.995132,-15.831624],[-47.99512,-15.831829],[-47.99497,-15.83193],[-47.994812,-15.832146],[-47.994755,-15.832198],[-47.99473,-15.832234],[-47.994659,-15.832168],[-47.994585,-15.832132],[-47.994515,-15.832093],[-47.994441,-15.832074],[-47.994355,-15.832063],[-47.994321,-15.832085],[-47.994312,-15.832114],[-47.994287,-15.832187],[-47.994216,-15.832234],[-47.994172,-15.832295],[-47.994152,-15.832393],[-47.994235,-15.832488],[-47.994229,-15.83256],[-47.994176,-15.832586],[-47.993993,-15.832437],[-47.993898,-15.832515],[-47.993563,-15.832586],[-47.993569,-15.832821],[-47.993336,-15.832985],[-47.993346,-15.833194],[-47.993266,-15.833647],[-47.993146,-15.833726],[-47.993131,-15.833834],[-47.993342,-15.833944],[-47.993228,-15.834171],[-47.993329,-15.834404],[-47.993074,-15.835022],[-47.993041,-15.83542],[-47.992916,-15.835945],[-47.992532,-15.836501],[-47.992519,-15.837076],[-47.992357,-15.837127],[-47.992289,-15.83731],[-47.99218,-15.837457],[-47.992218,-15.837559],[-47.992176,-15.837695],[-47.99188,-15.837905],[-47.99181,-15.838071],[-47.99174,-15.83849],[-47.991684,-15.838586],[-47.991606,-15.838761],[-47.991753,-15.83881],[-47.991818,-15.838942],[-47.991856,-15.839099],[-47.991834,-15.839213],[-47.991788,-15.839308],[-47.991611,-15.839471],[-47.99156,-15.839618],[-47.991582,-15.839827],[-47.991547,-15.840041],[-47.991461,-15.840077],[-47.991321,-15.839878],[-47.991245,-15.8399],[-47.991217,-15.840036],[-47.991112,-15.840147],[-47.99096,-15.840199],[-47.990823,-15.840253],[-47.990731,-15.840384],[-47.990679,-15.840513],[-47.990541,-15.840779],[-47.990452,-15.841053],[-47.99005,-15.841058],[-47.989924,-15.841334],[-47.990034,-15.841465],[-47.990033,-15.841841],[-47.990183,-15.842366],[-47.990187,-15.842636],[-47.990028,-15.842687],[-47.989956,-15.843634],[-47.989878,-15.843784],[-47.989845,-15.844017],[-47.989633,-15.844261],[-47.989691,-15.844441],[-47.989786,-15.844789],[-47.989736,-15.845565],[-47.989523,-15.845778],[-47.989317,-15.845821],[-47.98928,-15.845908],[-47.989296,-15.845944],[-47.989641,-15.846032],[-47.989669,-15.846064],[-47.989621,-15.846185],[-47.989273,-15.846503],[-47.988512,-15.846829],[-47.988413,-15.846984],[-47.988464,-15.847301],[-47.988407,-15.847459],[-47.988122,-15.847477],[-47.987672,-15.847607],[-47.987317,-15.847463],[-47.987226,-15.847486],[-47.986875,-15.847388],[-47.98644,-15.8475],[-47.985549,-15.847906],[-47.98545,-15.84806],[-47.985447,-15.8483],[-47.985171,-15.848466],[-47.985176,-15.848845],[-47.985118,-15.848906],[-47.984979,-15.848928],[-47.984907,-15.849054],[-47.984825,-15.849587],[-47.985044,-15.8499],[-47.985076,-15.8501],[-47.9849,-15.8501],[-47.98472,-15.849918],[-47.984602,-15.849963],[-47.984595,-15.850174],[-47.984502,-15.850425],[-47.984288,-15.850608],[-47.984016,-15.850657],[-47.983922,-15.850615],[-47.983808,-15.850188],[-47.983761,-15.850161],[-47.983423,-15.850265],[-47.982947,-15.850319],[-47.982753,-15.85026],[-47.982609,-15.850116],[-47.982592,-15.849975],[-47.982508,-15.849923],[-47.982386,-15.849942],[-47.982195,-15.85021],[-47.981684,-15.850282],[-47.981401,-15.850538],[-47.981367,-15.850649],[-47.981471,-15.850898],[-47.981267,-15.851411],[-47.981188,-15.851486],[-47.981048,-15.851504],[-47.98074,-15.851924],[-47.979798,-15.852755],[-47.979768,-15.852865],[-47.979642,-15.852857],[-47.979535,-15.852916],[-47.979489,-15.853117],[-47.979583,-15.853374],[-47.979471,-15.853581],[-47.97924,-15.853806],[-47.97923,-15.853862],[-47.979324,-15.854089],[-47.979251,-15.854357],[-47.979298,-15.854702],[-47.979267,-15.854903],[-47.979025,-15.855113],[-47.978955,-15.855395],[-47.978848,-15.855564],[-47.978708,-15.85569],[-47.97854,-15.855681],[-47.978484,-15.855732],[-47.978328,-15.855995],[-47.978288,-15.856227],[-47.978089,-15.856313],[-47.978022,-15.856638],[-47.977715,-15.856907],[-47.977696,-15.857023],[-47.977748,-15.857057],[-47.977865,-15.857043],[-47.977933,-15.857253],[-47.977839,-15.857371],[-47.97773,-15.857818],[-47.977569,-15.857975],[-47.977505,-15.858172],[-47.977011,-15.858391],[-47.976741,-15.858289],[-47.976453,-15.858372],[-47.976255,-15.858595],[-47.975503,-15.859068],[-47.974988,-15.858716],[-47.974684,-15.858705],[-47.974071,-15.858823],[-47.973721,-15.858681],[-47.973186,-15.858684],[-47.972982,-15.858872],[-47.972789,-15.859368],[-47.972695,-15.85943],[-47.972443,-15.859449],[-47.972059,-15.859272],[-47.97193,-15.859293],[-47.971844,-15.859352],[-47.97182,-15.859629],[-47.971887,-15.859725],[-47.971978,-15.859763],[-47.972002,-15.859853],[-47.971836,-15.859991],[-47.971734,-15.859924],[-47.971656,-15.859924],[-47.971458,-15.860157],[-47.97145,-15.860348],[-47.971533,-15.860571],[-47.971613,-15.860576],[-47.97185,-15.860445],[-47.971919,-15.860506],[-47.971909,-15.860665],[-47.971612,-15.861233],[-47.971644,-15.861382],[-47.971781,-15.861437],[-47.971799,-15.861528],[-47.971565,-15.861655],[-47.971013,-15.861735],[-47.971016,-15.861633],[-47.971125,-15.861439],[-47.971027,-15.861269],[-47.970887,-15.861161],[-47.970678,-15.861129],[-47.97052,-15.861148],[-47.97041,-15.861259],[-47.970297,-15.861629],[-47.970205,-15.86168],[-47.969956,-15.861449],[-47.969699,-15.86129],[-47.969467,-15.861309],[-47.969341,-15.861395],[-47.969183,-15.861417],[-47.968874,-15.861312],[-47.968278,-15.861293],[-47.96751,-15.861038],[-47.96692,-15.860907],[-47.966479,-15.86096],[-47.96641,-15.861025],[-47.966297,-15.861548],[-47.966235,-15.861578],[-47.965935,-15.861411],[-47.965827,-15.861427],[-47.965602,-15.861607],[-47.965336,-15.861607],[-47.96521,-15.86165],[-47.965145,-15.86176],[-47.965156,-15.8619],[-47.965258,-15.861988],[-47.965239,-15.86212],[-47.965126,-15.862184],[-47.964826,-15.86223],[-47.964576,-15.86248],[-47.964335,-15.862632],[-47.96403,-15.862748],[-47.963465,-15.862626],[-47.963197,-15.862631],[-47.963081,-15.862709],[-47.962995,-15.863026],[-47.963129,-15.863209],[-47.963363,-15.863329],[-47.963416,-15.863439],[-47.963348,-15.863601],[-47.963246,-15.863709],[-47.962858,-15.863876],[-47.962608,-15.863938],[-47.962378,-15.864305],[-47.962209,-15.864296],[-47.962123,-15.864096],[-47.962013,-15.864004],[-47.961583,-15.863798],[-47.961272,-15.863728],[-47.960548,-15.863389],[-47.960479,-15.86339],[-47.960403,-15.863492],[-47.958767,-15.862728],[-47.962592,-15.860414],[-47.961617,-15.853969],[-47.961561,-15.853598],[-47.956746,-15.854331],[-47.956632,-15.853585],[-47.956354,-15.85363],[-47.956317,-15.853637],[-47.955546,-15.848711],[-47.95526,-15.848263],[-47.955025,-15.848239],[-47.954543,-15.848311],[-47.953314,-15.840549],[-47.951167,-15.827115],[-47.950059,-15.820176],[-47.950597,-15.82005],[-47.953549,-15.819598],[-47.953304,-15.818031],[-47.955135,-15.81777],[-47.955394,-15.817883],[-47.958966,-15.817334],[-47.958798,-15.816305],[-47.959513,-15.816196],[-47.970113,-15.820918],[-47.970275,-15.819645],[-47.970318,-15.818881],[-47.970855,-15.818716],[-47.970984,-15.817229],[-47.970039,-15.813307],[-47.970211,-15.810809],[-47.970619,-15.80957],[-47.971016,-15.808799],[-47.971165,-15.808524],[-47.971606,-15.80767],[-47.973025,-15.806893],[-47.975214,-15.806274],[-47.976756,-15.805668],[-47.979052,-15.805193],[-47.983346,-15.805799],[-47.984313,-15.807149],[-47.991109,-15.806172],[-47.992099,-15.805974],[-47.991838,-15.803794],[-47.991721,-15.803358],[-47.99135,-15.800102],[-47.991228,-15.799637],[-47.990815,-15.796085],[-47.991001,-15.796062],[-47.990444,-15.791937],[-47.990188,-15.79004],[-47.989341,-15.787363],[-47.99075,-15.787054],[-47.992658,-15.786713],[-47.99507,-15.786403],[-47.997491,-15.786207],[-48.000037,-15.786151],[-48.001943,-15.786183],[-48.003002,-15.786244],[-48.002994,-15.786311],[-48.003036,-15.786474],[-48.003358,-15.787725],[-48.003752,-15.788469],[-48.004674,-15.789537],[-48.004729,-15.789594],[-48.005,-15.789806],[-48.005122,-15.789853],[-48.005436,-15.789972],[-48.005547,-15.790187],[-48.005561,-15.790611],[-48.005574,-15.791045],[-48.005725,-15.791584],[-48.005666,-15.79219],[-48.005749,-15.792361],[-48.005778,-15.792595],[-48.005761,-15.792704],[-48.005527,-15.79305],[-48.005536,-15.793167],[-48.005669,-15.793725],[-48.005701,-15.794086],[-48.005904,-15.794508],[-48.00604,-15.794939],[-48.006122,-15.795841],[-48.006099,-15.796066],[-48.00603,-15.796727],[-48.005699,-15.797581],[-48.005653,-15.797961],[-48.005673,-15.79827],[-48.005694,-15.798592],[-48.005737,-15.799368],[-48.005977,-15.799816],[-48.006248,-15.800101],[-48.006647,-15.800665],[-48.006732,-15.801361],[-48.006744,-15.801454],[-48.006776,-15.801719],[-48.006691,-15.802407],[-48.006681,-15.803039],[-48.006707,-15.803219],[-48.006842,-15.803488],[-48.006895,-15.803713],[-48.0068,-15.804121],[-48.006824,-15.804411],[-48.006843,-15.804626],[-48.006755,-15.80544],[-48.006784,-15.805674],[-48.006957,-15.806142],[-48.006908,-15.80626],[-48.00675,-15.806388],[-48.006718,-15.806497],[-48.006789,-15.806921],[-48.006738,-15.807067],[-48.006673,-15.807256],[-48.006712,-15.807355],[-48.006679,-15.807834],[-48.006594,-15.808187],[-48.006557,-15.809037],[-48.006623,-15.809316],[-48.006571,-15.809452],[-48.006262,-15.809781],[-48.006201,-15.809873],[-48.006092,-15.810036],[-48.00608,-15.810434],[-48.005946,-15.810567],[-48.005813,-15.8107],[-48.005526,-15.811299],[-48.005446,-15.811761],[-48.005486,-15.812167],[-48.005404,-15.812547],[-48.005424,-15.812616],[-48.005505,-15.812889],[-48.005505,-15.812977],[-48.005504,-15.813115],[-48.005417,-15.813309],[-48.005348,-15.813464],[-48.005285,-15.813603],[-48.005054,-15.814122],[-48.004889,-15.81457],[-48.008058,-15.815738],[-48.011946,-15.817081],[-48.012403,-15.817239],[-48.013678,-15.817723],[-48.016385,-15.818753],[-48.017494,-15.819284],[-48.019416,-15.820439],[-48.020269,-15.820952],[-48.020421,-15.821049]]]}},{"type":"Feature","properties":{"nome":"Itapoã","osm_id":3359471},"geometry":{"type":"Polygon","coordinates":[[[-47.790212,-15.727542],[-47.790062,-15.727829],[-47.789696,-15.728531],[-47.789439,-15.729269],[-47.789333,-15.729573],[-47.780426,-15.752484],[-47.779745,-15.754232],[-47.77933,-15.755303],[-47.779301,-15.755377],[-47.778933,-15.756323],[-47.778489,-15.7575],[-47.778136,-15.758434],[-47.761024,-15.752284],[-47.759549,-15.752051],[-47.757822,-15.752029],[-47.756038,-15.752373],[-47.754106,-15.753172],[-47.739935,-15.761946],[-47.738847,-15.762389],[-47.737477,-15.762948],[-47.734752,-15.763218],[-47.733267,-15.763085],[-47.730876,-15.762233],[-47.729013,-15.761055],[-47.704788,-15.743937],[-47.703466,-15.743196],[-47.691108,-15.736904],[-47.690141,-15.736476],[-47.689614,-15.736306],[-47.688527,-15.736055],[-47.687416,-15.735933],[-47.685513,-15.735859],[-47.682738,-15.735866],[-47.680405,-15.735777],[-47.679831,-15.735637],[-47.679512,-15.7355],[-47.677867,-15.734334],[-47.677413,-15.734149],[-47.676883,-15.734105],[-47.675908,-15.734285],[-47.675849,-15.734001],[-47.675665,-15.733813],[-47.674811,-15.733408],[-47.674667,-15.733275],[-47.674668,-15.73304],[-47.675389,-15.732787],[-47.675703,-15.732593],[-47.675756,-15.732462],[-47.677169,-15.732155],[-47.678479,-15.733101],[-47.678412,-15.733947],[-47.680225,-15.734042],[-47.680915,-15.733546],[-47.681735,-15.732233],[-47.682632,-15.732166],[-47.683649,-15.731134],[-47.685118,-15.731092],[-47.685406,-15.730369],[-47.686201,-15.730007],[-47.687041,-15.729422],[-47.687571,-15.729326],[-47.688055,-15.728638],[-47.688389,-15.728693],[-47.688627,-15.727927],[-47.689384,-15.727039],[-47.690763,-15.726395],[-47.691465,-15.726515],[-47.691885,-15.726116],[-47.692454,-15.72626],[-47.692982,-15.725822],[-47.69352,-15.72613],[-47.694169,-15.725934],[-47.695289,-15.726369],[-47.696638,-15.727047],[-47.697623,-15.726972],[-47.698318,-15.727265],[-47.699193,-15.727265],[-47.69999,-15.727514],[-47.700881,-15.727396],[-47.700955,-15.728452],[-47.701259,-15.72842],[-47.702545,-15.728288],[-47.702975,-15.726483],[-47.703932,-15.726438],[-47.704436,-15.726822],[-47.706163,-15.72716],[-47.707655,-15.726972],[-47.708325,-15.727257],[-47.709655,-15.727288],[-47.711169,-15.727457],[-47.716447,-15.727251],[-47.718064,-15.726954],[-47.718928,-15.725503],[-47.719451,-15.725397],[-47.720324,-15.72587],[-47.721398,-15.726602],[-47.722769,-15.726893],[-47.724535,-15.72681],[-47.727239,-15.727574],[-47.729522,-15.728041],[-47.729936,-15.727937],[-47.730782,-15.727001],[-47.732152,-15.726765],[-47.732869,-15.726596],[-47.733035,-15.726371],[-47.733469,-15.726351],[-47.733918,-15.726719],[-47.735493,-15.726634],[-47.736818,-15.726864],[-47.738317,-15.72752],[-47.739879,-15.728113],[-47.741318,-15.728121],[-47.741649,-15.728049],[-47.742536,-15.727856],[-47.743318,-15.727217],[-47.743595,-15.726501],[-47.743736,-15.725854],[-47.74417,-15.725098],[-47.744532,-15.724718],[-47.744817,-15.724419],[-47.746069,-15.724052],[-47.747145,-15.724106],[-47.748092,-15.723684],[-47.749257,-15.722714],[-47.749984,-15.721997],[-47.750489,-15.72146],[-47.750632,-15.721308],[-47.751137,-15.720676],[-47.751561,-15.720118],[-47.752679,-15.719036],[-47.75357,-15.718457],[-47.754567,-15.718038],[-47.755515,-15.718144],[-47.755554,-15.718148],[-47.756453,-15.717991],[-47.756648,-15.717957],[-47.757315,-15.717585],[-47.757734,-15.717351],[-47.757868,-15.717214],[-47.758978,-15.716075],[-47.759524,-15.715516],[-47.759547,-15.715498],[-47.760417,-15.714837],[-47.761192,-15.714067],[-47.761758,-15.713505],[-47.761887,-15.713377],[-47.770004,-15.721932],[-47.771783,-15.723199],[-47.773583,-15.723982],[-47.775468,-15.724485],[-47.777815,-15.724601],[-47.780268,-15.724247],[-47.781059,-15.724297],[-47.788326,-15.726937],[-47.790212,-15.727542]]]}},{"type":"Feature","properties":{"nome":"Jardim Botânico","osm_id":3359472},"geometry":{"type":"Polygon","coordinates":[[[-47.804038,-15.834819],[-47.806925,-15.838601],[-47.814064,-15.848055],[-47.814797,-15.849168],[-47.816093,-15.851412],[-47.816722,-15.853312],[-47.818949,-15.860623],[-47.819355,-15.861786],[-47.819686,-15.862996],[-47.82068,-15.865049],[-47.821204,-15.866763],[-47.82206,-15.869563],[-47.8225,-15.871387],[-47.822908,-15.873834],[-47.823049,-15.875199],[-47.823073,-15.877058],[-47.823022,-15.879047],[-47.822744,-15.881348],[-47.822498,-15.882575],[-47.821789,-15.885192],[-47.820037,-15.884745],[-47.819065,-15.884599],[-47.818194,-15.884553],[-47.81711,-15.884605],[-47.815535,-15.884962],[-47.800622,-15.889503],[-47.795739,-15.891112],[-47.793368,-15.890189],[-47.794995,-15.88623],[-47.796148,-15.884601],[-47.795915,-15.88402],[-47.795673,-15.882795],[-47.794763,-15.881686],[-47.794807,-15.881342],[-47.795178,-15.8811],[-47.795162,-15.88098],[-47.79502,-15.879956],[-47.795299,-15.879321],[-47.797736,-15.877795],[-47.800365,-15.876148],[-47.798281,-15.875076],[-47.796709,-15.874268],[-47.794829,-15.873302],[-47.793903,-15.872318],[-47.793786,-15.872253],[-47.793714,-15.872092],[-47.793747,-15.871125],[-47.793749,-15.871062],[-47.792857,-15.870226],[-47.791062,-15.870933],[-47.790986,-15.870963],[-47.790204,-15.869263],[-47.786671,-15.870504],[-47.788483,-15.875769],[-47.78855,-15.875994],[-47.787524,-15.87636],[-47.786834,-15.876986],[-47.786275,-15.877587],[-47.786137,-15.878118],[-47.785381,-15.878618],[-47.784875,-15.879345],[-47.78385,-15.879762],[-47.782783,-15.880684],[-47.782244,-15.880887],[-47.781714,-15.880673],[-47.781036,-15.880909],[-47.780384,-15.881374],[-47.78024,-15.88148],[-47.780011,-15.881536],[-47.779781,-15.88157],[-47.779553,-15.881653],[-47.779261,-15.881731],[-47.778959,-15.881914],[-47.778669,-15.882031],[-47.778361,-15.882174],[-47.778289,-15.882425],[-47.778268,-15.882498],[-47.778044,-15.883073],[-47.777987,-15.883095],[-47.777698,-15.883211],[-47.777194,-15.883731],[-47.776537,-15.884514],[-47.776174,-15.884702],[-47.775669,-15.884784],[-47.775235,-15.884767],[-47.774678,-15.884937],[-47.774359,-15.885039],[-47.774018,-15.885211],[-47.773372,-15.885914],[-47.772942,-15.886373],[-47.772707,-15.886857],[-47.772637,-15.887107],[-47.772477,-15.88739],[-47.772424,-15.887904],[-47.771948,-15.888725],[-47.771361,-15.889727],[-47.770995,-15.88997],[-47.770512,-15.890076],[-47.770191,-15.890266],[-47.770117,-15.890426],[-47.769788,-15.890493],[-47.76962,-15.890843],[-47.769456,-15.891215],[-47.769363,-15.891327],[-47.76928,-15.891356],[-47.769126,-15.891377],[-47.768417,-15.892003],[-47.767608,-15.892862],[-47.765053,-15.890001],[-47.762075,-15.886302],[-47.761764,-15.886433],[-47.75721,-15.891503],[-47.755767,-15.890238],[-47.755504,-15.890168],[-47.755057,-15.890135],[-47.753907,-15.889885],[-47.753585,-15.889766],[-47.753121,-15.889352],[-47.752791,-15.888787],[-47.752475,-15.88862],[-47.752365,-15.888451],[-47.752298,-15.888257],[-47.752567,-15.887872],[-47.751715,-15.887845],[-47.751662,-15.887666],[-47.751703,-15.88711],[-47.751955,-15.886338],[-47.75197,-15.885233],[-47.751623,-15.88381],[-47.751514,-15.88174],[-47.751176,-15.880064],[-47.751135,-15.877663],[-47.751034,-15.876565],[-47.751277,-15.875719],[-47.751495,-15.874977],[-47.751765,-15.874673],[-47.752062,-15.874493],[-47.752052,-15.874027],[-47.751775,-15.873253],[-47.751144,-15.871787],[-47.750538,-15.870577],[-47.749778,-15.869368],[-47.749062,-15.868872],[-47.748338,-15.868738],[-47.747585,-15.869176],[-47.747422,-15.869437],[-47.746665,-15.869791],[-47.745577,-15.869831],[-47.744777,-15.869263],[-47.743843,-15.869048],[-47.743402,-15.869075],[-47.742797,-15.869419],[-47.742509,-15.869071],[-47.742254,-15.868248],[-47.742012,-15.867747],[-47.741865,-15.867645],[-47.741952,-15.867445],[-47.741985,-15.867182],[-47.74175,-15.866644],[-47.741762,-15.866363],[-47.741866,-15.866118],[-47.742345,-15.865841],[-47.742678,-15.865403],[-47.74286,-15.865338],[-47.743411,-15.865584],[-47.743448,-15.865294],[-47.743287,-15.864673],[-47.743315,-15.864221],[-47.743211,-15.863726],[-47.743319,-15.863643],[-47.743412,-15.863488],[-47.743417,-15.862639],[-47.743287,-15.862379],[-47.74341,-15.862134],[-47.743936,-15.862181],[-47.74418,-15.862151],[-47.744337,-15.861987],[-47.744333,-15.861445],[-47.744417,-15.861335],[-47.744942,-15.861229],[-47.744978,-15.860994],[-47.744917,-15.860733],[-47.744964,-15.86066],[-47.745235,-15.860711],[-47.745427,-15.860844],[-47.745649,-15.860787],[-47.745783,-15.860632],[-47.745903,-15.860386],[-47.746257,-15.860084],[-47.746471,-15.860126],[-47.746717,-15.860258],[-47.746986,-15.859811],[-47.747232,-15.859737],[-47.747237,-15.85959],[-47.746904,-15.859301],[-47.747042,-15.858497],[-47.74718,-15.858345],[-47.747332,-15.858176],[-47.747039,-15.857637],[-47.747213,-15.857226],[-47.747121,-15.857109],[-47.746799,-15.856986],[-47.746684,-15.856796],[-47.746546,-15.856312],[-47.746533,-15.855819],[-47.746109,-15.854953],[-47.746142,-15.854702],[-47.746152,-15.854627],[-47.746112,-15.854235],[-47.745672,-15.854077],[-47.745507,-15.853976],[-47.745429,-15.853818],[-47.745455,-15.853682],[-47.745563,-15.853546],[-47.74563,-15.853541],[-47.746365,-15.853483],[-47.746582,-15.853426],[-47.746743,-15.853261],[-47.746822,-15.853103],[-47.746608,-15.852721],[-47.746658,-15.852461],[-47.746763,-15.852351],[-47.746724,-15.852186],[-47.746776,-15.852069],[-47.747042,-15.852076],[-47.747585,-15.852221],[-47.747966,-15.852373],[-47.748314,-15.852408],[-47.748416,-15.85224],[-47.748442,-15.851636],[-47.748525,-15.851181],[-47.748787,-15.850707],[-47.749566,-15.850252],[-47.749724,-15.849904],[-47.749675,-15.849631],[-47.749875,-15.849432],[-47.750431,-15.849116],[-47.750713,-15.848484],[-47.751232,-15.848149],[-47.751449,-15.847943],[-47.751513,-15.84793],[-47.752192,-15.847791],[-47.752331,-15.847563],[-47.752452,-15.847364],[-47.752215,-15.84701],[-47.752399,-15.846688],[-47.752584,-15.846554],[-47.753242,-15.846353],[-47.753144,-15.846123],[-47.753596,-15.845961],[-47.75381,-15.845589],[-47.754088,-15.845364],[-47.754224,-15.845254],[-47.754762,-15.844929],[-47.754692,-15.84475],[-47.754701,-15.844592],[-47.754987,-15.844374],[-47.755053,-15.844156],[-47.755427,-15.843816],[-47.755546,-15.843707],[-47.755896,-15.843806],[-47.756072,-15.843274],[-47.757065,-15.84312],[-47.757381,-15.842655],[-47.758122,-15.842052],[-47.7585,-15.842092],[-47.758787,-15.842123],[-47.759026,-15.842061],[-47.758987,-15.841873],[-47.759256,-15.841969],[-47.76,-15.841256],[-47.760023,-15.8408],[-47.760225,-15.84069],[-47.760767,-15.840592],[-47.761336,-15.84033],[-47.761617,-15.840444],[-47.762015,-15.83993],[-47.762614,-15.839431],[-47.76304,-15.839111],[-47.763436,-15.83888],[-47.764003,-15.838845],[-47.764366,-15.838496],[-47.764951,-15.838549],[-47.765287,-15.838394],[-47.765849,-15.838367],[-47.766138,-15.838183],[-47.766519,-15.83771],[-47.766779,-15.837665],[-47.767035,-15.837513],[-47.767323,-15.837419],[-47.768675,-15.836215],[-47.771957,-15.83448],[-47.773038,-15.834765],[-47.773781,-15.835271],[-47.77453,-15.836421],[-47.775312,-15.8367],[-47.776211,-15.837241],[-47.777046,-15.837393],[-47.777802,-15.837697],[-47.778683,-15.837931],[-47.779208,-15.838278],[-47.780057,-15.838171],[-47.781618,-15.838627],[-47.782185,-15.839092],[-47.784267,-15.839029],[-47.786813,-15.838418],[-47.787677,-15.840468],[-47.788623,-15.841263],[-47.789261,-15.841799],[-47.789378,-15.841897],[-47.789962,-15.842723],[-47.790587,-15.843751],[-47.791202,-15.844243],[-47.791917,-15.844169],[-47.792067,-15.844049],[-47.792629,-15.842349],[-47.793083,-15.840257],[-47.793401,-15.838964],[-47.794615,-15.837095],[-47.795717,-15.835585],[-47.796614,-15.834219],[-47.798145,-15.833177],[-47.799397,-15.832602],[-47.800406,-15.832422],[-47.801852,-15.833608],[-47.802912,-15.834307],[-47.803312,-15.834489],[-47.803502,-15.834575],[-47.803668,-15.834651],[-47.803883,-15.834748],[-47.804038,-15.834819]]]}},{"type":"Feature","properties":{"nome":"Lago Norte","osm_id":3359473},"geometry":{"type":"Polygon","coordinates":[[[-47.786607,-15.78208],[-47.78668,-15.782339],[-47.787123,-15.782993],[-47.788976,-15.790399],[-47.789023,-15.790588],[-47.789086,-15.790661],[-47.789167,-15.790679],[-47.789247,-15.790669],[-47.789328,-15.790604],[-47.789375,-15.790529],[-47.7894,-15.790038],[-47.789462,-15.789249],[-47.78945,-15.788759],[-47.789471,-15.788623],[-47.789515,-15.78859],[-47.789586,-15.788594],[-47.789687,-15.788643],[-47.789725,-15.788707],[-47.7898,-15.788946],[-47.789951,-15.789288],[-47.790087,-15.789466],[-47.790116,-15.789525],[-47.790146,-15.789674],[-47.790164,-15.789764],[-47.790222,-15.789831],[-47.790609,-15.790076],[-47.790668,-15.790138],[-47.790708,-15.790247],[-47.790742,-15.790259],[-47.790984,-15.790297],[-47.791362,-15.790248],[-47.791674,-15.790187],[-47.792007,-15.79007],[-47.792122,-15.790062],[-47.792221,-15.790113],[-47.792283,-15.790168],[-47.792615,-15.79034],[-47.792856,-15.79044],[-47.793219,-15.790591],[-47.794174,-15.790729],[-47.794276,-15.790757],[-47.794294,-15.790751],[-47.7943,-15.790735],[-47.794293,-15.790713],[-47.793947,-15.7903],[-47.793822,-15.790106],[-47.793771,-15.789936],[-47.793768,-15.789875],[-47.793797,-15.789822],[-47.794051,-15.789566],[-47.794092,-15.789546],[-47.79413,-15.789549],[-47.794233,-15.789589],[-47.7943,-15.789591],[-47.794478,-15.789565],[-47.79453,-15.789573],[-47.794547,-15.789583],[-47.794572,-15.789625],[-47.794604,-15.78963],[-47.794658,-15.789606],[-47.794729,-15.789493],[-47.794741,-15.789274],[-47.794696,-15.789119],[-47.794584,-15.788969],[-47.794592,-15.788929],[-47.79461,-15.788911],[-47.794655,-15.788913],[-47.794696,-15.788887],[-47.7948,-15.78879],[-47.794889,-15.788734],[-47.794977,-15.788643],[-47.79498,-15.788591],[-47.79494,-15.788511],[-47.794952,-15.788454],[-47.795078,-15.788363],[-47.795155,-15.788354],[-47.795239,-15.788403],[-47.7953,-15.788479],[-47.795347,-15.788605],[-47.795361,-15.788745],[-47.7953,-15.788862],[-47.795292,-15.788932],[-47.795313,-15.788984],[-47.795361,-15.789017],[-47.795472,-15.789049],[-47.795596,-15.789143],[-47.795834,-15.789447],[-47.796076,-15.789563],[-47.796161,-15.789651],[-47.796204,-15.789675],[-47.796262,-15.789679],[-47.796448,-15.789674],[-47.796526,-15.789713],[-47.796545,-15.789755],[-47.796551,-15.789816],[-47.796616,-15.789894],[-47.796632,-15.789904],[-47.796685,-15.789919],[-47.796711,-15.789911],[-47.796729,-15.789886],[-47.796761,-15.789842],[-47.796793,-15.789837],[-47.796828,-15.789851],[-47.796916,-15.789905],[-47.796918,-15.789928],[-47.79689,-15.789981],[-47.796857,-15.790066],[-47.796863,-15.790099],[-47.796938,-15.790167],[-47.797092,-15.790287],[-47.797395,-15.79041],[-47.798068,-15.790537],[-47.798149,-15.790501],[-47.79817,-15.790466],[-47.798169,-15.790417],[-47.798076,-15.790238],[-47.798076,-15.790109],[-47.798126,-15.790036],[-47.798189,-15.789978],[-47.799088,-15.789718],[-47.799164,-15.789725],[-47.79921,-15.789755],[-47.799233,-15.789879],[-47.799199,-15.789951],[-47.799106,-15.789989],[-47.799018,-15.790016],[-47.798967,-15.790082],[-47.798963,-15.790172],[-47.798999,-15.790239],[-47.799124,-15.790309],[-47.799271,-15.790318],[-47.79938,-15.79028],[-47.800096,-15.789818],[-47.800181,-15.789749],[-47.80025,-15.789617],[-47.800258,-15.789553],[-47.800303,-15.789519],[-47.800356,-15.7895],[-47.800608,-15.789435],[-47.800786,-15.789389],[-47.80097,-15.789345],[-47.80108,-15.789296],[-47.801283,-15.789167],[-47.801388,-15.789141],[-47.801794,-15.789144],[-47.802026,-15.789156],[-47.802243,-15.789211],[-47.802516,-15.78918],[-47.80371,-15.788945],[-47.803826,-15.788874],[-47.804009,-15.788664],[-47.804231,-15.788563],[-47.8048,-15.788473],[-47.805055,-15.788371],[-47.805117,-15.788306],[-47.805231,-15.788188],[-47.805701,-15.787899],[-47.806221,-15.787724],[-47.806476,-15.787613],[-47.806639,-15.787414],[-47.806851,-15.786957],[-47.806886,-15.786805],[-47.806878,-15.786715],[-47.806555,-15.786268],[-47.806555,-15.786232],[-47.806564,-15.78621],[-47.806682,-15.786164],[-47.806702,-15.786143],[-47.806698,-15.786119],[-47.806516,-15.785802],[-47.80648,-15.785762],[-47.80643,-15.785747],[-47.806386,-15.785725],[-47.806364,-15.785678],[-47.806382,-15.785583],[-47.806435,-15.785427],[-47.806504,-15.785348],[-47.806689,-15.785302],[-47.806744,-15.785284],[-47.807331,-15.784697],[-47.807429,-15.784665],[-47.807527,-15.784624],[-47.808013,-15.784073],[-47.808043,-15.784034],[-47.808039,-15.78401],[-47.807982,-15.783967],[-47.807968,-15.783912],[-47.807974,-15.783876],[-47.808114,-15.783663],[-47.808479,-15.783419],[-47.808552,-15.7833],[-47.808683,-15.783086],[-47.808765,-15.782867],[-47.80911,-15.782593],[-47.809281,-15.782464],[-47.810087,-15.781605],[-47.810677,-15.7805],[-47.810654,-15.780125],[-47.810698,-15.779853],[-47.810795,-15.779599],[-47.810923,-15.779272],[-47.810982,-15.779215],[-47.811073,-15.779192],[-47.81114,-15.779181],[-47.811784,-15.778684],[-47.812045,-15.778503],[-47.812272,-15.778196],[-47.812417,-15.778055],[-47.812513,-15.778019],[-47.812626,-15.77801],[-47.812681,-15.778004],[-47.812909,-15.777899],[-47.813002,-15.777822],[-47.813436,-15.777401],[-47.813726,-15.777187],[-47.813735,-15.777165],[-47.81374,-15.777104],[-47.813748,-15.777074],[-47.814386,-15.776535],[-47.81439,-15.776517],[-47.814386,-15.776497],[-47.814382,-15.776474],[-47.814385,-15.77646],[-47.814494,-15.776364],[-47.814549,-15.776305],[-47.814664,-15.776243],[-47.814729,-15.776244],[-47.814827,-15.776244],[-47.814862,-15.77624],[-47.814894,-15.77622],[-47.815757,-15.775576],[-47.816101,-15.775318],[-47.816138,-15.77532],[-47.816174,-15.775335],[-47.816198,-15.775337],[-47.816242,-15.775329],[-47.816471,-15.775226],[-47.816981,-15.774852],[-47.816993,-15.774802],[-47.816978,-15.774691],[-47.816993,-15.774645],[-47.817307,-15.774116],[-47.817371,-15.773889],[-47.817382,-15.773695],[-47.817406,-15.773259],[-47.8174,-15.773137],[-47.81736,-15.773006],[-47.817331,-15.772768],[-47.817278,-15.772353],[-47.817296,-15.77226],[-47.817379,-15.772178],[-47.81741,-15.772099],[-47.81743,-15.771734],[-47.8174,-15.771682],[-47.817289,-15.771574],[-47.817241,-15.771424],[-47.81724,-15.771223],[-47.817251,-15.771203],[-47.81726,-15.771196],[-47.817302,-15.771193],[-47.817318,-15.771181],[-47.817323,-15.771157],[-47.817358,-15.770763],[-47.817566,-15.769939],[-47.817827,-15.76914],[-47.818111,-15.767542],[-47.818153,-15.767186],[-47.818222,-15.766796],[-47.81856,-15.76601],[-47.818593,-15.76598],[-47.818665,-15.765969],[-47.818696,-15.765958],[-47.818725,-15.765869],[-47.818748,-15.76574],[-47.818847,-15.765172],[-47.818803,-15.76491],[-47.81868,-15.764668],[-47.818479,-15.76446],[-47.818283,-15.764381],[-47.817996,-15.764325],[-47.81783,-15.764309],[-47.817673,-15.764346],[-47.817583,-15.764412],[-47.817449,-15.764593],[-47.817348,-15.764674],[-47.817065,-15.764755],[-47.816887,-15.764775],[-47.816664,-15.764745],[-47.816446,-15.764732],[-47.816321,-15.764682],[-47.816171,-15.764585],[-47.815428,-15.764356],[-47.815095,-15.764276],[-47.814774,-15.764199],[-47.814603,-15.764171],[-47.814454,-15.76415],[-47.814254,-15.764075],[-47.813851,-15.763898],[-47.813759,-15.763816],[-47.813751,-15.763719],[-47.813797,-15.763567],[-47.813936,-15.763478],[-47.814139,-15.763444],[-47.814985,-15.763054],[-47.815287,-15.762901],[-47.815601,-15.762649],[-47.816032,-15.762164],[-47.816088,-15.762137],[-47.816123,-15.762135],[-47.816152,-15.762151],[-47.816181,-15.762177],[-47.816206,-15.762176],[-47.816328,-15.762035],[-47.816467,-15.761875],[-47.816621,-15.761674],[-47.817289,-15.761202],[-47.81754,-15.761077],[-47.817587,-15.761043],[-47.817587,-15.76102],[-47.81754,-15.760916],[-47.817544,-15.760883],[-47.817588,-15.760828],[-47.817876,-15.760713],[-47.817909,-15.760713],[-47.817924,-15.760723],[-47.817965,-15.760802],[-47.817979,-15.760815],[-47.817993,-15.760814],[-47.818023,-15.760797],[-47.818815,-15.760269],[-47.819142,-15.760102],[-47.819162,-15.76007],[-47.819166,-15.760044],[-47.819126,-15.75997],[-47.819128,-15.759951],[-47.819354,-15.759719],[-47.81956,-15.759419],[-47.819637,-15.758803],[-47.819682,-15.75871],[-47.819812,-15.758623],[-47.819827,-15.758598],[-47.819828,-15.758551],[-47.819567,-15.757757],[-47.819346,-15.756918],[-47.819347,-15.756878],[-47.81933,-15.756851],[-47.819311,-15.756848],[-47.819248,-15.756856],[-47.819222,-15.756853],[-47.819206,-15.75684],[-47.819052,-15.756563],[-47.819051,-15.756548],[-47.819057,-15.756537],[-47.819206,-15.756474],[-47.819218,-15.756456],[-47.819219,-15.756435],[-47.818786,-15.75557],[-47.818625,-15.755212],[-47.818604,-15.75519],[-47.818575,-15.755187],[-47.818501,-15.755224],[-47.818471,-15.755228],[-47.81845,-15.755218],[-47.818406,-15.755128],[-47.818361,-15.75502],[-47.818282,-15.754903],[-47.81823,-15.754822],[-47.818153,-15.75471],[-47.818079,-15.754599],[-47.817895,-15.754329],[-47.817861,-15.754169],[-47.817852,-15.754114],[-47.817615,-15.753808],[-47.817588,-15.753792],[-47.817547,-15.753792],[-47.81751,-15.753795],[-47.817454,-15.753769],[-47.817379,-15.753689],[-47.817323,-15.753571],[-47.817335,-15.753472],[-47.817323,-15.753401],[-47.817145,-15.753144],[-47.817001,-15.752934],[-47.816821,-15.752668],[-47.816729,-15.752549],[-47.8166,-15.752387],[-47.816444,-15.752167],[-47.816329,-15.752012],[-47.816267,-15.751893],[-47.816116,-15.751493],[-47.816114,-15.751394],[-47.816159,-15.751353],[-47.816238,-15.751359],[-47.816396,-15.751393],[-47.816507,-15.751371],[-47.816805,-15.751238],[-47.816971,-15.751158],[-47.81718,-15.751127],[-47.817494,-15.751251],[-47.817783,-15.751422],[-47.818129,-15.751615],[-47.818414,-15.751726],[-47.818676,-15.751828],[-47.818816,-15.75188],[-47.819057,-15.751979],[-47.819246,-15.752079],[-47.819283,-15.752172],[-47.819404,-15.752456],[-47.819511,-15.752525],[-47.819569,-15.752561],[-47.819814,-15.752629],[-47.81994,-15.752664],[-47.820135,-15.752726],[-47.820484,-15.752714],[-47.820656,-15.752665],[-47.820832,-15.752612],[-47.820847,-15.752605],[-47.820994,-15.752533],[-47.821137,-15.752456],[-47.821152,-15.752446],[-47.821318,-15.752343],[-47.821571,-15.752087],[-47.821597,-15.75205],[-47.821603,-15.75203],[-47.821587,-15.751974],[-47.821595,-15.751936],[-47.821777,-15.751682],[-47.821834,-15.75165],[-47.82188,-15.751638],[-47.821966,-15.751575],[-47.82208,-15.751309],[-47.822078,-15.751233],[-47.822023,-15.751034],[-47.821898,-15.750659],[-47.8219,-15.750573],[-47.821919,-15.750485],[-47.821908,-15.750434],[-47.821873,-15.750398],[-47.821787,-15.750367],[-47.821751,-15.750333],[-47.821723,-15.750256],[-47.821555,-15.749689],[-47.821459,-15.749578],[-47.821282,-15.74949],[-47.821174,-15.74937],[-47.821091,-15.749103],[-47.821134,-15.749037],[-47.821209,-15.74893],[-47.8213,-15.7488],[-47.821413,-15.748615],[-47.821682,-15.748111],[-47.821904,-15.747824],[-47.822187,-15.747582],[-47.822297,-15.747515],[-47.822816,-15.747331],[-47.822979,-15.74727],[-47.82313,-15.747198],[-47.823223,-15.747094],[-47.823293,-15.746945],[-47.823406,-15.746619],[-47.823656,-15.746153],[-47.823791,-15.745902],[-47.823853,-15.745795],[-47.823882,-15.745747],[-47.824013,-15.745577],[-47.824074,-15.745515],[-47.824218,-15.745419],[-47.824386,-15.745307],[-47.824455,-15.745262],[-47.82474,-15.745085],[-47.825016,-15.744931],[-47.825253,-15.744825],[-47.825789,-15.744636],[-47.825892,-15.744637],[-47.825987,-15.744677],[-47.826102,-15.744805],[-47.826311,-15.744929],[-47.826446,-15.744914],[-47.826582,-15.74481],[-47.826663,-15.744743],[-47.826673,-15.744664],[-47.8267,-15.744641],[-47.826744,-15.744621],[-47.826862,-15.744607],[-47.827244,-15.744417],[-47.827565,-15.744225],[-47.827661,-15.744136],[-47.827805,-15.743976],[-47.82801,-15.743713],[-47.828033,-15.743572],[-47.828026,-15.743391],[-47.828035,-15.743311],[-47.828061,-15.743276],[-47.828276,-15.743185],[-47.828422,-15.743065],[-47.828696,-15.742774],[-47.828841,-15.742667],[-47.829075,-15.742646],[-47.829262,-15.742675],[-47.829578,-15.742897],[-47.829717,-15.743065],[-47.829858,-15.743444],[-47.829924,-15.743597],[-47.829988,-15.743647],[-47.830129,-15.743759],[-47.830204,-15.743784],[-47.830306,-15.74376],[-47.830338,-15.743732],[-47.830376,-15.743566],[-47.83039,-15.743495],[-47.830313,-15.743266],[-47.830303,-15.743173],[-47.830326,-15.743107],[-47.830447,-15.742952],[-47.830578,-15.742899],[-47.831163,-15.74283],[-47.831263,-15.742808],[-47.831367,-15.742746],[-47.831537,-15.742594],[-47.831682,-15.742479],[-47.831727,-15.742461],[-47.831789,-15.742455],[-47.831935,-15.742444],[-47.831982,-15.742437],[-47.832055,-15.742409],[-47.832116,-15.742328],[-47.832208,-15.742089],[-47.832202,-15.741871],[-47.832181,-15.741794],[-47.832124,-15.741748],[-47.832102,-15.741698],[-47.832102,-15.741642],[-47.832141,-15.74156],[-47.832254,-15.741476],[-47.832283,-15.741432],[-47.8323,-15.741336],[-47.832363,-15.741248],[-47.832497,-15.741123],[-47.832566,-15.740996],[-47.832651,-15.740928],[-47.83282,-15.74089],[-47.833038,-15.74091],[-47.833386,-15.741023],[-47.833578,-15.741069],[-47.833708,-15.741108],[-47.83431,-15.741394],[-47.834428,-15.741421],[-47.834654,-15.74144],[-47.83482,-15.741501],[-47.83488,-15.741551],[-47.834939,-15.74163],[-47.834913,-15.741842],[-47.834938,-15.741993],[-47.835067,-15.742071],[-47.835407,-15.742077],[-47.835605,-15.742041],[-47.83565,-15.742002],[-47.83569,-15.741931],[-47.835698,-15.741774],[-47.83565,-15.741583],[-47.835578,-15.741531],[-47.835516,-15.74142],[-47.835519,-15.741343],[-47.83556,-15.741252],[-47.835597,-15.741151],[-47.835625,-15.741072],[-47.835651,-15.740821],[-47.835737,-15.740728],[-47.835869,-15.740669],[-47.836003,-15.74061],[-47.836164,-15.740517],[-47.836236,-15.740417],[-47.836303,-15.740323],[-47.836358,-15.7402],[-47.83638,-15.740076],[-47.836374,-15.740057],[-47.836286,-15.740016],[-47.836278,-15.739976],[-47.836286,-15.739927],[-47.83635,-15.739878],[-47.836399,-15.739831],[-47.836433,-15.739743],[-47.836456,-15.739681],[-47.836417,-15.739582],[-47.836427,-15.739501],[-47.836451,-15.739457],[-47.836545,-15.739405],[-47.836598,-15.739364],[-47.836629,-15.739301],[-47.8366,-15.739165],[-47.836599,-15.738995],[-47.836648,-15.738846],[-47.836683,-15.738743],[-47.836608,-15.738438],[-47.836533,-15.73825],[-47.835933,-15.737519],[-47.835889,-15.73738],[-47.835908,-15.737288],[-47.835963,-15.737237],[-47.836613,-15.73696],[-47.836651,-15.736908],[-47.836655,-15.736847],[-47.836679,-15.736769],[-47.83674,-15.736719],[-47.836841,-15.736638],[-47.837003,-15.736571],[-47.837115,-15.736569],[-47.837371,-15.736494],[-47.837523,-15.736499],[-47.83776,-15.736442],[-47.838008,-15.736276],[-47.838287,-15.735968],[-47.838379,-15.735843],[-47.838472,-15.735717],[-47.83856,-15.735487],[-47.838609,-15.735299],[-47.838574,-15.735162],[-47.838549,-15.735077],[-47.838421,-15.734638],[-47.838444,-15.734544],[-47.838523,-15.734225],[-47.838576,-15.734155],[-47.838651,-15.734155],[-47.838702,-15.734202],[-47.838858,-15.734419],[-47.838863,-15.734421],[-47.838949,-15.734447],[-47.839059,-15.734416],[-47.839145,-15.734305],[-47.839258,-15.734256],[-47.839427,-15.734323],[-47.839636,-15.734496],[-47.84,-15.734796],[-47.840085,-15.734845],[-47.840244,-15.734937],[-47.840483,-15.735043],[-47.840815,-15.73511],[-47.841065,-15.735116],[-47.84168,-15.734951],[-47.842189,-15.734891],[-47.842348,-15.734873],[-47.842726,-15.734883],[-47.843006,-15.73498],[-47.843123,-15.735003],[-47.843203,-15.734987],[-47.84329,-15.734931],[-47.84337,-15.734913],[-47.843564,-15.734939],[-47.843711,-15.734975],[-47.843813,-15.734946],[-47.843948,-15.734881],[-47.844011,-15.734836],[-47.844084,-15.73473],[-47.844123,-15.734656],[-47.844137,-15.734536],[-47.84416,-15.734508],[-47.844252,-15.734496],[-47.844308,-15.73446],[-47.84437,-15.734317],[-47.844382,-15.734263],[-47.84439,-15.734208],[-47.844424,-15.734136],[-47.844449,-15.734128],[-47.844556,-15.734144],[-47.844606,-15.734144],[-47.844648,-15.734123],[-47.84478,-15.734016],[-47.844907,-15.733878],[-47.844945,-15.733803],[-47.844984,-15.733768],[-47.84509,-15.733732],[-47.845533,-15.733572],[-47.845931,-15.733427],[-47.846092,-15.733308],[-47.84614,-15.733183],[-47.84632,-15.732624],[-47.846394,-15.732423],[-47.846415,-15.732297],[-47.846468,-15.732105],[-47.846742,-15.731676],[-47.846972,-15.731282],[-47.847115,-15.731024],[-47.847221,-15.730842],[-47.847247,-15.730714],[-47.847295,-15.730461],[-47.847293,-15.730429],[-47.847273,-15.7304],[-47.847268,-15.730357],[-47.847446,-15.730009],[-47.84744,-15.729981],[-47.847409,-15.729926],[-47.847408,-15.729871],[-47.84744,-15.729803],[-47.847499,-15.729763],[-47.847589,-15.729715],[-47.84768,-15.729581],[-47.847721,-15.729547],[-47.84775,-15.729548],[-47.847768,-15.72956],[-47.847799,-15.729616],[-47.847816,-15.729621],[-47.847834,-15.729617],[-47.84822,-15.729361],[-47.848808,-15.729095],[-47.849705,-15.728763],[-47.849992,-15.728673],[-47.850526,-15.728574],[-47.850534,-15.728571],[-47.850829,-15.728535],[-47.850841,-15.728527],[-47.850866,-15.728504],[-47.850868,-15.728472],[-47.850829,-15.728357],[-47.850856,-15.728309],[-47.850904,-15.728239],[-47.851007,-15.728194],[-47.851135,-15.728174],[-47.851214,-15.72817],[-47.851432,-15.728101],[-47.851565,-15.728079],[-47.851683,-15.728121],[-47.851793,-15.728234],[-47.851911,-15.728547],[-47.852011,-15.728979],[-47.852064,-15.729036],[-47.852104,-15.729055],[-47.852142,-15.729051],[-47.852258,-15.728845],[-47.8523,-15.728713],[-47.852289,-15.728559],[-47.852201,-15.728192],[-47.852225,-15.727943],[-47.852785,-15.727323],[-47.852958,-15.727275],[-47.85316,-15.727291],[-47.853757,-15.72746],[-47.854107,-15.727338],[-47.854269,-15.727175],[-47.854449,-15.726785],[-47.85472,-15.726477],[-47.855274,-15.726111],[-47.855439,-15.726002],[-47.855605,-15.725829],[-47.856738,-15.724931],[-47.856978,-15.724692],[-47.856999,-15.724629],[-47.856979,-15.724492],[-47.856991,-15.724449],[-47.857025,-15.724432],[-47.857097,-15.724457],[-47.857258,-15.724598],[-47.857343,-15.724611],[-47.857436,-15.72459],[-47.857588,-15.724454],[-47.857748,-15.724315],[-47.857872,-15.724291],[-47.858051,-15.724323],[-47.858729,-15.724435],[-47.858842,-15.724489],[-47.858885,-15.724554],[-47.858882,-15.724666],[-47.858765,-15.724972],[-47.858598,-15.725191],[-47.858596,-15.725233],[-47.858619,-15.725262],[-47.858712,-15.725305],[-47.859068,-15.725486],[-47.859267,-15.725633],[-47.85935,-15.725791],[-47.859361,-15.725989],[-47.859341,-15.726162],[-47.85925,-15.726339],[-47.859058,-15.726497],[-47.858983,-15.7266],[-47.858871,-15.726702],[-47.858647,-15.726793],[-47.858564,-15.726827],[-47.858496,-15.726876],[-47.858292,-15.727138],[-47.858238,-15.727168],[-47.858179,-15.727165],[-47.858063,-15.727138],[-47.857713,-15.726956],[-47.857652,-15.726961],[-47.857631,-15.726986],[-47.857373,-15.72764],[-47.85705,-15.727914],[-47.856998,-15.72805],[-47.856882,-15.72821],[-47.856582,-15.728395],[-47.856124,-15.728739],[-47.856097,-15.728847],[-47.856156,-15.729054],[-47.856174,-15.729338],[-47.856145,-15.729462],[-47.856056,-15.730363],[-47.855952,-15.730559],[-47.855729,-15.730688],[-47.855016,-15.73091],[-47.854318,-15.730962],[-47.853624,-15.731021],[-47.853468,-15.73105],[-47.853323,-15.731233],[-47.853239,-15.731508],[-47.853267,-15.731665],[-47.853262,-15.731789],[-47.853184,-15.732071],[-47.853123,-15.732291],[-47.853082,-15.732498],[-47.852879,-15.732763],[-47.852765,-15.732907],[-47.852527,-15.733127],[-47.852449,-15.733183],[-47.852218,-15.73332],[-47.851965,-15.733558],[-47.850885,-15.73462],[-47.850477,-15.734883],[-47.850322,-15.734941],[-47.850119,-15.734997],[-47.849921,-15.735152],[-47.848896,-15.736332],[-47.848337,-15.736667],[-47.848097,-15.73688],[-47.848066,-15.736933],[-47.848056,-15.737056],[-47.848027,-15.737129],[-47.847817,-15.737367],[-47.84772,-15.737456],[-47.847111,-15.73783],[-47.846113,-15.738139],[-47.845731,-15.738305],[-47.845695,-15.738314],[-47.845667,-15.738308],[-47.8456,-15.738229],[-47.845575,-15.738221],[-47.845553,-15.738227],[-47.844431,-15.738802],[-47.844255,-15.738921],[-47.843812,-15.73946],[-47.842412,-15.741312],[-47.841059,-15.743342],[-47.840976,-15.743381],[-47.840742,-15.743528],[-47.840486,-15.743766],[-47.840451,-15.743846],[-47.840249,-15.744022],[-47.840006,-15.74425],[-47.839344,-15.744637],[-47.838153,-15.745151],[-47.836211,-15.745582],[-47.835658,-15.745716],[-47.835194,-15.745935],[-47.834943,-15.746088],[-47.834784,-15.746125],[-47.834615,-15.746144],[-47.834376,-15.746253],[-47.834099,-15.746369],[-47.833754,-15.746607],[-47.833465,-15.746775],[-47.833062,-15.747027],[-47.832705,-15.747149],[-47.832584,-15.747187],[-47.832423,-15.747324],[-47.831939,-15.747689],[-47.831392,-15.74803],[-47.831093,-15.748235],[-47.829942,-15.748995],[-47.829556,-15.749185],[-47.829229,-15.749423],[-47.828078,-15.75035],[-47.827759,-15.750567],[-47.827676,-15.750688],[-47.827465,-15.751418],[-47.827507,-15.751661],[-47.827606,-15.751815],[-47.828188,-15.752543],[-47.828192,-15.752562],[-47.828181,-15.752581],[-47.828016,-15.752685],[-47.828014,-15.752701],[-47.828019,-15.752718],[-47.828564,-15.75356],[-47.828633,-15.753633],[-47.828706,-15.75368],[-47.82902,-15.753765],[-47.829664,-15.75456],[-47.829706,-15.754648],[-47.82973,-15.754811],[-47.829874,-15.755555],[-47.829846,-15.755889],[-47.829617,-15.756579],[-47.829265,-15.757215],[-47.828626,-15.758109],[-47.828348,-15.758347],[-47.828228,-15.758412],[-47.827696,-15.758699],[-47.827402,-15.758919],[-47.827204,-15.759229],[-47.827066,-15.759935],[-47.826917,-15.760252],[-47.826887,-15.760384],[-47.826893,-15.760521],[-47.826967,-15.760659],[-47.827325,-15.761268],[-47.827445,-15.76161],[-47.827614,-15.761922],[-47.828046,-15.76287],[-47.828121,-15.763636],[-47.828226,-15.764491],[-47.828215,-15.765041],[-47.82836,-15.766123],[-47.828615,-15.767176],[-47.828835,-15.768035],[-47.828862,-15.768154],[-47.828845,-15.768337],[-47.828896,-15.768574],[-47.829073,-15.769295],[-47.82922,-15.769724],[-47.829513,-15.77033],[-47.82957,-15.770415],[-47.829791,-15.770732],[-47.830506,-15.771845],[-47.83061,-15.772183],[-47.830704,-15.772405],[-47.831023,-15.772872],[-47.831139,-15.773103],[-47.831174,-15.773122],[-47.831337,-15.773121],[-47.831486,-15.773138],[-47.831654,-15.7732],[-47.831804,-15.773351],[-47.831837,-15.773416],[-47.831805,-15.77357],[-47.831819,-15.773623],[-47.831872,-15.773661],[-47.83193,-15.77367],[-47.83199,-15.773661],[-47.832115,-15.773592],[-47.832301,-15.773563],[-47.832369,-15.773546],[-47.832509,-15.773479],[-47.832761,-15.773456],[-47.833227,-15.773411],[-47.833611,-15.773252],[-47.834033,-15.772844],[-47.834045,-15.772828],[-47.834132,-15.772715],[-47.834289,-15.772395],[-47.834776,-15.771883],[-47.834931,-15.771752],[-47.834977,-15.771654],[-47.834985,-15.771509],[-47.834961,-15.77119],[-47.834962,-15.771126],[-47.83499,-15.77105],[-47.835049,-15.770992],[-47.835065,-15.770877],[-47.835039,-15.770783],[-47.834981,-15.770717],[-47.834894,-15.770541],[-47.834859,-15.770499],[-47.834741,-15.770348],[-47.834619,-15.770024],[-47.834581,-15.769302],[-47.834599,-15.768869],[-47.835072,-15.767511],[-47.835123,-15.767463],[-47.835403,-15.767388],[-47.83546,-15.767359],[-47.835555,-15.767223],[-47.835613,-15.767045],[-47.835567,-15.766692],[-47.835521,-15.766379],[-47.835647,-15.76601],[-47.835961,-15.765668],[-47.836056,-15.765602],[-47.836144,-15.765586],[-47.836213,-15.765576],[-47.836292,-15.765517],[-47.836478,-15.765356],[-47.836905,-15.765055],[-47.837056,-15.764949],[-47.837152,-15.764812],[-47.837199,-15.764719],[-47.837261,-15.764652],[-47.83734,-15.764624],[-47.8384,-15.764276],[-47.839129,-15.764026],[-47.840416,-15.763443],[-47.840593,-15.763226],[-47.841122,-15.762129],[-47.841959,-15.76125],[-47.842722,-15.760657],[-47.84301,-15.760513],[-47.844847,-15.76003],[-47.845003,-15.759942],[-47.845169,-15.759442],[-47.845175,-15.758786],[-47.845148,-15.758012],[-47.845169,-15.757619],[-47.845228,-15.757247],[-47.845361,-15.756924],[-47.846049,-15.755394],[-47.846199,-15.755172],[-47.846796,-15.754612],[-47.847449,-15.754181],[-47.848377,-15.753716],[-47.849066,-15.753281],[-47.850062,-15.752818],[-47.850485,-15.752596],[-47.850679,-15.75241],[-47.851009,-15.752178],[-47.851382,-15.751694],[-47.852044,-15.750967],[-47.852875,-15.750621],[-47.853522,-15.750306],[-47.85401,-15.750174],[-47.854294,-15.750027],[-47.854428,-15.749983],[-47.855426,-15.749488],[-47.85583,-15.749445],[-47.856788,-15.749261],[-47.857361,-15.748955],[-47.857953,-15.748756],[-47.859384,-15.747944],[-47.860034,-15.747891],[-47.860357,-15.747932],[-47.861336,-15.747946],[-47.86191,-15.747649],[-47.862785,-15.747358],[-47.862952,-15.747094],[-47.863041,-15.746786],[-47.863147,-15.746161],[-47.863154,-15.745845],[-47.86329,-15.745563],[-47.863751,-15.745115],[-47.863846,-15.744815],[-47.864041,-15.74456],[-47.865084,-15.743806],[-47.865578,-15.743393],[-47.865869,-15.743244],[-47.866188,-15.743177],[-47.867339,-15.742584],[-47.868637,-15.742477],[-47.869882,-15.742108],[-47.870525,-15.742],[-47.870797,-15.741825],[-47.871674,-15.741407],[-47.871789,-15.741335],[-47.871869,-15.741245],[-47.871916,-15.74119],[-47.87202,-15.741157],[-47.872229,-15.741144],[-47.872465,-15.741073],[-47.872472,-15.741048],[-47.872455,-15.740927],[-47.872488,-15.740742],[-47.872551,-15.74064],[-47.872648,-15.740599],[-47.872697,-15.740591],[-47.872741,-15.740602],[-47.872791,-15.740628],[-47.87282,-15.74062],[-47.873074,-15.740335],[-47.87321,-15.74004],[-47.873271,-15.73995],[-47.873346,-15.739894],[-47.873455,-15.739865],[-47.873476,-15.73986],[-47.873491,-15.739839],[-47.873519,-15.739774],[-47.873606,-15.739724],[-47.873739,-15.739697],[-47.873783,-15.73966],[-47.873794,-15.739592],[-47.873731,-15.739419],[-47.873734,-15.739324],[-47.873787,-15.739221],[-47.873909,-15.739135],[-47.875164,-15.738209],[-47.875355,-15.737953],[-47.875529,-15.73761],[-47.875645,-15.73737],[-47.876205,-15.736737],[-47.876304,-15.73651],[-47.876418,-15.735528],[-47.876519,-15.735294],[-47.877146,-15.73458],[-47.877562,-15.733895],[-47.877739,-15.733647],[-47.877839,-15.733567],[-47.877892,-15.733461],[-47.877894,-15.733197],[-47.878021,-15.732906],[-47.879447,-15.731181],[-47.879931,-15.730759],[-47.880406,-15.730502],[-47.881084,-15.730089],[-47.881315,-15.730009],[-47.881567,-15.729996],[-47.881798,-15.730079],[-47.881924,-15.730092],[-47.882052,-15.730053],[-47.882677,-15.729668],[-47.883302,-15.729219],[-47.883632,-15.729054],[-47.883955,-15.72893],[-47.884411,-15.728807],[-47.88485,-15.728818],[-47.885369,-15.728952],[-47.885587,-15.729113],[-47.885765,-15.72918],[-47.886398,-15.729286],[-47.88654,-15.729364],[-47.886671,-15.729366],[-47.886741,-15.729304],[-47.886832,-15.729178],[-47.886972,-15.729155],[-47.887283,-15.72924],[-47.887698,-15.729374],[-47.887984,-15.729454],[-47.888661,-15.729485],[-47.889111,-15.729566],[-47.889627,-15.729679],[-47.890147,-15.729648],[-47.890976,-15.729697],[-47.891706,-15.729737],[-47.891786,-15.729769],[-47.891837,-15.729784],[-47.891899,-15.729772],[-47.891956,-15.729724],[-47.89207,-15.729645],[-47.892325,-15.729583],[-47.892917,-15.729488],[-47.89335,-15.729384],[-47.893532,-15.72938],[-47.893685,-15.729431],[-47.893784,-15.729542],[-47.893854,-15.729751],[-47.893988,-15.729945],[-47.8942,-15.730056],[-47.894753,-15.730192],[-47.894817,-15.730133],[-47.894857,-15.730025],[-47.894991,-15.729457],[-47.895176,-15.728925],[-47.895482,-15.7287],[-47.895879,-15.728546],[-47.896346,-15.728514],[-47.896442,-15.728458],[-47.896576,-15.728279],[-47.896589,-15.728141],[-47.896691,-15.727994],[-47.897031,-15.727787],[-47.897173,-15.727787],[-47.897282,-15.727843],[-47.897577,-15.728073],[-47.898617,-15.727787],[-47.899113,-15.727555],[-47.899546,-15.727612],[-47.899877,-15.727801],[-47.900236,-15.72787],[-47.900438,-15.727823],[-47.900734,-15.727882],[-47.901153,-15.727488],[-47.901228,-15.727497],[-47.901524,-15.727709],[-47.902271,-15.727735],[-47.90256,-15.72765],[-47.902861,-15.727439],[-47.903048,-15.727427],[-47.903221,-15.727488],[-47.903607,-15.727275],[-47.904331,-15.727103],[-47.904505,-15.727164],[-47.904725,-15.727369],[-47.905515,-15.727548],[-47.906249,-15.727475],[-47.906995,-15.727817],[-47.907117,-15.727833],[-47.907368,-15.727767],[-47.907491,-15.727847],[-47.907556,-15.727954],[-47.907864,-15.728022],[-47.907974,-15.727975],[-47.908,-15.727921],[-47.90788,-15.727805],[-47.908364,-15.727835],[-47.908434,-15.728078],[-47.908596,-15.728166],[-47.90852,-15.728609],[-47.908587,-15.728665],[-47.908687,-15.728612],[-47.909217,-15.728707],[-47.909681,-15.728533],[-47.900805,-15.714195],[-47.900119,-15.713242],[-47.899515,-15.712665],[-47.897442,-15.71117],[-47.895345,-15.70957],[-47.891924,-15.706961],[-47.891822,-15.707045],[-47.891279,-15.707492],[-47.89067,-15.70751],[-47.889943,-15.707265],[-47.889571,-15.707294],[-47.889383,-15.707436],[-47.88938,-15.7075],[-47.889488,-15.707637],[-47.889479,-15.707704],[-47.889278,-15.707714],[-47.889147,-15.707792],[-47.889192,-15.707934],[-47.889375,-15.707993],[-47.889294,-15.70819],[-47.888693,-15.708561],[-47.888632,-15.708642],[-47.888468,-15.708659],[-47.888162,-15.70892],[-47.888074,-15.708931],[-47.887937,-15.709078],[-47.887191,-15.709148],[-47.886829,-15.709111],[-47.886768,-15.709233],[-47.88666,-15.709315],[-47.886231,-15.709411],[-47.885786,-15.709672],[-47.885169,-15.709798],[-47.884769,-15.709943],[-47.88467,-15.710054],[-47.88467,-15.710214],[-47.88441,-15.710299],[-47.884246,-15.710513],[-47.883723,-15.710632],[-47.883519,-15.710728],[-47.883367,-15.710885],[-47.882983,-15.71103],[-47.882935,-15.711099],[-47.882846,-15.711128],[-47.882412,-15.711097],[-47.882253,-15.71127],[-47.881991,-15.711327],[-47.881725,-15.711489],[-47.881419,-15.71142],[-47.881339,-15.711621],[-47.881162,-15.711608],[-47.881033,-15.711544],[-47.880853,-15.711371],[-47.88077,-15.711365],[-47.880668,-15.711433],[-47.880668,-15.711497],[-47.8808,-15.711588],[-47.880805,-15.711649],[-47.880596,-15.711859],[-47.880363,-15.711918],[-47.880239,-15.711998],[-47.880121,-15.711972],[-47.880081,-15.71191],[-47.879912,-15.711939],[-47.879947,-15.712073],[-47.880049,-15.712132],[-47.880022,-15.712225],[-47.879872,-15.712181],[-47.879472,-15.712225],[-47.879354,-15.712174],[-47.879107,-15.711926],[-47.878971,-15.711864],[-47.878796,-15.711861],[-47.878606,-15.711923],[-47.878359,-15.712058],[-47.878112,-15.712473],[-47.878163,-15.712677],[-47.878316,-15.712871],[-47.878329,-15.712956],[-47.878321,-15.713049],[-47.878177,-15.713261],[-47.878101,-15.713645],[-47.878168,-15.713782],[-47.878252,-15.713822],[-47.878262,-15.713963],[-47.878101,-15.714073],[-47.877734,-15.71419],[-47.877525,-15.714325],[-47.877275,-15.714405],[-47.877208,-15.714469],[-47.87719,-15.714586],[-47.877143,-15.714978],[-47.877093,-15.715094],[-47.876998,-15.715124],[-47.87683,-15.715246],[-47.876719,-15.715314],[-47.876668,-15.715314],[-47.876621,-15.715178],[-47.876487,-15.715155],[-47.876344,-15.715237],[-47.875978,-15.715258],[-47.875558,-15.715538],[-47.875304,-15.715606],[-47.875249,-15.715505],[-47.875384,-15.715354],[-47.875342,-15.715269],[-47.875062,-15.715251],[-47.874899,-15.715383],[-47.874668,-15.715703],[-47.874467,-15.715763],[-47.874403,-15.715845],[-47.874443,-15.715982],[-47.874643,-15.716163],[-47.874967,-15.715976],[-47.875083,-15.716004],[-47.875167,-15.716156],[-47.87486,-15.716418],[-47.874258,-15.716565],[-47.873847,-15.716778],[-47.872243,-15.717818],[-47.870558,-15.71603],[-47.870528,-15.71593],[-47.870444,-15.715651],[-47.869919,-15.713905],[-47.87158,-15.713643],[-47.872068,-15.713506],[-47.873923,-15.711719],[-47.87227,-15.711186],[-47.872099,-15.709585],[-47.872438,-15.708164],[-47.872724,-15.707963],[-47.873706,-15.707848],[-47.873837,-15.707566],[-47.874708,-15.707786],[-47.87528,-15.707505],[-47.880147,-15.70565],[-47.88251,-15.704703],[-47.884606,-15.701347],[-47.884123,-15.700978],[-47.882937,-15.700228],[-47.874622,-15.695849],[-47.867168,-15.692121],[-47.861879,-15.689578],[-47.861642,-15.689417],[-47.860642,-15.68874],[-47.859712,-15.688116],[-47.859639,-15.68817],[-47.859497,-15.688276],[-47.858821,-15.68878],[-47.858453,-15.689053],[-47.85813,-15.689294],[-47.857524,-15.689606],[-47.857482,-15.689628],[-47.857062,-15.689844],[-47.856945,-15.689904],[-47.853817,-15.691515],[-47.853593,-15.691631],[-47.853035,-15.691889],[-47.8519,-15.692414],[-47.850454,-15.692749],[-47.838878,-15.692822],[-47.837279,-15.692944],[-47.836298,-15.693246],[-47.834388,-15.694175],[-47.793766,-15.721968],[-47.792773,-15.722776],[-47.791934,-15.723792],[-47.791375,-15.724678],[-47.791033,-15.725432],[-47.790451,-15.726928],[-47.790312,-15.727286],[-47.790212,-15.727542],[-47.790062,-15.727829],[-47.789696,-15.728531],[-47.789439,-15.729269],[-47.789333,-15.729573],[-47.780426,-15.752484],[-47.779745,-15.754232],[-47.77933,-15.755303],[-47.779301,-15.755377],[-47.778933,-15.756323],[-47.778489,-15.7575],[-47.778136,-15.758434],[-47.779147,-15.758848],[-47.782711,-15.760102],[-47.784142,-15.760606],[-47.785815,-15.761195],[-47.787304,-15.761515],[-47.788063,-15.761574],[-47.78915,-15.761581],[-47.789176,-15.761578],[-47.790325,-15.76146],[-47.791076,-15.761344],[-47.795973,-15.760588],[-47.807707,-15.758776],[-47.809726,-15.757601],[-47.810365,-15.757373],[-47.811039,-15.757304],[-47.811706,-15.757449],[-47.81237,-15.757755],[-47.812544,-15.758211],[-47.812469,-15.75853],[-47.811892,-15.759972],[-47.809092,-15.762828],[-47.808708,-15.763312],[-47.808565,-15.764049],[-47.808629,-15.764892],[-47.808998,-15.7655],[-47.811373,-15.767708],[-47.812595,-15.769186],[-47.813093,-15.770668],[-47.81314,-15.77241],[-47.810488,-15.777237],[-47.808511,-15.780338],[-47.807794,-15.781352],[-47.806323,-15.7828],[-47.805778,-15.783504],[-47.805456,-15.78412],[-47.805205,-15.784787],[-47.804942,-15.786065],[-47.804815,-15.786417],[-47.804577,-15.786752],[-47.804195,-15.787086],[-47.803705,-15.787356],[-47.803189,-15.787493],[-47.802662,-15.787516],[-47.802085,-15.78729],[-47.801257,-15.786835],[-47.800485,-15.786291],[-47.799951,-15.785835],[-47.799368,-15.785115],[-47.798552,-15.783529],[-47.798326,-15.783357],[-47.79768,-15.782596],[-47.797374,-15.782286],[-47.796987,-15.781893],[-47.794561,-15.781115],[-47.793546,-15.781109],[-47.791655,-15.781315],[-47.78727,-15.781925],[-47.786607,-15.78208]]]}},{"type":"Feature","properties":{"nome":"Lago Sul","osm_id":3359474},"geometry":{"type":"Polygon","coordinates":[[[-47.932296,-15.851353],[-47.932142,-15.851368],[-47.932068,-15.851376],[-47.931781,-15.851404],[-47.931598,-15.851348],[-47.931573,-15.851341],[-47.931435,-15.851334],[-47.931332,-15.851297],[-47.931226,-15.851343],[-47.931147,-15.851404],[-47.930954,-15.851501],[-47.930797,-15.851466],[-47.930778,-15.851447],[-47.930675,-15.851346],[-47.930567,-15.851247],[-47.930461,-15.851211],[-47.930323,-15.851251],[-47.930248,-15.851294],[-47.930178,-15.851284],[-47.930105,-15.851278],[-47.930036,-15.8513],[-47.929937,-15.851321],[-47.929823,-15.851393],[-47.929719,-15.851488],[-47.929659,-15.85151],[-47.929591,-15.851534],[-47.929465,-15.851476],[-47.929318,-15.851408],[-47.929193,-15.851365],[-47.929062,-15.851366],[-47.928904,-15.851367],[-47.928707,-15.851279],[-47.928491,-15.85121],[-47.928084,-15.851164],[-47.927977,-15.851229],[-47.927915,-15.851309],[-47.927896,-15.85134],[-47.927889,-15.851352],[-47.927793,-15.851349],[-47.927456,-15.851303],[-47.927439,-15.851293],[-47.927126,-15.851101],[-47.927009,-15.851001],[-47.9268,-15.85091],[-47.926681,-15.850884],[-47.926558,-15.850863],[-47.92644,-15.850864],[-47.926313,-15.850883],[-47.926171,-15.850946],[-47.92617,-15.850947],[-47.926087,-15.85101],[-47.926023,-15.851076],[-47.925947,-15.851121],[-47.925903,-15.85113],[-47.925883,-15.851109],[-47.925853,-15.851076],[-47.925745,-15.850961],[-47.925701,-15.850924],[-47.92567,-15.850899],[-47.925573,-15.850875],[-47.925544,-15.850871],[-47.92541,-15.850854],[-47.925381,-15.850859],[-47.925306,-15.850872],[-47.925299,-15.850874],[-47.925203,-15.850899],[-47.925133,-15.850943],[-47.925045,-15.850998],[-47.924981,-15.85109],[-47.924961,-15.851185],[-47.924966,-15.851242],[-47.924984,-15.851447],[-47.9249,-15.851717],[-47.924201,-15.851581],[-47.924111,-15.851547],[-47.923929,-15.851477],[-47.923911,-15.851468],[-47.923876,-15.851451],[-47.923801,-15.851415],[-47.923664,-15.851384],[-47.923574,-15.851365],[-47.923555,-15.851361],[-47.923546,-15.851361],[-47.923438,-15.851359],[-47.923306,-15.851556],[-47.923286,-15.851656],[-47.923168,-15.851744],[-47.923023,-15.851799],[-47.922994,-15.85179],[-47.922898,-15.851757],[-47.92271,-15.851594],[-47.922601,-15.851539],[-47.922537,-15.851538],[-47.922229,-15.851532],[-47.922075,-15.85149],[-47.921915,-15.851492],[-47.92183,-15.851478],[-47.921793,-15.851466],[-47.921733,-15.851445],[-47.921582,-15.851405],[-47.921519,-15.851398],[-47.92126,-15.851367],[-47.921086,-15.851356],[-47.920934,-15.851364],[-47.920655,-15.851397],[-47.920516,-15.851396],[-47.920393,-15.851415],[-47.920346,-15.85143],[-47.920211,-15.851475],[-47.920074,-15.851528],[-47.920006,-15.851566],[-47.919956,-15.8516],[-47.919796,-15.851614],[-47.91965,-15.851557],[-47.919614,-15.851537],[-47.918439,-15.850878],[-47.917706,-15.850546],[-47.91743,-15.850425],[-47.917197,-15.850256],[-47.917105,-15.850193],[-47.917024,-15.850139],[-47.916737,-15.849945],[-47.916214,-15.849706],[-47.915647,-15.849345],[-47.914695,-15.848593],[-47.914439,-15.848417],[-47.914319,-15.848341],[-47.914239,-15.848289],[-47.913959,-15.848188],[-47.913428,-15.847883],[-47.912928,-15.847546],[-47.912743,-15.847448],[-47.911363,-15.846713],[-47.91095,-15.846557],[-47.910529,-15.846443],[-47.910072,-15.84634],[-47.909598,-15.846308],[-47.90925,-15.846145],[-47.909081,-15.846066],[-47.909028,-15.846041],[-47.908845,-15.845955],[-47.908529,-15.84609],[-47.908353,-15.846147],[-47.908195,-15.846125],[-47.907635,-15.846002],[-47.907096,-15.845852],[-47.906267,-15.845417],[-47.905578,-15.845131],[-47.90526,-15.844941],[-47.903644,-15.843482],[-47.903735,-15.844062],[-47.903733,-15.844181],[-47.903666,-15.844315],[-47.903577,-15.844377],[-47.903478,-15.84437],[-47.903261,-15.844253],[-47.902909,-15.844101],[-47.902861,-15.844074],[-47.902852,-15.844041],[-47.902841,-15.84397],[-47.902818,-15.843946],[-47.902679,-15.843883],[-47.902628,-15.843888],[-47.902566,-15.843904],[-47.902517,-15.843902],[-47.902271,-15.843784],[-47.901095,-15.843104],[-47.900922,-15.843007],[-47.900715,-15.842886],[-47.900471,-15.842685],[-47.900125,-15.842476],[-47.899736,-15.842274],[-47.899286,-15.841947],[-47.898687,-15.841601],[-47.898505,-15.841498],[-47.898333,-15.841335],[-47.898237,-15.841178],[-47.898197,-15.840984],[-47.898215,-15.840692],[-47.898178,-15.840618],[-47.898122,-15.840582],[-47.897845,-15.840638],[-47.897789,-15.840669],[-47.897658,-15.84076],[-47.89743,-15.840834],[-47.897163,-15.840801],[-47.897014,-15.840743],[-47.896955,-15.840702],[-47.896898,-15.840691],[-47.896829,-15.8407],[-47.896354,-15.840783],[-47.896134,-15.840851],[-47.896028,-15.840869],[-47.895927,-15.840867],[-47.895871,-15.84085],[-47.895801,-15.840793],[-47.895744,-15.840791],[-47.895642,-15.840818],[-47.895626,-15.840814],[-47.89558,-15.840788],[-47.895525,-15.840776],[-47.895471,-15.840796],[-47.895341,-15.840841],[-47.895152,-15.840868],[-47.895115,-15.840891],[-47.895044,-15.840981],[-47.894935,-15.841015],[-47.894774,-15.841012],[-47.894503,-15.841012],[-47.894369,-15.840997],[-47.89424,-15.840994],[-47.893937,-15.841054],[-47.893774,-15.841054],[-47.893418,-15.841027],[-47.893386,-15.841038],[-47.893342,-15.841063],[-47.893272,-15.841076],[-47.893116,-15.841059],[-47.892762,-15.840985],[-47.892371,-15.840979],[-47.892196,-15.840922],[-47.891976,-15.84078],[-47.891673,-15.840638],[-47.891488,-15.840569],[-47.891309,-15.840419],[-47.891231,-15.840362],[-47.891039,-15.840311],[-47.890726,-15.840137],[-47.89055,-15.840019],[-47.890252,-15.839759],[-47.889777,-15.83933],[-47.889729,-15.839307],[-47.889674,-15.839311],[-47.889632,-15.839299],[-47.889451,-15.839197],[-47.889333,-15.839128],[-47.889304,-15.839091],[-47.889292,-15.839033],[-47.88925,-15.838999],[-47.889104,-15.838943],[-47.888982,-15.838871],[-47.888846,-15.838751],[-47.888779,-15.838697],[-47.888686,-15.83865],[-47.88839,-15.838496],[-47.887816,-15.838218],[-47.887355,-15.837908],[-47.886923,-15.837625],[-47.886758,-15.837421],[-47.886591,-15.837301],[-47.886353,-15.837155],[-47.88608,-15.836908],[-47.885908,-15.836681],[-47.885858,-15.836565],[-47.885832,-15.836529],[-47.885758,-15.83647],[-47.885706,-15.836421],[-47.885617,-15.836283],[-47.885357,-15.836061],[-47.885011,-15.835622],[-47.88485,-15.835354],[-47.884713,-15.835178],[-47.884611,-15.834941],[-47.884415,-15.834288],[-47.884295,-15.833893],[-47.884268,-15.833733],[-47.88426,-15.833633],[-47.884281,-15.833101],[-47.884211,-15.832683],[-47.884158,-15.832427],[-47.883933,-15.831604],[-47.883922,-15.831413],[-47.883882,-15.831068],[-47.883815,-15.830846],[-47.8836,-15.8305],[-47.883345,-15.82987],[-47.883337,-15.829728],[-47.883374,-15.829077],[-47.883328,-15.828807],[-47.883187,-15.828574],[-47.883065,-15.828509],[-47.882907,-15.828475],[-47.882807,-15.82851],[-47.88275,-15.82858],[-47.882643,-15.828815],[-47.882398,-15.828995],[-47.88216,-15.829045],[-47.881859,-15.829011],[-47.881328,-15.828843],[-47.880786,-15.828521],[-47.880105,-15.827932],[-47.879748,-15.827512],[-47.879596,-15.827058],[-47.879531,-15.826761],[-47.879487,-15.826401],[-47.879394,-15.826113],[-47.879275,-15.825961],[-47.879102,-15.825842],[-47.878835,-15.825747],[-47.878064,-15.825454],[-47.877773,-15.825372],[-47.877612,-15.825303],[-47.877466,-15.825159],[-47.877214,-15.824923],[-47.87699,-15.824667],[-47.876713,-15.824585],[-47.876589,-15.824575],[-47.876035,-15.824562],[-47.875857,-15.824598],[-47.875634,-15.82469],[-47.875535,-15.824725],[-47.875456,-15.824699],[-47.875359,-15.824629],[-47.875233,-15.824593],[-47.875135,-15.824607],[-47.874884,-15.824737],[-47.874793,-15.824751],[-47.874682,-15.824738],[-47.874441,-15.824661],[-47.874294,-15.824634],[-47.874037,-15.824597],[-47.874018,-15.824593],[-47.873998,-15.824589],[-47.87389,-15.824567],[-47.873849,-15.824553],[-47.873583,-15.824473],[-47.873429,-15.824447],[-47.8733,-15.824398],[-47.873094,-15.824312],[-47.872694,-15.824205],[-47.872455,-15.824214],[-47.872317,-15.824262],[-47.872202,-15.824325],[-47.872095,-15.824416],[-47.872027,-15.824463],[-47.871874,-15.824542],[-47.871826,-15.82458],[-47.871796,-15.82464],[-47.871761,-15.824712],[-47.871735,-15.824838],[-47.87169,-15.824915],[-47.871611,-15.825006],[-47.871606,-15.82501],[-47.871601,-15.825015],[-47.871554,-15.825055],[-47.871525,-15.825092],[-47.871434,-15.825292],[-47.871368,-15.825372],[-47.871224,-15.825495],[-47.87113,-15.825638],[-47.871011,-15.825984],[-47.870898,-15.82623],[-47.870814,-15.826538],[-47.870829,-15.826648],[-47.8709,-15.826707],[-47.871022,-15.826775],[-47.871172,-15.826801],[-47.8713,-15.826833],[-47.871485,-15.826951],[-47.871668,-15.827099],[-47.871786,-15.827245],[-47.871832,-15.827402],[-47.871931,-15.827615],[-47.871946,-15.827718],[-47.871946,-15.827833],[-47.871879,-15.827971],[-47.871786,-15.828374],[-47.871629,-15.829025],[-47.871564,-15.82927],[-47.871451,-15.82943],[-47.871286,-15.82962],[-47.870983,-15.829882],[-47.870683,-15.829976],[-47.870385,-15.830007],[-47.870117,-15.829927],[-47.869666,-15.829721],[-47.86928,-15.829509],[-47.869014,-15.829266],[-47.868786,-15.829055],[-47.868369,-15.828692],[-47.868266,-15.82861],[-47.868185,-15.828583],[-47.868077,-15.828583],[-47.867959,-15.828549],[-47.867166,-15.828139],[-47.866911,-15.828069],[-47.866563,-15.828023],[-47.866368,-15.827953],[-47.866251,-15.827851],[-47.866149,-15.82782],[-47.866029,-15.827821],[-47.86556,-15.827989],[-47.865146,-15.828092],[-47.864564,-15.828252],[-47.863948,-15.82833],[-47.863298,-15.828291],[-47.86282,-15.828232],[-47.862424,-15.828162],[-47.861983,-15.82806],[-47.861456,-15.827926],[-47.861028,-15.827753],[-47.860847,-15.827672],[-47.860608,-15.827597],[-47.859651,-15.827329],[-47.859488,-15.827295],[-47.859438,-15.827288],[-47.85922,-15.827292],[-47.859068,-15.827264],[-47.858735,-15.827157],[-47.85858,-15.827101],[-47.858554,-15.827088],[-47.858477,-15.827085],[-47.857786,-15.82701],[-47.857593,-15.827014],[-47.857497,-15.827014],[-47.857405,-15.827043],[-47.857318,-15.82706],[-47.857123,-15.82702],[-47.856978,-15.827038],[-47.856567,-15.827165],[-47.856286,-15.827208],[-47.855506,-15.827326],[-47.855324,-15.827403],[-47.855072,-15.827681],[-47.854951,-15.827803],[-47.854912,-15.827981],[-47.854927,-15.828262],[-47.854852,-15.828554],[-47.854734,-15.828817],[-47.854729,-15.829239],[-47.854824,-15.829405],[-47.854928,-15.829528],[-47.855081,-15.829622],[-47.855204,-15.829677],[-47.855386,-15.829732],[-47.855606,-15.829816],[-47.855807,-15.829966],[-47.855881,-15.830052],[-47.855927,-15.830073],[-47.856028,-15.830084],[-47.85612,-15.830075],[-47.856228,-15.830111],[-47.856317,-15.830174],[-47.856409,-15.83027],[-47.856471,-15.830433],[-47.856515,-15.830488],[-47.856574,-15.830537],[-47.856738,-15.830655],[-47.85688,-15.830789],[-47.857003,-15.830999],[-47.857043,-15.831024],[-47.857083,-15.831026],[-47.857125,-15.831009],[-47.857145,-15.831001],[-47.857163,-15.831006],[-47.857184,-15.831031],[-47.857414,-15.831302],[-47.857475,-15.831413],[-47.857556,-15.831484],[-47.857875,-15.831622],[-47.858183,-15.831815],[-47.858423,-15.832042],[-47.858525,-15.832144],[-47.858708,-15.832418],[-47.858755,-15.832464],[-47.859009,-15.832644],[-47.859109,-15.832759],[-47.859185,-15.83295],[-47.859237,-15.833125],[-47.859288,-15.83318],[-47.859478,-15.833271],[-47.859585,-15.833359],[-47.859675,-15.833476],[-47.8597,-15.833563],[-47.859681,-15.833627],[-47.859692,-15.833665],[-47.859734,-15.833709],[-47.860321,-15.834087],[-47.860427,-15.83415],[-47.860608,-15.834202],[-47.860742,-15.834298],[-47.860796,-15.834434],[-47.860836,-15.834589],[-47.860915,-15.834713],[-47.86108,-15.834839],[-47.861309,-15.835069],[-47.861386,-15.835111],[-47.861499,-15.835176],[-47.861564,-15.835245],[-47.861607,-15.835421],[-47.861596,-15.835687],[-47.861625,-15.835719],[-47.861701,-15.83576],[-47.861829,-15.835883],[-47.861888,-15.836007],[-47.861869,-15.836158],[-47.861794,-15.83633],[-47.861773,-15.836396],[-47.861795,-15.836443],[-47.861832,-15.836463],[-47.861873,-15.836465],[-47.861976,-15.836418],[-47.862051,-15.836396],[-47.862161,-15.836432],[-47.862314,-15.836559],[-47.862502,-15.836726],[-47.862693,-15.83696],[-47.862802,-15.837157],[-47.862842,-15.837341],[-47.862901,-15.837423],[-47.863119,-15.837557],[-47.863352,-15.83772],[-47.863677,-15.838236],[-47.865003,-15.839769],[-47.865393,-15.840288],[-47.865787,-15.840692],[-47.866233,-15.841183],[-47.866356,-15.841258],[-47.866506,-15.841343],[-47.866616,-15.841485],[-47.866656,-15.841712],[-47.866675,-15.841846],[-47.867082,-15.842656],[-47.86712,-15.842711],[-47.867206,-15.842775],[-47.867248,-15.842832],[-47.867453,-15.843304],[-47.867534,-15.843477],[-47.867858,-15.844044],[-47.868223,-15.844584],[-47.868278,-15.844801],[-47.868355,-15.844972],[-47.868529,-15.84526],[-47.868665,-15.845502],[-47.868766,-15.845716],[-47.86884,-15.84607],[-47.86888,-15.846498],[-47.868896,-15.84672],[-47.868923,-15.846875],[-47.869041,-15.847267],[-47.869105,-15.847365],[-47.869415,-15.847531],[-47.869741,-15.847812],[-47.869813,-15.84796],[-47.869803,-15.848196],[-47.869671,-15.848441],[-47.869304,-15.84888],[-47.868985,-15.84911],[-47.868588,-15.849257],[-47.868462,-15.849344],[-47.868337,-15.849561],[-47.868171,-15.850084],[-47.868125,-15.850468],[-47.868196,-15.85081],[-47.868228,-15.850874],[-47.868553,-15.851119],[-47.868604,-15.851241],[-47.868615,-15.851681],[-47.868665,-15.851904],[-47.868721,-15.85221],[-47.869091,-15.852954],[-47.869261,-15.85306],[-47.869752,-15.85322],[-47.869961,-15.853336],[-47.870331,-15.853731],[-47.870538,-15.854004],[-47.870669,-15.854223],[-47.870811,-15.854745],[-47.870876,-15.854905],[-47.871109,-15.855059],[-47.871589,-15.85524],[-47.872021,-15.855526],[-47.8723,-15.855637],[-47.872571,-15.855702],[-47.872839,-15.8558],[-47.873051,-15.855988],[-47.873268,-15.856404],[-47.873476,-15.856608],[-47.873689,-15.856758],[-47.874252,-15.856959],[-47.874478,-15.8571],[-47.87466,-15.857376],[-47.874639,-15.857593],[-47.874424,-15.857792],[-47.873936,-15.85822],[-47.873233,-15.85863],[-47.872346,-15.858929],[-47.871892,-15.858966],[-47.871568,-15.85886],[-47.87067,-15.858267],[-47.87042,-15.857934],[-47.87013,-15.857142],[-47.869942,-15.856922],[-47.869782,-15.856775],[-47.869234,-15.856427],[-47.868853,-15.856099],[-47.86875,-15.855921],[-47.8687,-15.855697],[-47.868673,-15.855297],[-47.868834,-15.854637],[-47.86895,-15.85446],[-47.869081,-15.854396],[-47.869253,-15.854404],[-47.869532,-15.854386],[-47.869714,-15.85428],[-47.869785,-15.854201],[-47.869792,-15.854096],[-47.869746,-15.854007],[-47.869537,-15.853883],[-47.869261,-15.853837],[-47.869013,-15.853831],[-47.868899,-15.853815],[-47.8688,-15.853756],[-47.868621,-15.85367],[-47.868518,-15.853658],[-47.868448,-15.853669],[-47.868287,-15.853745],[-47.868176,-15.853734],[-47.868003,-15.853673],[-47.867892,-15.85359],[-47.867825,-15.853567],[-47.867724,-15.853556],[-47.867652,-15.853535],[-47.867599,-15.853479],[-47.867522,-15.853362],[-47.867476,-15.853317],[-47.867407,-15.853289],[-47.867363,-15.853262],[-47.867339,-15.85321],[-47.867359,-15.853022],[-47.867365,-15.85287],[-47.867393,-15.852796],[-47.86748,-15.852727],[-47.867516,-15.852694],[-47.867524,-15.852675],[-47.867517,-15.852642],[-47.867391,-15.852448],[-47.867348,-15.852407],[-47.867171,-15.852309],[-47.867001,-15.852193],[-47.866926,-15.852113],[-47.866832,-15.852078],[-47.866753,-15.852095],[-47.866713,-15.852139],[-47.866689,-15.852199],[-47.866709,-15.8523],[-47.866686,-15.85234],[-47.866634,-15.852353],[-47.866579,-15.852344],[-47.866479,-15.852303],[-47.866262,-15.852288],[-47.866096,-15.852318],[-47.865734,-15.852483],[-47.865657,-15.852537],[-47.865562,-15.852629],[-47.865452,-15.852659],[-47.865297,-15.852653],[-47.865168,-15.852647],[-47.864555,-15.852435],[-47.864464,-15.852381],[-47.864403,-15.852322],[-47.86437,-15.852263],[-47.864169,-15.852092],[-47.864108,-15.852074],[-47.863819,-15.852041],[-47.863613,-15.852021],[-47.863411,-15.852056],[-47.863289,-15.852108],[-47.863173,-15.852157],[-47.862923,-15.852165],[-47.862585,-15.852099],[-47.862376,-15.852082],[-47.861939,-15.852179],[-47.8618,-15.852246],[-47.861654,-15.852273],[-47.861226,-15.852282],[-47.860962,-15.852335],[-47.86071,-15.852417],[-47.860485,-15.852539],[-47.860321,-15.852673],[-47.860163,-15.852936],[-47.860065,-15.853024],[-47.859915,-15.853056],[-47.859767,-15.853016],[-47.859659,-15.853024],[-47.859562,-15.853088],[-47.859474,-15.853209],[-47.859411,-15.853233],[-47.85935,-15.853204],[-47.859335,-15.853111],[-47.859352,-15.852982],[-47.859325,-15.852922],[-47.85924,-15.85288],[-47.859117,-15.852868],[-47.859079,-15.852889],[-47.859014,-15.853037],[-47.858933,-15.853102],[-47.858869,-15.853097],[-47.858844,-15.853069],[-47.858819,-15.852994],[-47.858795,-15.852714],[-47.858674,-15.852464],[-47.858505,-15.852188],[-47.858418,-15.851784],[-47.858387,-15.851597],[-47.858433,-15.85151],[-47.858606,-15.851413],[-47.858704,-15.851399],[-47.858888,-15.851313],[-47.859089,-15.851264],[-47.859369,-15.851189],[-47.860203,-15.850805],[-47.860756,-15.850683],[-47.861037,-15.850677],[-47.861316,-15.850701],[-47.861802,-15.850748],[-47.862134,-15.850722],[-47.862268,-15.850668],[-47.862553,-15.8504],[-47.862816,-15.850219],[-47.863099,-15.850062],[-47.863497,-15.850018],[-47.863859,-15.850046],[-47.863904,-15.85002],[-47.86391,-15.849976],[-47.863878,-15.84986],[-47.8638,-15.849654],[-47.863575,-15.849334],[-47.863292,-15.848732],[-47.862658,-15.847755],[-47.862081,-15.847081],[-47.861528,-15.846343],[-47.861501,-15.846283],[-47.861505,-15.846147],[-47.861499,-15.846122],[-47.860944,-15.84566],[-47.860493,-15.845446],[-47.860082,-15.845363],[-47.859675,-15.845206],[-47.859347,-15.844924],[-47.859286,-15.84488],[-47.859063,-15.844836],[-47.858924,-15.844751],[-47.858869,-15.844662],[-47.858863,-15.844632],[-47.858876,-15.844607],[-47.85892,-15.844582],[-47.85892,-15.844575],[-47.858912,-15.844567],[-47.858638,-15.844473],[-47.858194,-15.844269],[-47.858036,-15.844127],[-47.857981,-15.843966],[-47.857918,-15.843877],[-47.857156,-15.842919],[-47.856175,-15.841945],[-47.855708,-15.841487],[-47.855263,-15.841152],[-47.8549,-15.840853],[-47.854509,-15.840538],[-47.854241,-15.840228],[-47.853651,-15.839875],[-47.853473,-15.839783],[-47.853248,-15.839778],[-47.853125,-15.839731],[-47.853017,-15.83961],[-47.852772,-15.839392],[-47.852722,-15.839366],[-47.852076,-15.839266],[-47.851552,-15.839241],[-47.851533,-15.839264],[-47.851514,-15.839373],[-47.851481,-15.839389],[-47.851109,-15.839423],[-47.850736,-15.839389],[-47.850574,-15.839433],[-47.850134,-15.839742],[-47.850013,-15.839816],[-47.849972,-15.839841],[-47.849915,-15.839848],[-47.849834,-15.839837],[-47.849764,-15.839849],[-47.848808,-15.84017],[-47.848409,-15.840127],[-47.84787,-15.840013],[-47.847526,-15.839921],[-47.84752,-15.839911],[-47.847547,-15.839818],[-47.847546,-15.839806],[-47.847449,-15.839776],[-47.847432,-15.839783],[-47.847399,-15.839875],[-47.847387,-15.839882],[-47.845942,-15.839519],[-47.844105,-15.839059],[-47.843871,-15.839023],[-47.843557,-15.839016],[-47.843206,-15.839153],[-47.843057,-15.839254],[-47.842857,-15.839284],[-47.84268,-15.839249],[-47.842616,-15.839186],[-47.842592,-15.839098],[-47.842577,-15.839082],[-47.842113,-15.838996],[-47.842097,-15.839009],[-47.842086,-15.83905],[-47.842074,-15.839061],[-47.841807,-15.839022],[-47.841767,-15.839028],[-47.841383,-15.839156],[-47.841365,-15.839171],[-47.841337,-15.839348],[-47.841318,-15.839364],[-47.841055,-15.839339],[-47.840997,-15.839343],[-47.840953,-15.839374],[-47.840945,-15.839398],[-47.84095,-15.839465],[-47.840938,-15.839482],[-47.840938,-15.839482],[-47.840901,-15.839483],[-47.84087,-15.839461],[-47.840856,-15.839443],[-47.84078,-15.83934],[-47.840785,-15.839302],[-47.840811,-15.839252],[-47.840878,-15.839199],[-47.840896,-15.839151],[-47.840872,-15.838924],[-47.840843,-15.838798],[-47.840858,-15.838762],[-47.840922,-15.838712],[-47.840929,-15.838684],[-47.840921,-15.838629],[-47.840568,-15.837986],[-47.840223,-15.837085],[-47.840193,-15.837049],[-47.840137,-15.837017],[-47.840022,-15.836889],[-47.839954,-15.836764],[-47.839922,-15.836569],[-47.839943,-15.836405],[-47.839938,-15.836361],[-47.839797,-15.836045],[-47.839255,-15.835127],[-47.838668,-15.834107],[-47.838413,-15.833783],[-47.837887,-15.833227],[-47.83788,-15.83318],[-47.837888,-15.833161],[-47.837971,-15.833082],[-47.837977,-15.833071],[-47.837972,-15.83306],[-47.837882,-15.832997],[-47.83769,-15.832958],[-47.83753,-15.832942],[-47.837234,-15.832749],[-47.837201,-15.832718],[-47.837201,-15.832704],[-47.83726,-15.832616],[-47.837247,-15.83259],[-47.836181,-15.831929],[-47.835385,-15.831525],[-47.834494,-15.831239],[-47.834447,-15.831229],[-47.834416,-15.831242],[-47.8343,-15.831322],[-47.834179,-15.831341],[-47.834003,-15.83129],[-47.833919,-15.831224],[-47.833863,-15.831096],[-47.833834,-15.831047],[-47.833794,-15.831028],[-47.83362,-15.831008],[-47.832756,-15.830802],[-47.832321,-15.830763],[-47.831817,-15.830722],[-47.831474,-15.830761],[-47.83097,-15.830972],[-47.830535,-15.83126],[-47.83005,-15.83153],[-47.829473,-15.831738],[-47.829026,-15.831771],[-47.828832,-15.83177],[-47.828693,-15.831881],[-47.828617,-15.832064],[-47.828537,-15.832213],[-47.82833,-15.832347],[-47.827885,-15.83242],[-47.827492,-15.832477],[-47.827165,-15.832472],[-47.826551,-15.832589],[-47.826026,-15.832508],[-47.825927,-15.832524],[-47.825769,-15.83264],[-47.82564,-15.832646],[-47.825501,-15.832551],[-47.825407,-15.832389],[-47.825426,-15.832257],[-47.825747,-15.831755],[-47.825967,-15.831534],[-47.826139,-15.831393],[-47.826595,-15.830998],[-47.826869,-15.830674],[-47.827388,-15.829616],[-47.827523,-15.828446],[-47.827427,-15.828144],[-47.827105,-15.82778],[-47.826552,-15.827269],[-47.826158,-15.827039],[-47.825956,-15.826825],[-47.825448,-15.826471],[-47.825283,-15.826322],[-47.825211,-15.826203],[-47.825149,-15.826023],[-47.825073,-15.825971],[-47.824916,-15.825919],[-47.82481,-15.825838],[-47.824637,-15.825656],[-47.824111,-15.825441],[-47.823433,-15.825344],[-47.823245,-15.825259],[-47.823199,-15.825161],[-47.82314,-15.82481],[-47.823025,-15.824423],[-47.82282,-15.823922],[-47.822312,-15.823107],[-47.821469,-15.822193],[-47.821163,-15.821969],[-47.820874,-15.821868],[-47.820622,-15.821778],[-47.820147,-15.821669],[-47.819954,-15.82162],[-47.819789,-15.821487],[-47.819508,-15.821328],[-47.81888,-15.821156],[-47.818653,-15.821132],[-47.818331,-15.821166],[-47.817902,-15.82115],[-47.817437,-15.821019],[-47.817352,-15.821002],[-47.817282,-15.821009],[-47.817227,-15.821064],[-47.817119,-15.821241],[-47.81677,-15.821367],[-47.816577,-15.821352],[-47.816459,-15.821305],[-47.816443,-15.821187],[-47.816428,-15.820934],[-47.816702,-15.820498],[-47.817088,-15.819987],[-47.817322,-15.819798],[-47.817559,-15.819631],[-47.818079,-15.819161],[-47.818465,-15.818794],[-47.818927,-15.818113],[-47.81905,-15.817793],[-47.8192,-15.817463],[-47.819356,-15.817122],[-47.81935,-15.816689],[-47.81929,-15.816276],[-47.819051,-15.815062],[-47.818763,-15.814122],[-47.818529,-15.812879],[-47.818492,-15.812247],[-47.818416,-15.811941],[-47.818269,-15.810678],[-47.818191,-15.810372],[-47.818218,-15.810056],[-47.818349,-15.809774],[-47.818752,-15.80947],[-47.818936,-15.809272],[-47.818927,-15.809038],[-47.818748,-15.808803],[-47.818339,-15.808435],[-47.817719,-15.808126],[-47.817315,-15.807598],[-47.817222,-15.807291],[-47.817189,-15.80698],[-47.817248,-15.806861],[-47.817253,-15.806802],[-47.817223,-15.806745],[-47.81714,-15.806682],[-47.817085,-15.806588],[-47.817065,-15.805788],[-47.817018,-15.805727],[-47.816966,-15.805704],[-47.816818,-15.80571],[-47.816168,-15.805837],[-47.814471,-15.80635],[-47.813951,-15.806441],[-47.813763,-15.806394],[-47.813605,-15.806296],[-47.813412,-15.806069],[-47.813377,-15.805963],[-47.813431,-15.80586],[-47.814399,-15.805101],[-47.814801,-15.804637],[-47.815162,-15.803981],[-47.815369,-15.803328],[-47.815372,-15.803064],[-47.815241,-15.802812],[-47.814069,-15.80122],[-47.813841,-15.800709],[-47.81383,-15.800657],[-47.813832,-15.800641],[-47.813859,-15.800617],[-47.813864,-15.800596],[-47.813471,-15.799617],[-47.812849,-15.798376],[-47.812747,-15.798227],[-47.812668,-15.798183],[-47.812578,-15.798136],[-47.812425,-15.797939],[-47.812363,-15.797694],[-47.812202,-15.797382],[-47.811863,-15.797126],[-47.811515,-15.796867],[-47.811491,-15.796856],[-47.811054,-15.796582],[-47.810687,-15.79628],[-47.80992,-15.795804],[-47.809751,-15.795524],[-47.809747,-15.795424],[-47.809786,-15.795382],[-47.810291,-15.795022],[-47.810401,-15.794585],[-47.810388,-15.794351],[-47.81031,-15.794256],[-47.810239,-15.794234],[-47.810074,-15.794263],[-47.810006,-15.79429],[-47.809964,-15.794276],[-47.809917,-15.794214],[-47.809908,-15.794173],[-47.809936,-15.794123],[-47.81,-15.794058],[-47.810006,-15.793973],[-47.809959,-15.793878],[-47.809885,-15.793758],[-47.809739,-15.793677],[-47.809576,-15.793556],[-47.809279,-15.793224],[-47.809096,-15.793126],[-47.808415,-15.792945],[-47.807844,-15.792889],[-47.80764,-15.792943],[-47.807459,-15.793052],[-47.807408,-15.793103],[-47.807369,-15.793117],[-47.807315,-15.793104],[-47.807264,-15.793038],[-47.807134,-15.792956],[-47.80679,-15.792811],[-47.80587,-15.792679],[-47.80554,-15.792723],[-47.805418,-15.792739],[-47.805335,-15.792703],[-47.805178,-15.792578],[-47.804975,-15.792548],[-47.804735,-15.792563],[-47.804563,-15.792521],[-47.804237,-15.792346],[-47.80416,-15.792327],[-47.804083,-15.792349],[-47.803893,-15.792473],[-47.803688,-15.792633],[-47.803621,-15.792749],[-47.803584,-15.792784],[-47.803541,-15.792787],[-47.803351,-15.792768],[-47.803098,-15.792722],[-47.802725,-15.792685],[-47.802487,-15.792748],[-47.80242,-15.792864],[-47.802446,-15.793016],[-47.802541,-15.793188],[-47.802654,-15.793278],[-47.802746,-15.793375],[-47.802878,-15.793627],[-47.803061,-15.793784],[-47.803403,-15.793921],[-47.803531,-15.794002],[-47.803672,-15.79417],[-47.803682,-15.794223],[-47.803509,-15.794428],[-47.80345,-15.794453],[-47.803397,-15.794442],[-47.803322,-15.794397],[-47.80301,-15.794273],[-47.802426,-15.794125],[-47.80203,-15.794077],[-47.801836,-15.794049],[-47.801712,-15.79406],[-47.801373,-15.794117],[-47.801331,-15.794131],[-47.801299,-15.794176],[-47.801259,-15.794326],[-47.801274,-15.794375],[-47.801335,-15.794474],[-47.801346,-15.79454],[-47.801302,-15.794642],[-47.801303,-15.79469],[-47.801321,-15.794722],[-47.801382,-15.794767],[-47.801401,-15.794805],[-47.801388,-15.794844],[-47.801237,-15.79492],[-47.801003,-15.794982],[-47.800914,-15.794983],[-47.800831,-15.794961],[-47.80081,-15.794938],[-47.800812,-15.794899],[-47.800865,-15.794838],[-47.800885,-15.794776],[-47.80087,-15.794747],[-47.800772,-15.794711],[-47.799691,-15.794725],[-47.79957,-15.794754],[-47.798601,-15.795197],[-47.798586,-15.795232],[-47.798578,-15.795276],[-47.798615,-15.795398],[-47.798665,-15.795453],[-47.798726,-15.795462],[-47.798996,-15.795413],[-47.799041,-15.795424],[-47.799058,-15.795459],[-47.799054,-15.795516],[-47.798888,-15.795711],[-47.798688,-15.795817],[-47.798624,-15.795875],[-47.798518,-15.796126],[-47.798504,-15.796182],[-47.798535,-15.796302],[-47.798585,-15.796347],[-47.798701,-15.796405],[-47.798756,-15.796464],[-47.798751,-15.796521],[-47.798697,-15.796641],[-47.7987,-15.796768],[-47.798687,-15.797015],[-47.798628,-15.797178],[-47.798483,-15.797286],[-47.798341,-15.797281],[-47.798265,-15.797204],[-47.798174,-15.797062],[-47.798032,-15.796724],[-47.797922,-15.796306],[-47.797882,-15.796094],[-47.797807,-15.795955],[-47.797665,-15.795817],[-47.797602,-15.795771],[-47.79754,-15.795765],[-47.797367,-15.795819],[-47.797317,-15.79588],[-47.797307,-15.795948],[-47.797275,-15.796002],[-47.797207,-15.796054],[-47.797132,-15.796071],[-47.796949,-15.79609],[-47.79691,-15.796115],[-47.796893,-15.796145],[-47.796886,-15.796259],[-47.796889,-15.796317],[-47.796914,-15.796353],[-47.797018,-15.796459],[-47.797034,-15.796488],[-47.797024,-15.796523],[-47.797001,-15.796534],[-47.796977,-15.796528],[-47.79668,-15.796411],[-47.796181,-15.796008],[-47.796033,-15.795947],[-47.795882,-15.795939],[-47.795792,-15.795977],[-47.795766,-15.796027],[-47.795755,-15.796343],[-47.795778,-15.796437],[-47.795854,-15.796517],[-47.795876,-15.796553],[-47.795876,-15.796582],[-47.795838,-15.796606],[-47.795703,-15.796622],[-47.79561,-15.79667],[-47.795544,-15.796739],[-47.795535,-15.7968],[-47.795557,-15.797142],[-47.795542,-15.797226],[-47.795461,-15.797261],[-47.79542,-15.797259],[-47.795403,-15.797239],[-47.795339,-15.796997],[-47.795217,-15.796833],[-47.795044,-15.7966],[-47.794747,-15.796001],[-47.794685,-15.795944],[-47.794587,-15.795937],[-47.794435,-15.795986],[-47.794028,-15.796045],[-47.793923,-15.796117],[-47.793794,-15.79628],[-47.793698,-15.796316],[-47.793412,-15.796267],[-47.793204,-15.796159],[-47.792959,-15.796084],[-47.792818,-15.79594],[-47.792708,-15.795868],[-47.792544,-15.795862],[-47.792349,-15.795969],[-47.792196,-15.796125],[-47.792149,-15.796144],[-47.792117,-15.796121],[-47.792102,-15.79608],[-47.792129,-15.795724],[-47.792059,-15.795595],[-47.791852,-15.795476],[-47.79173,-15.795463],[-47.791576,-15.795515],[-47.791439,-15.795658],[-47.791379,-15.795666],[-47.791336,-15.795645],[-47.791194,-15.795397],[-47.791093,-15.795359],[-47.790993,-15.795365],[-47.790944,-15.795411],[-47.790853,-15.795601],[-47.790757,-15.795689],[-47.790656,-15.795713],[-47.790447,-15.795744],[-47.790303,-15.795748],[-47.789827,-15.795697],[-47.789538,-15.795773],[-47.789302,-15.795927],[-47.789198,-15.796059],[-47.789186,-15.79624],[-47.789279,-15.796395],[-47.789293,-15.796449],[-47.789247,-15.796672],[-47.789239,-15.797147],[-47.78929,-15.797254],[-47.789371,-15.797273],[-47.789493,-15.797303],[-47.789539,-15.797363],[-47.789544,-15.797432],[-47.789475,-15.797516],[-47.789386,-15.797701],[-47.789391,-15.797793],[-47.789476,-15.79799],[-47.789508,-15.798136],[-47.78948,-15.798286],[-47.789315,-15.798458],[-47.789307,-15.798524],[-47.789362,-15.798592],[-47.789764,-15.798879],[-47.789806,-15.798934],[-47.789802,-15.798977],[-47.789692,-15.799021],[-47.789387,-15.799052],[-47.78928,-15.799092],[-47.789249,-15.799186],[-47.789307,-15.79948],[-47.789285,-15.799631],[-47.7893,-15.799743],[-47.789379,-15.799968],[-47.789373,-15.800003],[-47.789335,-15.800033],[-47.78928,-15.800039],[-47.789255,-15.800025],[-47.789129,-15.799924],[-47.788832,-15.79987],[-47.78862,-15.799965],[-47.788309,-15.800644],[-47.788147,-15.800856],[-47.787622,-15.8014],[-47.787444,-15.801523],[-47.787391,-15.801585],[-47.787332,-15.801713],[-47.787269,-15.8018],[-47.787153,-15.801831],[-47.786748,-15.801846],[-47.786627,-15.80187],[-47.786367,-15.801977],[-47.786062,-15.802126],[-47.786,-15.802119],[-47.785969,-15.802092],[-47.785933,-15.802022],[-47.786034,-15.802371],[-47.787098,-15.806017],[-47.788589,-15.80883],[-47.792541,-15.817165],[-47.793471,-15.819548],[-47.794176,-15.821078],[-47.795596,-15.823688],[-47.797129,-15.825965],[-47.802993,-15.833581],[-47.803602,-15.834024],[-47.804038,-15.834819],[-47.806925,-15.838601],[-47.814064,-15.848055],[-47.814797,-15.849168],[-47.816093,-15.851412],[-47.816722,-15.853312],[-47.818949,-15.860623],[-47.819355,-15.861786],[-47.819686,-15.862996],[-47.82068,-15.865049],[-47.821204,-15.866763],[-47.82206,-15.869563],[-47.8225,-15.871387],[-47.822908,-15.873834],[-47.823049,-15.875199],[-47.823073,-15.877058],[-47.823022,-15.879047],[-47.822744,-15.881348],[-47.822498,-15.882575],[-47.821789,-15.885192],[-47.820263,-15.892226],[-47.819799,-15.894499],[-47.819626,-15.895814],[-47.819497,-15.897823],[-47.819503,-15.899138],[-47.81957,-15.900727],[-47.819859,-15.902924],[-47.820356,-15.905236],[-47.820673,-15.906327],[-47.821197,-15.907817],[-47.821868,-15.909433],[-47.822463,-15.910621],[-47.831942,-15.927641],[-47.832124,-15.927737],[-47.83268,-15.92803],[-47.833041,-15.92822],[-47.833402,-15.928411],[-47.835618,-15.92944],[-47.836506,-15.930052],[-47.836929,-15.930344],[-47.873265,-15.960876],[-47.874465,-15.961773],[-47.876848,-15.963268],[-47.879365,-15.964455],[-47.925431,-15.981314],[-47.929899,-15.982864],[-47.933576,-15.983651],[-47.936761,-15.983962],[-47.939737,-15.983882],[-47.942942,-15.983448],[-47.945782,-15.982772],[-47.954171,-15.979843],[-47.955854,-15.979267],[-47.95581,-15.979084],[-47.955746,-15.978734],[-47.955703,-15.978032],[-47.955832,-15.977063],[-47.956583,-15.974628],[-47.956755,-15.973824],[-47.956755,-15.973102],[-47.956519,-15.970482],[-47.956561,-15.969843],[-47.956819,-15.969162],[-47.957398,-15.96846],[-47.958021,-15.967924],[-47.958729,-15.967553],[-47.959609,-15.967429],[-47.960317,-15.96745],[-47.963879,-15.968233],[-47.964565,-15.968316],[-47.965295,-15.968254],[-47.965939,-15.968048],[-47.966582,-15.967718],[-47.966619,-15.967686],[-47.967226,-15.967161],[-47.967548,-15.966727],[-47.967913,-15.965943],[-47.968514,-15.962993],[-47.968857,-15.962189],[-47.96935,-15.96159],[-47.969887,-15.961157],[-47.970659,-15.960807],[-47.971625,-15.960662],[-47.975294,-15.96124],[-47.975981,-15.961199],[-47.976903,-15.961054],[-47.978019,-15.96058],[-47.97877,-15.960085],[-47.979543,-15.959301],[-47.982279,-15.954897],[-47.982812,-15.954056],[-47.983491,-15.952967],[-47.98373,-15.952497],[-47.98287,-15.952399],[-47.98266,-15.952285],[-47.982339,-15.95219],[-47.981694,-15.95182],[-47.981254,-15.951663],[-47.980662,-15.951292],[-47.980413,-15.951241],[-47.979217,-15.951204],[-47.978516,-15.951349],[-47.977747,-15.951396],[-47.976791,-15.951743],[-47.976392,-15.951812],[-47.97574,-15.951839],[-47.975181,-15.951774],[-47.974666,-15.951782],[-47.974129,-15.952062],[-47.973379,-15.952201],[-47.972988,-15.952089],[-47.97203,-15.95168],[-47.97034,-15.951104],[-47.969616,-15.951139],[-47.968959,-15.951083],[-47.967947,-15.950727],[-47.966946,-15.950549],[-47.966116,-15.950484],[-47.964419,-15.950608],[-47.964216,-15.950565],[-47.963546,-15.950072],[-47.962024,-15.948443],[-47.961772,-15.948239],[-47.961242,-15.947668],[-47.960577,-15.947172],[-47.959833,-15.946712],[-47.959334,-15.946466],[-47.959123,-15.946289],[-47.958892,-15.946247],[-47.958634,-15.94635],[-47.957878,-15.946168],[-47.957719,-15.945896],[-47.95689,-15.945666],[-47.956772,-15.945449],[-47.956753,-15.945415],[-47.956545,-15.94528],[-47.956049,-15.945081],[-47.953795,-15.944712],[-47.95224,-15.944277],[-47.950928,-15.943968],[-47.949497,-15.943753],[-47.949099,-15.943881],[-47.948201,-15.944308],[-47.948191,-15.944313],[-47.947876,-15.94436],[-47.947102,-15.943609],[-47.946302,-15.942509],[-47.945773,-15.942182],[-47.945723,-15.941984],[-47.945632,-15.941883],[-47.945361,-15.94201],[-47.94522,-15.942024],[-47.944233,-15.941796],[-47.944053,-15.941699],[-47.943969,-15.941593],[-47.943734,-15.941686],[-47.94362,-15.941814],[-47.943402,-15.94188],[-47.943171,-15.941884],[-47.942978,-15.941751],[-47.942885,-15.94149],[-47.942724,-15.941339],[-47.9423,-15.941011],[-47.942067,-15.940914],[-47.941984,-15.940636],[-47.941778,-15.940571],[-47.941458,-15.940742],[-47.941231,-15.94052],[-47.940809,-15.93999],[-47.940629,-15.939869],[-47.940193,-15.939642],[-47.940118,-15.939415],[-47.939961,-15.939324],[-47.939907,-15.939147],[-47.939407,-15.938991],[-47.939244,-15.938831],[-47.938989,-15.938302],[-47.938529,-15.938082],[-47.938157,-15.937843],[-47.938004,-15.937647],[-47.937897,-15.937404],[-47.937618,-15.937065],[-47.937469,-15.937022],[-47.937361,-15.937114],[-47.937321,-15.937268],[-47.937172,-15.937423],[-47.937083,-15.937452],[-47.936627,-15.937069],[-47.936426,-15.936955],[-47.936149,-15.936913],[-47.93589,-15.936718],[-47.935634,-15.936243],[-47.935463,-15.93602],[-47.935296,-15.935869],[-47.935048,-15.935764],[-47.935001,-15.935638],[-47.934794,-15.935577],[-47.934699,-15.935506],[-47.93467,-15.935019],[-47.934584,-15.934831],[-47.934319,-15.934726],[-47.93409,-15.934512],[-47.934046,-15.934251],[-47.933897,-15.934027],[-47.933505,-15.933852],[-47.933444,-15.933656],[-47.933259,-15.933548],[-47.932995,-15.933101],[-47.932551,-15.932763],[-47.932261,-15.932461],[-47.932098,-15.932436],[-47.932045,-15.932363],[-47.932012,-15.932021],[-47.931748,-15.931935],[-47.931541,-15.931748],[-47.931277,-15.931661],[-47.931092,-15.931528],[-47.930982,-15.931277],[-47.930772,-15.931127],[-47.93066,-15.930839],[-47.930735,-15.930729],[-47.930952,-15.930723],[-47.93098,-15.930629],[-47.930817,-15.930429],[-47.930993,-15.93031],[-47.931032,-15.930183],[-47.930974,-15.929651],[-47.930984,-15.929335],[-47.931027,-15.929235],[-47.930932,-15.929047],[-47.930974,-15.928929],[-47.930876,-15.928795],[-47.930687,-15.928779],[-47.930622,-15.928708],[-47.930674,-15.928436],[-47.930486,-15.928294],[-47.930531,-15.928194],[-47.930742,-15.928011],[-47.930742,-15.927505],[-47.930405,-15.927437],[-47.930217,-15.927494],[-47.930059,-15.927424],[-47.929984,-15.92729],[-47.93016,-15.926818],[-47.93001,-15.926567],[-47.929904,-15.926505],[-47.929729,-15.926155],[-47.929544,-15.926105],[-47.92956,-15.926023],[-47.92964,-15.925994],[-47.929549,-15.925769],[-47.929406,-15.925591],[-47.929407,-15.925501],[-47.929566,-15.925372],[-47.929579,-15.925101],[-47.929667,-15.924892],[-47.9297,-15.924621],[-47.929601,-15.924465],[-47.929715,-15.924313],[-47.929821,-15.923508],[-47.929732,-15.923257],[-47.929541,-15.923124],[-47.929123,-15.92266],[-47.929224,-15.922487],[-47.929131,-15.922172],[-47.928895,-15.921841],[-47.929178,-15.92153],[-47.929207,-15.921232],[-47.929165,-15.920898],[-47.929241,-15.920383],[-47.929229,-15.92013],[-47.928644,-15.918973],[-47.928618,-15.918657],[-47.928518,-15.918406],[-47.927841,-15.91781],[-47.927794,-15.917549],[-47.927822,-15.917061],[-47.927527,-15.916342],[-47.927381,-15.916073],[-47.927276,-15.915967],[-47.927284,-15.915853],[-47.927381,-15.915694],[-47.92726,-15.91537],[-47.927223,-15.915127],[-47.926901,-15.914546],[-47.926913,-15.914311],[-47.926844,-15.914103],[-47.926905,-15.91365],[-47.926795,-15.913426],[-47.925909,-15.912797],[-47.925539,-15.912775],[-47.925165,-15.912825],[-47.925019,-15.912764],[-47.924827,-15.912577],[-47.924127,-15.912406],[-47.923867,-15.912418],[-47.923534,-15.912369],[-47.92325,-15.912165],[-47.923003,-15.911897],[-47.922895,-15.911185],[-47.922766,-15.910844],[-47.922766,-15.910563],[-47.922275,-15.91055],[-47.922052,-15.910491],[-47.92137,-15.909911],[-47.921209,-15.909893],[-47.92099,-15.909945],[-47.920775,-15.909896],[-47.920388,-15.909892],[-47.919758,-15.909608],[-47.919321,-15.90959],[-47.917699,-15.908902],[-47.916964,-15.908686],[-47.916562,-15.908752],[-47.916262,-15.908749],[-47.915435,-15.908554],[-47.914753,-15.908292],[-47.914025,-15.908385],[-47.913205,-15.908205],[-47.91303,-15.908297],[-47.912828,-15.908122],[-47.912707,-15.907891],[-47.912273,-15.907365],[-47.912082,-15.906952],[-47.911979,-15.906204],[-47.91169,-15.905846],[-47.911493,-15.905722],[-47.911371,-15.90558],[-47.911417,-15.905272],[-47.911335,-15.905129],[-47.911221,-15.905076],[-47.911156,-15.90486],[-47.911192,-15.904697],[-47.911069,-15.904509],[-47.911111,-15.904283],[-47.911007,-15.903887],[-47.910871,-15.902733],[-47.910931,-15.902515],[-47.910851,-15.90211],[-47.910905,-15.901188],[-47.910541,-15.900109],[-47.91025,-15.899553],[-47.910141,-15.899248],[-47.909562,-15.898488],[-47.909003,-15.897665],[-47.908919,-15.897449],[-47.908516,-15.897066],[-47.908464,-15.896968],[-47.908542,-15.896696],[-47.908696,-15.89654],[-47.90887,-15.896267],[-47.908828,-15.895924],[-47.908361,-15.895551],[-47.907448,-15.894706],[-47.907312,-15.894418],[-47.907309,-15.894193],[-47.907388,-15.894047],[-47.907496,-15.893973],[-47.907518,-15.893829],[-47.907437,-15.893694],[-47.906727,-15.892927],[-47.906659,-15.892826],[-47.906372,-15.892399],[-47.906584,-15.892162],[-47.906637,-15.891953],[-47.905858,-15.891042],[-47.905679,-15.890648],[-47.905647,-15.890332],[-47.905788,-15.890185],[-47.905932,-15.889904],[-47.90615,-15.889305],[-47.906163,-15.888681],[-47.906091,-15.888366],[-47.906112,-15.888285],[-47.906004,-15.887979],[-47.906106,-15.887562],[-47.90604,-15.887049],[-47.906055,-15.886968],[-47.906267,-15.886808],[-47.906343,-15.886548],[-47.906277,-15.886007],[-47.906443,-15.885634],[-47.90642,-15.885111],[-47.906257,-15.884833],[-47.906016,-15.884629],[-47.905861,-15.884351],[-47.905808,-15.883719],[-47.905668,-15.883432],[-47.905707,-15.883098],[-47.90593,-15.882833],[-47.906042,-15.882497],[-47.906077,-15.882271],[-47.906053,-15.881955],[-47.905929,-15.881623],[-47.906053,-15.881296],[-47.906047,-15.881156],[-47.906881,-15.881452],[-47.907375,-15.881385],[-47.907609,-15.881403],[-47.907676,-15.881451],[-47.907763,-15.881656],[-47.907935,-15.881699],[-47.908042,-15.881613],[-47.908294,-15.881266],[-47.908483,-15.881263],[-47.908769,-15.881413],[-47.909016,-15.881617],[-47.909333,-15.881622],[-47.90992,-15.881993],[-47.910557,-15.882129],[-47.910783,-15.882361],[-47.911024,-15.882523],[-47.911866,-15.882524],[-47.913485,-15.882905],[-47.913815,-15.882922],[-47.914894,-15.883116],[-47.917352,-15.883437],[-47.919095,-15.883467],[-47.919462,-15.88358],[-47.920173,-15.88403],[-47.920725,-15.884237],[-47.920908,-15.884238],[-47.921436,-15.884015],[-47.921715,-15.883975],[-47.922093,-15.884024],[-47.922945,-15.884268],[-47.923066,-15.884347],[-47.923143,-15.884496],[-47.923428,-15.88458],[-47.923718,-15.884882],[-47.924021,-15.885097],[-47.923973,-15.885205],[-47.924053,-15.885254],[-47.924116,-15.885367],[-47.92449,-15.88537],[-47.924456,-15.88545],[-47.924521,-15.885539],[-47.924625,-15.88557],[-47.924702,-15.885862],[-47.924765,-15.885893],[-47.924867,-15.885839],[-47.92491,-15.886036],[-47.925061,-15.886057],[-47.92511,-15.886171],[-47.925263,-15.886223],[-47.925306,-15.886315],[-47.925456,-15.886429],[-47.925762,-15.8866],[-47.925987,-15.886664],[-47.92618,-15.88664],[-47.926548,-15.886818],[-47.926624,-15.886924],[-47.92703,-15.88695],[-47.927076,-15.88704],[-47.927238,-15.887124],[-47.927309,-15.887269],[-47.927697,-15.887637],[-47.928375,-15.888206],[-47.929124,-15.888756],[-47.929553,-15.888979],[-47.929689,-15.889238],[-47.930094,-15.88944],[-47.930449,-15.889799],[-47.930959,-15.890026],[-47.931224,-15.890324],[-47.931427,-15.89048],[-47.932841,-15.890994],[-47.933392,-15.891427],[-47.933811,-15.891958],[-47.934163,-15.892163],[-47.934338,-15.892151],[-47.934537,-15.892252],[-47.934685,-15.892403],[-47.934725,-15.892541],[-47.934798,-15.892614],[-47.934887,-15.892559],[-47.934939,-15.892731],[-47.935411,-15.893132],[-47.935659,-15.893252],[-47.936384,-15.893477],[-47.936877,-15.893576],[-47.937026,-15.893732],[-47.937539,-15.893852],[-47.937848,-15.894067],[-47.938299,-15.894247],[-47.938411,-15.894393],[-47.93862,-15.894971],[-47.938968,-15.89505],[-47.939392,-15.89541],[-47.939545,-15.895419],[-47.93983,-15.895532],[-47.939997,-15.895534],[-47.946559,-15.894238],[-47.951913,-15.884486],[-47.953362,-15.883411],[-47.956357,-15.881189],[-47.956234,-15.880447],[-47.956195,-15.880215],[-47.95617,-15.880064],[-47.948669,-15.875782],[-47.935892,-15.869659],[-47.935828,-15.869628],[-47.936051,-15.86936],[-47.936338,-15.868891],[-47.936525,-15.868469],[-47.936632,-15.868039],[-47.936671,-15.867633],[-47.936635,-15.867096],[-47.935016,-15.861015],[-47.932296,-15.851353]]]}},{"type":"Feature","properties":{"nome":"Núcleo Bandeirante","osm_id":3359475},"geometry":{"type":"Polygon","coordinates":[[[-47.958709,-15.874551],[-47.959064,-15.876692],[-47.965059,-15.875872],[-47.965499,-15.875699],[-47.965871,-15.875056],[-47.966242,-15.875089],[-47.967318,-15.87557],[-47.968626,-15.876726],[-47.969203,-15.877339],[-47.969718,-15.877484],[-47.970048,-15.877985],[-47.970493,-15.87879],[-47.970726,-15.879335],[-47.97075,-15.881071],[-47.970744,-15.883632],[-47.97082,-15.883652],[-47.972765,-15.883642],[-47.973296,-15.883646],[-47.974741,-15.883599],[-47.975228,-15.883556],[-47.975642,-15.883475],[-47.975954,-15.883387],[-47.976286,-15.883268],[-47.976595,-15.883141],[-47.976897,-15.882967],[-47.977202,-15.882764],[-47.977441,-15.882584],[-47.977713,-15.882358],[-47.977993,-15.88207],[-47.978261,-15.881759],[-47.978485,-15.881433],[-47.97893,-15.880607],[-47.978965,-15.880544],[-47.979457,-15.879733],[-47.979825,-15.878978],[-47.979957,-15.878711],[-47.980188,-15.877611],[-47.980215,-15.877257],[-47.980214,-15.87724],[-47.980201,-15.876868],[-47.980055,-15.87597],[-47.979884,-15.875446],[-47.979673,-15.874969],[-47.979288,-15.874099],[-47.979091,-15.873657],[-47.978569,-15.87248],[-47.974097,-15.870304],[-47.973721,-15.870121],[-47.966038,-15.866383],[-47.96319,-15.864264],[-47.962378,-15.864305],[-47.962209,-15.864296],[-47.962123,-15.864096],[-47.962013,-15.864004],[-47.961583,-15.863798],[-47.961272,-15.863728],[-47.960548,-15.863389],[-47.960479,-15.86339],[-47.960403,-15.863492],[-47.958767,-15.862728],[-47.962592,-15.860414],[-47.961617,-15.853969],[-47.961561,-15.853598],[-47.956746,-15.854331],[-47.956632,-15.853585],[-47.956354,-15.85363],[-47.956317,-15.853637],[-47.955546,-15.848711],[-47.95526,-15.848263],[-47.955025,-15.848239],[-47.954543,-15.848311],[-47.958709,-15.874551]]]}},{"type":"Feature","properties":{"nome":"Paranoá","osm_id":3359476},"geometry":{"type":"Polygon","coordinates":[[[-47.778136,-15.758434],[-47.761024,-15.752284],[-47.759549,-15.752051],[-47.757822,-15.752029],[-47.756038,-15.752373],[-47.754106,-15.753172],[-47.739935,-15.761946],[-47.738847,-15.762389],[-47.737477,-15.762948],[-47.734752,-15.763218],[-47.733267,-15.763085],[-47.730876,-15.762233],[-47.729013,-15.761055],[-47.704788,-15.743937],[-47.703466,-15.743196],[-47.691108,-15.736904],[-47.690141,-15.736476],[-47.689614,-15.736306],[-47.688527,-15.736055],[-47.687416,-15.735933],[-47.685513,-15.735859],[-47.682738,-15.735866],[-47.680405,-15.735777],[-47.679831,-15.735637],[-47.679512,-15.7355],[-47.677867,-15.734334],[-47.677413,-15.734149],[-47.676883,-15.734105],[-47.675908,-15.734285],[-47.675,-15.73439],[-47.674586,-15.734386],[-47.674219,-15.734319],[-47.673763,-15.734098],[-47.673105,-15.733519],[-47.670986,-15.731369],[-47.670386,-15.730879],[-47.669447,-15.730222],[-47.665439,-15.727752],[-47.664755,-15.727375],[-47.663894,-15.7271],[-47.663031,-15.726986],[-47.662403,-15.727022],[-47.660579,-15.727408],[-47.664335,-15.744986],[-47.664593,-15.746759],[-47.664616,-15.748238],[-47.664571,-15.748446],[-47.664249,-15.74953],[-47.663465,-15.7513],[-47.657683,-15.761486],[-47.645944,-15.782418],[-47.643042,-15.787489],[-47.642593,-15.788292],[-47.64218,-15.78937],[-47.632901,-15.82147],[-47.632762,-15.821877],[-47.631663,-15.826112],[-47.62672,-15.843245],[-47.621017,-15.863069],[-47.607116,-15.859367],[-47.605473,-15.858979],[-47.604113,-15.858837],[-47.603115,-15.85895],[-47.568592,-15.869192],[-47.559933,-15.871902],[-47.558168,-15.87238],[-47.557602,-15.872441],[-47.555847,-15.872434],[-47.554679,-15.872214],[-47.553468,-15.871681],[-47.552066,-15.870852],[-47.540882,-15.864808],[-47.520242,-15.853746],[-47.519049,-15.853336],[-47.517496,-15.853175],[-47.516011,-15.853358],[-47.506005,-15.855339],[-47.475352,-15.861472],[-47.467317,-15.863127],[-47.466354,-15.86322],[-47.465425,-15.863239],[-47.46474,-15.863158],[-47.463046,-15.862606],[-47.456299,-15.858584],[-47.455524,-15.858214],[-47.45471,-15.857952],[-47.453167,-15.857723],[-47.451584,-15.857958],[-47.432603,-15.862205],[-47.424007,-15.864303],[-47.422587,-15.864183],[-47.387298,-15.85693],[-47.385866,-15.847426],[-47.385423,-15.845937],[-47.384897,-15.846245],[-47.384188,-15.84647],[-47.383514,-15.846784],[-47.383182,-15.846815],[-47.38281,-15.846783],[-47.382707,-15.846667],[-47.38268,-15.846554],[-47.382566,-15.846063],[-47.382271,-15.845533],[-47.382083,-15.845508],[-47.381888,-15.845554],[-47.381563,-15.845631],[-47.38133,-15.845634],[-47.381046,-15.845556],[-47.380832,-15.845603],[-47.38065,-15.845768],[-47.380235,-15.846676],[-47.380124,-15.846876],[-47.380043,-15.846922],[-47.379624,-15.8468],[-47.379312,-15.846921],[-47.379065,-15.846915],[-47.378932,-15.846721],[-47.378794,-15.84652],[-47.378576,-15.846613],[-47.378313,-15.846878],[-47.378213,-15.846825],[-47.377829,-15.846314],[-47.377636,-15.846162],[-47.377494,-15.84611],[-47.377489,-15.846778],[-47.377433,-15.846924],[-47.377261,-15.846907],[-47.377087,-15.846783],[-47.376896,-15.846369],[-47.3766,-15.846011],[-47.376479,-15.845958],[-47.376121,-15.845971],[-47.375991,-15.845918],[-47.375641,-15.845697],[-47.375477,-15.845527],[-47.375123,-15.845413],[-47.374684,-15.84549],[-47.374456,-15.845439],[-47.374364,-15.845367],[-47.374304,-15.844961],[-47.373752,-15.84457],[-47.373528,-15.844518],[-47.373033,-15.844885],[-47.372337,-15.845145],[-47.372233,-15.845219],[-47.3728,-15.845276],[-47.372881,-15.845546],[-47.372679,-15.845973],[-47.372093,-15.846241],[-47.371918,-15.846171],[-47.371792,-15.846028],[-47.371244,-15.846061],[-47.370951,-15.846028],[-47.370747,-15.845944],[-47.3707,-15.845918],[-47.370277,-15.846148],[-47.370204,-15.84617],[-47.370064,-15.846165],[-47.369982,-15.846133],[-47.369708,-15.845932],[-47.369625,-15.845899],[-47.369553,-15.845898],[-47.369492,-15.845919],[-47.368898,-15.846306],[-47.368813,-15.846448],[-47.368747,-15.846643],[-47.368735,-15.846791],[-47.368849,-15.847546],[-47.368886,-15.847615],[-47.368953,-15.847659],[-47.369049,-15.847685],[-47.369161,-15.84769],[-47.369272,-15.847657],[-47.369954,-15.847278],[-47.370192,-15.847199],[-47.370349,-15.847191],[-47.370497,-15.847218],[-47.370705,-15.847312],[-47.370925,-15.847452],[-47.371079,-15.847609],[-47.371156,-15.847762],[-47.371223,-15.847942],[-47.371247,-15.848216],[-47.371215,-15.848593],[-47.371182,-15.848668],[-47.371114,-15.848721],[-47.370698,-15.848913],[-47.370322,-15.848955],[-47.37001,-15.848926],[-47.369121,-15.848732],[-47.368857,-15.848712],[-47.368746,-15.848732],[-47.3687,-15.848771],[-47.368675,-15.848841],[-47.368674,-15.849014],[-47.36869,-15.84911],[-47.368761,-15.849192],[-47.369217,-15.849508],[-47.369311,-15.849621],[-47.369347,-15.849722],[-47.369346,-15.849837],[-47.369281,-15.849977],[-47.368798,-15.850685],[-47.368301,-15.851412],[-47.367925,-15.851876],[-47.367872,-15.851986],[-47.367866,-15.852101],[-47.36805,-15.853309],[-47.368091,-15.853471],[-47.368188,-15.85362],[-47.368438,-15.853834],[-47.369011,-15.85421],[-47.369462,-15.854422],[-47.370607,-15.854688],[-47.370816,-15.854777],[-47.37089,-15.854836],[-47.37089,-15.854883],[-47.370837,-15.854933],[-47.370078,-15.855329],[-47.369972,-15.85536],[-47.369858,-15.85536],[-47.369775,-15.85534],[-47.36965,-15.855282],[-47.369622,-15.855284],[-47.36961,-15.855306],[-47.369606,-15.855391],[-47.369719,-15.856185],[-47.36972,-15.856283],[-47.369702,-15.856374],[-47.369339,-15.857203],[-47.369326,-15.857313],[-47.369342,-15.857485],[-47.369393,-15.857634],[-47.369706,-15.85813],[-47.369761,-15.858253],[-47.370166,-15.859837],[-47.370218,-15.859863],[-47.370455,-15.859875],[-47.370606,-15.859939],[-47.37064,-15.859974],[-47.37064,-15.860019],[-47.37057,-15.860281],[-47.370538,-15.860308],[-47.370123,-15.860388],[-47.370036,-15.860423],[-47.369946,-15.860527],[-47.369896,-15.860769],[-47.369781,-15.860945],[-47.369763,-15.861017],[-47.369752,-15.861286],[-47.369792,-15.861394],[-47.369894,-15.861509],[-47.37001,-15.861581],[-47.371116,-15.862127],[-47.371216,-15.862193],[-47.371283,-15.862282],[-47.371313,-15.862383],[-47.371302,-15.862496],[-47.37122,-15.862739],[-47.371207,-15.862828],[-47.371224,-15.862899],[-47.371269,-15.862946],[-47.371334,-15.862984],[-47.371425,-15.863005],[-47.371695,-15.86299],[-47.371803,-15.862948],[-47.371882,-15.862884],[-47.37196,-15.862748],[-47.371995,-15.86265],[-47.372032,-15.862419],[-47.372062,-15.862383],[-47.372134,-15.862364],[-47.372236,-15.862368],[-47.372337,-15.862395],[-47.372413,-15.862437],[-47.372459,-15.862487],[-47.372465,-15.862535],[-47.372426,-15.862647],[-47.372438,-15.862729],[-47.372482,-15.862798],[-47.372577,-15.862881],[-47.372636,-15.862906],[-47.37273,-15.862896],[-47.372769,-15.862803],[-47.3728,-15.862789],[-47.372832,-15.862789],[-47.372929,-15.862861],[-47.373016,-15.862893],[-47.373056,-15.862928],[-47.373116,-15.863171],[-47.373173,-15.863244],[-47.373253,-15.863297],[-47.373359,-15.863322],[-47.37347,-15.863376],[-47.37413,-15.863912],[-47.374221,-15.863998],[-47.37429,-15.864121],[-47.374325,-15.864237],[-47.37434,-15.864392],[-47.374326,-15.864532],[-47.374265,-15.864689],[-47.374027,-15.864959],[-47.373757,-15.865161],[-47.37353,-15.865275],[-47.373312,-15.865337],[-47.373048,-15.865361],[-47.371835,-15.865355],[-47.371721,-15.865342],[-47.371626,-15.865306],[-47.371527,-15.865242],[-47.371117,-15.864886],[-47.371017,-15.864828],[-47.370921,-15.864804],[-47.370866,-15.864802],[-47.370809,-15.864825],[-47.370772,-15.864876],[-47.370763,-15.864954],[-47.370807,-15.865238],[-47.371517,-15.866883],[-47.371564,-15.867062],[-47.37156,-15.867267],[-47.371508,-15.867451],[-47.371228,-15.868001],[-47.371218,-15.868069],[-47.371235,-15.868141],[-47.371326,-15.86829],[-47.371416,-15.868401],[-47.371562,-15.868507],[-47.371738,-15.86859],[-47.373067,-15.869033],[-47.37317,-15.869082],[-47.37322,-15.869122],[-47.373248,-15.869178],[-47.373253,-15.869238],[-47.373225,-15.869374],[-47.372906,-15.870003],[-47.372702,-15.870562],[-47.372636,-15.870671],[-47.372552,-15.870733],[-47.372457,-15.870775],[-47.372359,-15.870791],[-47.372249,-15.87078],[-47.372146,-15.870728],[-47.372031,-15.870612],[-47.371955,-15.870563],[-47.371879,-15.870538],[-47.371781,-15.870529],[-47.371685,-15.870542],[-47.371611,-15.870577],[-47.371529,-15.870643],[-47.37148,-15.870724],[-47.371462,-15.87082],[-47.371462,-15.870931],[-47.371503,-15.871095],[-47.371726,-15.871666],[-47.371775,-15.871884],[-47.371819,-15.872357],[-47.371856,-15.872441],[-47.371904,-15.872497],[-47.371968,-15.872541],[-47.372058,-15.872577],[-47.372205,-15.87261],[-47.373555,-15.872766],[-47.373773,-15.872813],[-47.373852,-15.872851],[-47.373897,-15.872893],[-47.373922,-15.872943],[-47.373925,-15.872991],[-47.373908,-15.873033],[-47.373866,-15.873067],[-47.373813,-15.873084],[-47.373757,-15.873089],[-47.373465,-15.873058],[-47.373293,-15.873059],[-47.373136,-15.873084],[-47.372966,-15.873134],[-47.372779,-15.873227],[-47.372096,-15.873517],[-47.371989,-15.873589],[-47.371941,-15.873676],[-47.371927,-15.873834],[-47.371983,-15.874128],[-47.372019,-15.874247],[-47.372093,-15.874357],[-47.373169,-15.875279],[-47.373597,-15.875669],[-47.373735,-15.875856],[-47.373815,-15.876038],[-47.373829,-15.876163],[-47.37381,-15.876283],[-47.373757,-15.876456],[-47.37361,-15.876713],[-47.373503,-15.876876],[-47.373467,-15.876961],[-47.373454,-15.877049],[-47.373466,-15.87713],[-47.373496,-15.877184],[-47.373553,-15.877226],[-47.373658,-15.877264],[-47.374144,-15.877368],[-47.37448,-15.877476],[-47.374725,-15.877582],[-47.374949,-15.877736],[-47.374978,-15.877785],[-47.374983,-15.87784],[-47.374969,-15.877881],[-47.374904,-15.877957],[-47.374902,-15.878012],[-47.374998,-15.878394],[-47.375011,-15.878421],[-47.375107,-15.878485],[-47.375131,-15.878694],[-47.375184,-15.878733],[-47.375269,-15.878749],[-47.375468,-15.878777],[-47.375527,-15.878823],[-47.375553,-15.878908],[-47.375545,-15.879005],[-47.375503,-15.879084],[-47.375451,-15.879128],[-47.375342,-15.879141],[-47.375075,-15.879113],[-47.374992,-15.879119],[-47.374928,-15.879151],[-47.374896,-15.879205],[-47.374899,-15.87928],[-47.374946,-15.879472],[-47.375051,-15.87961],[-47.375174,-15.879709],[-47.375418,-15.879827],[-47.375636,-15.879976],[-47.375808,-15.88016],[-47.376333,-15.881001],[-47.37676,-15.881442],[-47.376864,-15.881523],[-47.376974,-15.881582],[-47.377056,-15.881603],[-47.377121,-15.881602],[-47.377175,-15.88159],[-47.377222,-15.881559],[-47.377268,-15.881491],[-47.377439,-15.881103],[-47.377513,-15.880752],[-47.37754,-15.880687],[-47.377583,-15.880642],[-47.377634,-15.880619],[-47.377697,-15.880615],[-47.37775,-15.88063],[-47.377826,-15.880676],[-47.377905,-15.880685],[-47.378297,-15.880628],[-47.378345,-15.88064],[-47.378372,-15.880667],[-47.378384,-15.880713],[-47.378377,-15.880966],[-47.378389,-15.881036],[-47.378416,-15.88108],[-47.378466,-15.881104],[-47.378541,-15.881106],[-47.378609,-15.881076],[-47.379301,-15.880515],[-47.379397,-15.880478],[-47.379699,-15.880449],[-47.379888,-15.880465],[-47.379993,-15.880493],[-47.380161,-15.8806],[-47.38063,-15.881087],[-47.380687,-15.881173],[-47.380701,-15.881263],[-47.380684,-15.881353],[-47.380629,-15.881452],[-47.380489,-15.881556],[-47.380341,-15.881692],[-47.380243,-15.881837],[-47.380186,-15.88189],[-47.380104,-15.881917],[-47.379999,-15.881923],[-47.378593,-15.881869],[-47.378295,-15.881899],[-47.378046,-15.881972],[-47.377848,-15.882097],[-47.377154,-15.882631],[-47.376993,-15.882801],[-47.376937,-15.882901],[-47.376885,-15.883066],[-47.376874,-15.883144],[-47.376899,-15.88322],[-47.376954,-15.883291],[-47.377281,-15.88351],[-47.377751,-15.883762],[-47.378715,-15.884147],[-47.378731,-15.884182],[-47.37871,-15.884251],[-47.378635,-15.884419],[-47.378533,-15.884577],[-47.378112,-15.884995],[-47.378039,-15.885104],[-47.37801,-15.885219],[-47.377986,-15.885783],[-47.378003,-15.885868],[-47.378027,-15.885911],[-47.378083,-15.885959],[-47.378176,-15.886015],[-47.378747,-15.886267],[-47.378807,-15.886306],[-47.378848,-15.88636],[-47.378871,-15.886428],[-47.378909,-15.886701],[-47.378913,-15.886932],[-47.378731,-15.887532],[-47.378562,-15.887824],[-47.378242,-15.888157],[-47.37817,-15.888216],[-47.378075,-15.888247],[-47.377992,-15.888245],[-47.377888,-15.888211],[-47.377817,-15.888151],[-47.377789,-15.888088],[-47.377786,-15.887985],[-47.377838,-15.887431],[-47.377827,-15.887363],[-47.3778,-15.887312],[-47.377754,-15.887272],[-47.377702,-15.887251],[-47.377637,-15.887248],[-47.377571,-15.887269],[-47.377361,-15.887382],[-47.377265,-15.887469],[-47.376982,-15.887923],[-47.376958,-15.887984],[-47.376959,-15.888042],[-47.376983,-15.88809],[-47.377292,-15.888539],[-47.377333,-15.888628],[-47.377331,-15.888721],[-47.377206,-15.889272],[-47.377195,-15.889485],[-47.377226,-15.889689],[-47.378002,-15.891325],[-47.378016,-15.891388],[-47.378006,-15.891459],[-47.377968,-15.891545],[-47.377945,-15.891582],[-47.377906,-15.891601],[-47.377859,-15.891601],[-47.377639,-15.891534],[-47.377398,-15.891366],[-47.377303,-15.89133],[-47.377266,-15.891265],[-47.377228,-15.89124],[-47.376998,-15.891192],[-47.376755,-15.891197],[-47.376587,-15.891267],[-47.376399,-15.891393],[-47.37622,-15.891573],[-47.376148,-15.891754],[-47.376147,-15.891888],[-47.376184,-15.891992],[-47.376258,-15.892074],[-47.376378,-15.892134],[-47.376434,-15.892181],[-47.37646,-15.892225],[-47.376463,-15.892282],[-47.376438,-15.892331],[-47.376387,-15.892367],[-47.375757,-15.892573],[-47.375726,-15.892612],[-47.375714,-15.892654],[-47.375726,-15.892705],[-47.375753,-15.892737],[-47.376188,-15.892857],[-47.376278,-15.892895],[-47.376362,-15.892957],[-47.376415,-15.893045],[-47.376482,-15.893297],[-47.376486,-15.893534],[-47.376302,-15.894115],[-47.376227,-15.894222],[-47.376042,-15.894366],[-47.375699,-15.894678],[-47.375607,-15.894798],[-47.375577,-15.89492],[-47.375598,-15.895015],[-47.375642,-15.895119],[-47.375761,-15.895296],[-47.375924,-15.895475],[-47.376257,-15.895758],[-47.376449,-15.895879],[-47.376619,-15.895936],[-47.377245,-15.895996],[-47.377329,-15.896029],[-47.377403,-15.896102],[-47.377426,-15.896173],[-47.377408,-15.896222],[-47.377124,-15.896422],[-47.376513,-15.896718],[-47.376268,-15.896802],[-47.375815,-15.896889],[-47.375302,-15.897053],[-47.375193,-15.897068],[-47.375097,-15.897054],[-47.374783,-15.896956],[-47.374741,-15.896953],[-47.374707,-15.896959],[-47.374681,-15.89698],[-47.374666,-15.897009],[-47.374641,-15.897181],[-47.37466,-15.897252],[-47.374726,-15.897377],[-47.37486,-15.897508],[-47.375431,-15.897952],[-47.37564,-15.898079],[-47.375693,-15.89814],[-47.375707,-15.898224],[-47.375656,-15.89927],[-47.375613,-15.899541],[-47.375586,-15.899598],[-47.375547,-15.899628],[-47.375533,-15.89967],[-47.375531,-15.899784],[-47.375491,-15.899886],[-47.375445,-15.899918],[-47.375385,-15.899936],[-47.375227,-15.899904],[-47.375171,-15.899866],[-47.375115,-15.89979],[-47.374964,-15.899454],[-47.374914,-15.899369],[-47.374847,-15.899308],[-47.374754,-15.899276],[-47.374114,-15.899262],[-47.373828,-15.899284],[-47.372942,-15.89942],[-47.37272,-15.899491],[-47.3726,-15.899566],[-47.372507,-15.899669],[-47.372417,-15.899845],[-47.372376,-15.89998],[-47.372361,-15.90012],[-47.372385,-15.900255],[-47.372654,-15.901088],[-47.373209,-15.902401],[-47.373378,-15.902926],[-47.37347,-15.903538],[-47.373801,-15.904391],[-47.373919,-15.904985],[-47.374024,-15.905356],[-47.374549,-15.906327],[-47.374578,-15.906458],[-47.374636,-15.906546],[-47.374745,-15.906617],[-47.374798,-15.906674],[-47.374829,-15.906747],[-47.37483,-15.906811],[-47.374813,-15.906861],[-47.374786,-15.906898],[-47.374743,-15.906916],[-47.374681,-15.906916],[-47.374313,-15.906842],[-47.373193,-15.906454],[-47.372944,-15.906401],[-47.372668,-15.90638],[-47.372459,-15.906391],[-47.372184,-15.90645],[-47.372078,-15.906499],[-47.372015,-15.906562],[-47.371408,-15.907324],[-47.371095,-15.907676],[-47.37097,-15.90777],[-47.370814,-15.907829],[-47.370313,-15.907912],[-47.369429,-15.908004],[-47.369147,-15.908072],[-47.368403,-15.908341],[-47.368254,-15.908373],[-47.368094,-15.908355],[-47.367953,-15.908304],[-47.367458,-15.90801],[-47.367361,-15.907986],[-47.367241,-15.907994],[-47.367142,-15.908039],[-47.367095,-15.908107],[-47.367064,-15.908387],[-47.366994,-15.908531],[-47.366873,-15.908653],[-47.366653,-15.90878],[-47.365806,-15.90911],[-47.365653,-15.90919],[-47.365547,-15.909282],[-47.36549,-15.909354],[-47.365462,-15.909424],[-47.365454,-15.909507],[-47.365475,-15.90959],[-47.365635,-15.909925],[-47.365738,-15.910038],[-47.365828,-15.910108],[-47.365947,-15.910162],[-47.366109,-15.910191],[-47.366488,-15.910213],[-47.366562,-15.910233],[-47.366614,-15.910271],[-47.366641,-15.910321],[-47.366648,-15.910393],[-47.366623,-15.91048],[-47.366574,-15.910525],[-47.366493,-15.91055],[-47.365952,-15.910578],[-47.365892,-15.910607],[-47.365867,-15.910645],[-47.365854,-15.910696],[-47.36586,-15.910754],[-47.365897,-15.910802],[-47.366866,-15.911514],[-47.366994,-15.911582],[-47.367147,-15.911608],[-47.367298,-15.911588],[-47.367455,-15.911528],[-47.367599,-15.911397],[-47.368036,-15.910681],[-47.368078,-15.910655],[-47.368121,-15.910649],[-47.368182,-15.910667],[-47.368233,-15.910705],[-47.36826,-15.910761],[-47.368272,-15.910829],[-47.368261,-15.910898],[-47.368054,-15.911276],[-47.36792,-15.911654],[-47.367848,-15.912428],[-47.367829,-15.912476],[-47.367779,-15.912488],[-47.367354,-15.91247],[-47.366903,-15.912361],[-47.366704,-15.912337],[-47.366505,-15.912355],[-47.366357,-15.912398],[-47.366283,-15.91246],[-47.366215,-15.912572],[-47.366202,-15.912664],[-47.366219,-15.91274],[-47.366406,-15.91308],[-47.366492,-15.913177],[-47.366611,-15.913263],[-47.36667,-15.913358],[-47.366709,-15.913497],[-47.366761,-15.913585],[-47.366949,-15.913737],[-47.367232,-15.914127],[-47.367397,-15.914264],[-47.36768,-15.914416],[-47.367847,-15.914472],[-47.367888,-15.914503],[-47.367904,-15.914592],[-47.367868,-15.914748],[-47.367917,-15.915293],[-47.367988,-15.915492],[-47.367979,-15.915859],[-47.368036,-15.916161],[-47.368072,-15.916237],[-47.368061,-15.916461],[-47.368105,-15.916571],[-47.368483,-15.917046],[-47.368594,-15.917161],[-47.368733,-15.917251],[-47.369176,-15.917407],[-47.369253,-15.917457],[-47.369292,-15.91752],[-47.369291,-15.917583],[-47.369255,-15.917622],[-47.369157,-15.917645],[-47.368522,-15.917579],[-47.368428,-15.917588],[-47.368335,-15.917643],[-47.368184,-15.917816],[-47.36815,-15.917887],[-47.368149,-15.91796],[-47.368183,-15.918014],[-47.368338,-15.91809],[-47.368524,-15.918118],[-47.368663,-15.918105],[-47.368804,-15.918053],[-47.368899,-15.918043],[-47.369054,-15.918069],[-47.369109,-15.918101],[-47.369146,-15.91815],[-47.369188,-15.918298],[-47.369197,-15.918444],[-47.369156,-15.918581],[-47.368848,-15.919032],[-47.368443,-15.919338],[-47.368003,-15.919552],[-47.367561,-15.919678],[-47.367408,-15.919783],[-47.367295,-15.919959],[-47.367259,-15.920073],[-47.367251,-15.920174],[-47.367274,-15.920239],[-47.367329,-15.920281],[-47.367622,-15.920415],[-47.367649,-15.920448],[-47.367649,-15.920494],[-47.367568,-15.920638],[-47.367535,-15.920674],[-47.367477,-15.920695],[-47.367393,-15.920689],[-47.367008,-15.920599],[-47.366931,-15.920593],[-47.366876,-15.920607],[-47.366807,-15.920656],[-47.366621,-15.920859],[-47.366579,-15.920921],[-47.366522,-15.921056],[-47.366478,-15.921076],[-47.36643,-15.921072],[-47.366353,-15.921037],[-47.365441,-15.920386],[-47.365345,-15.920212],[-47.365354,-15.920108],[-47.365415,-15.92003],[-47.365445,-15.919944],[-47.365442,-15.919803],[-47.36539,-15.919754],[-47.365311,-15.919763],[-47.365195,-15.919751],[-47.365116,-15.919713],[-47.365062,-15.919636],[-47.364983,-15.919578],[-47.364698,-15.919502],[-47.364493,-15.919525],[-47.364274,-15.9196],[-47.363981,-15.919814],[-47.362909,-15.920751],[-47.362207,-15.921614],[-47.361948,-15.922013],[-47.361898,-15.922196],[-47.361912,-15.922358],[-47.361972,-15.92251],[-47.362087,-15.922677],[-47.362172,-15.923086],[-47.362156,-15.923364],[-47.362221,-15.923442],[-47.362268,-15.923755],[-47.362264,-15.924251],[-47.362207,-15.924473],[-47.36188,-15.925223],[-47.361749,-15.925475],[-47.361699,-15.925531],[-47.361627,-15.925557],[-47.361387,-15.925559],[-47.361278,-15.925582],[-47.361214,-15.925637],[-47.361173,-15.92571],[-47.361159,-15.925794],[-47.361166,-15.925886],[-47.361201,-15.925976],[-47.361258,-15.92607],[-47.361322,-15.926113],[-47.361398,-15.926124],[-47.361842,-15.926073],[-47.361928,-15.926047],[-47.361999,-15.925994],[-47.362302,-15.9257],[-47.362378,-15.925652],[-47.362433,-15.925647],[-47.36247,-15.925667],[-47.362505,-15.925717],[-47.362533,-15.925813],[-47.362615,-15.926502],[-47.362595,-15.926816],[-47.362582,-15.926879],[-47.362547,-15.926927],[-47.362469,-15.92696],[-47.362388,-15.926947],[-47.36188,-15.926761],[-47.361753,-15.926739],[-47.36166,-15.926753],[-47.361584,-15.9268],[-47.361531,-15.926862],[-47.361507,-15.926934],[-47.361504,-15.927052],[-47.36155,-15.927172],[-47.361639,-15.927288],[-47.361947,-15.927518],[-47.36206,-15.927643],[-47.362146,-15.927791],[-47.362203,-15.927843],[-47.362545,-15.927969],[-47.362657,-15.927995],[-47.362753,-15.927998],[-47.362794,-15.928017],[-47.362809,-15.928047],[-47.362773,-15.928124],[-47.362167,-15.928742],[-47.362049,-15.928902],[-47.362011,-15.929029],[-47.36202,-15.92912],[-47.362052,-15.929197],[-47.3621,-15.929256],[-47.362273,-15.929344],[-47.362846,-15.929549],[-47.36326,-15.929744],[-47.363477,-15.929787],[-47.363884,-15.9298],[-47.364096,-15.929781],[-47.364206,-15.929792],[-47.364283,-15.929832],[-47.364344,-15.929893],[-47.364382,-15.92995],[-47.364409,-15.930029],[-47.36441,-15.930121],[-47.364383,-15.930193],[-47.364303,-15.930306],[-47.364162,-15.930409],[-47.362643,-15.93123],[-47.362499,-15.931341],[-47.362387,-15.931494],[-47.362361,-15.931582],[-47.362379,-15.931689],[-47.36247,-15.931782],[-47.362601,-15.931841],[-47.362752,-15.931854],[-47.363012,-15.931812],[-47.363213,-15.931734],[-47.363539,-15.931576],[-47.363863,-15.931418],[-47.36422,-15.931136],[-47.364305,-15.931098],[-47.364384,-15.931095],[-47.364458,-15.931129],[-47.364501,-15.931185],[-47.364522,-15.931299],[-47.364568,-15.931366],[-47.364635,-15.931403],[-47.3647,-15.93141],[-47.364768,-15.93138],[-47.364829,-15.931328],[-47.364857,-15.931246],[-47.364842,-15.93114],[-47.364747,-15.931],[-47.364672,-15.930862],[-47.364641,-15.930737],[-47.364652,-15.930675],[-47.364706,-15.93062],[-47.364888,-15.930522],[-47.364984,-15.930503],[-47.365129,-15.930507],[-47.365765,-15.930631],[-47.365866,-15.930661],[-47.365941,-15.930718],[-47.366053,-15.930853],[-47.366113,-15.930951],[-47.366123,-15.931034],[-47.366101,-15.931146],[-47.365956,-15.931521],[-47.365075,-15.932942],[-47.364999,-15.933089],[-47.364967,-15.933241],[-47.364978,-15.933357],[-47.365026,-15.933431],[-47.365111,-15.933471],[-47.365231,-15.93348],[-47.365416,-15.933456],[-47.366446,-15.933191],[-47.366835,-15.93303],[-47.367019,-15.932999],[-47.368021,-15.933036],[-47.368124,-15.933069],[-47.368218,-15.933161],[-47.368383,-15.933446],[-47.368775,-15.934844],[-47.368936,-15.935098],[-47.369084,-15.935252],[-47.369207,-15.935298],[-47.36939,-15.93531],[-47.371099,-15.935194],[-47.371719,-15.935205],[-47.372005,-15.935266],[-47.372354,-15.935429],[-47.372742,-15.935737],[-47.373095,-15.936135],[-47.373411,-15.936677],[-47.373481,-15.93697],[-47.373532,-15.937414],[-47.373502,-15.937663],[-47.373319,-15.938291],[-47.373141,-15.938581],[-47.373085,-15.938628],[-47.373023,-15.938642],[-47.372861,-15.938622],[-47.372779,-15.938599],[-47.372714,-15.938554],[-47.372656,-15.938474],[-47.372505,-15.938177],[-47.37241,-15.937862],[-47.371612,-15.936602],[-47.371455,-15.936398],[-47.371135,-15.936104],[-47.371026,-15.936025],[-47.370921,-15.935991],[-47.370787,-15.935985],[-47.369995,-15.936129],[-47.369943,-15.936161],[-47.369927,-15.936212],[-47.369987,-15.936407],[-47.370558,-15.937437],[-47.370634,-15.937871],[-47.370818,-15.938281],[-47.370855,-15.938449],[-47.370851,-15.9386],[-47.370888,-15.938675],[-47.371187,-15.93891],[-47.371204,-15.93895],[-47.371192,-15.93899],[-47.371157,-15.939021],[-47.371155,-15.939054],[-47.371181,-15.939082],[-47.371345,-15.93913],[-47.371454,-15.939136],[-47.371591,-15.939108],[-47.371736,-15.939014],[-47.371923,-15.938963],[-47.372035,-15.938891],[-47.37206,-15.938903],[-47.372084,-15.939042],[-47.372507,-15.940034],[-47.372547,-15.940229],[-47.372536,-15.940428],[-47.372495,-15.940647],[-47.372439,-15.940749],[-47.372385,-15.9408],[-47.372317,-15.940821],[-47.372038,-15.940833],[-47.371806,-15.940776],[-47.371563,-15.940646],[-47.371273,-15.940435],[-47.371075,-15.940343],[-47.370975,-15.94028],[-47.370941,-15.940222],[-47.370916,-15.940205],[-47.370881,-15.940205],[-47.370683,-15.940308],[-47.36967,-15.940599],[-47.369546,-15.94067],[-47.369018,-15.941093],[-47.368977,-15.941161],[-47.368962,-15.941284],[-47.368968,-15.941352],[-47.368999,-15.941398],[-47.369064,-15.941424],[-47.369301,-15.941461],[-47.369389,-15.941441],[-47.369491,-15.941382],[-47.369609,-15.941358],[-47.369766,-15.941374],[-47.369992,-15.94145],[-47.370198,-15.941563],[-47.370347,-15.94169],[-47.370427,-15.941832],[-47.370719,-15.942949],[-47.370713,-15.942986],[-47.370685,-15.94301],[-47.370637,-15.943015],[-47.370378,-15.942949],[-47.37022,-15.942932],[-47.370067,-15.942939],[-47.369948,-15.942965],[-47.36985,-15.943021],[-47.369791,-15.943095],[-47.369737,-15.943211],[-47.369714,-15.943314],[-47.369715,-15.94351],[-47.369756,-15.943554],[-47.369854,-15.943571],[-47.369893,-15.943609],[-47.369921,-15.94374],[-47.370015,-15.943884],[-47.370075,-15.944132],[-47.370076,-15.944454],[-47.36994,-15.944993],[-47.369788,-15.945343],[-47.369223,-15.946136],[-47.368995,-15.946346],[-47.368533,-15.946618],[-47.368432,-15.946722],[-47.368402,-15.94682],[-47.368407,-15.946927],[-47.368473,-15.947124],[-47.368531,-15.947199],[-47.368633,-15.947242],[-47.368759,-15.947245],[-47.36918,-15.947136],[-47.369373,-15.947141],[-47.369768,-15.947247],[-47.370109,-15.947228],[-47.37047,-15.947138],[-47.370524,-15.947112],[-47.370559,-15.947078],[-47.370577,-15.947028],[-47.37058,-15.946931],[-47.370419,-15.946003],[-47.370429,-15.945915],[-47.370463,-15.945869],[-47.370522,-15.945845],[-47.370593,-15.945846],[-47.370669,-15.945876],[-47.370752,-15.945953],[-47.371319,-15.946587],[-47.371456,-15.946834],[-47.371479,-15.94698],[-47.371448,-15.947159],[-47.371141,-15.947809],[-47.370834,-15.948247],[-47.370797,-15.948362],[-47.370795,-15.948517],[-47.370823,-15.948615],[-47.370884,-15.948681],[-47.371059,-15.948792],[-47.371151,-15.948884],[-47.371192,-15.948993],[-47.371199,-15.949136],[-47.371152,-15.949492],[-47.371014,-15.94993],[-47.370562,-15.950688],[-47.370494,-15.950888],[-47.370488,-15.951092],[-47.370549,-15.951266],[-47.371088,-15.952214],[-47.371607,-15.952879],[-47.372321,-15.953498],[-47.372373,-15.95357],[-47.372386,-15.953675],[-47.372365,-15.953879],[-47.372267,-15.954174],[-47.372128,-15.954415],[-47.371941,-15.954595],[-47.371826,-15.954821],[-47.371778,-15.95504],[-47.371808,-15.955782],[-47.371824,-15.955847],[-47.371855,-15.95589],[-47.371914,-15.955927],[-47.371992,-15.955951],[-47.373174,-15.956111],[-47.373663,-15.956255],[-47.374263,-15.956328],[-47.374786,-15.956305],[-47.374885,-15.956321],[-47.374946,-15.956354],[-47.374988,-15.956411],[-47.375009,-15.956478],[-47.375002,-15.956631],[-47.374814,-15.957655],[-47.374575,-15.958139],[-47.374336,-15.958514],[-47.374228,-15.95859],[-47.374127,-15.958607],[-47.374051,-15.958592],[-47.373977,-15.958529],[-47.373811,-15.958284],[-47.373744,-15.958218],[-47.37366,-15.958184],[-47.373544,-15.958177],[-47.373457,-15.958201],[-47.37339,-15.958249],[-47.373328,-15.958362],[-47.373213,-15.95865],[-47.373137,-15.958741],[-47.373044,-15.958788],[-47.372974,-15.958866],[-47.372955,-15.958946],[-47.372966,-15.959144],[-47.373126,-15.96002],[-47.373161,-15.960129],[-47.373217,-15.960188],[-47.373316,-15.960232],[-47.373404,-15.960249],[-47.3735,-15.960249],[-47.373611,-15.960227],[-47.373695,-15.96018],[-47.373804,-15.960081],[-47.373964,-15.96],[-47.37412,-15.959989],[-47.374275,-15.960024],[-47.374403,-15.960109],[-47.375567,-15.961178],[-47.375784,-15.961332],[-47.376177,-15.96161],[-47.376645,-15.961832],[-47.377153,-15.961963],[-47.37751,-15.961972],[-47.377941,-15.961947],[-47.378282,-15.96197],[-47.378373,-15.961996],[-47.378433,-15.962046],[-47.378501,-15.962156],[-47.378535,-15.962288],[-47.378522,-15.962426],[-47.3785,-15.962471],[-47.378445,-15.962519],[-47.378363,-15.962552],[-47.377722,-15.962677],[-47.377599,-15.96274],[-47.377515,-15.962833],[-47.377065,-15.963548],[-47.377006,-15.963699],[-47.377014,-15.963852],[-47.377058,-15.964083],[-47.377063,-15.964351],[-47.376985,-15.96457],[-47.376794,-15.964902],[-47.376535,-15.96529],[-47.375441,-15.966271],[-47.375361,-15.966413],[-47.37533,-15.96652],[-47.375326,-15.966624],[-47.375368,-15.966752],[-47.375465,-15.96689],[-47.376159,-15.967616],[-47.376225,-15.967756],[-47.376241,-15.967945],[-47.376134,-15.968699],[-47.376156,-15.96875],[-47.376208,-15.968794],[-47.376288,-15.968829],[-47.376544,-15.968874],[-47.376797,-15.968868],[-47.377184,-15.968765],[-47.377727,-15.968558],[-47.378397,-15.968133],[-47.378547,-15.968088],[-47.378649,-15.968084],[-47.378745,-15.968114],[-47.378819,-15.968165],[-47.378882,-15.968257],[-47.378999,-15.968537],[-47.379063,-15.968913],[-47.379035,-15.969292],[-47.378941,-15.969717],[-47.378738,-15.970061],[-47.378327,-15.970498],[-47.37812,-15.970642],[-47.37795,-15.970689],[-47.377707,-15.970694],[-47.377329,-15.970659],[-47.377136,-15.970677],[-47.376983,-15.970753],[-47.37685,-15.970925],[-47.376789,-15.971119],[-47.3768,-15.971262],[-47.377084,-15.97212],[-47.377183,-15.972275],[-47.377306,-15.972366],[-47.37745,-15.97242],[-47.377741,-15.972473],[-47.377971,-15.97255],[-47.378307,-15.972738],[-47.378749,-15.973088],[-47.378955,-15.973343],[-47.379066,-15.97358],[-47.379126,-15.973747],[-47.379142,-15.973896],[-47.379125,-15.97407],[-47.379101,-15.974127],[-47.379049,-15.974167],[-47.378987,-15.974183],[-47.378917,-15.974181],[-47.378855,-15.974161],[-47.378157,-15.973845],[-47.378102,-15.973842],[-47.37806,-15.973857],[-47.378028,-15.973889],[-47.377989,-15.973974],[-47.377713,-15.975413],[-47.377727,-15.975775],[-47.37786,-15.97609],[-47.378799,-15.977259],[-47.378996,-15.977633],[-47.379059,-15.977858],[-47.379054,-15.977968],[-47.378991,-15.978054],[-47.378817,-15.978229],[-47.378629,-15.978342],[-47.37836,-15.978427],[-47.377756,-15.978525],[-47.37716,-15.978515],[-47.37642,-15.97834],[-47.376241,-15.978346],[-47.376103,-15.978397],[-47.376005,-15.978478],[-47.37582,-15.978808],[-47.375764,-15.979068],[-47.375756,-15.979783],[-47.375654,-15.980234],[-47.375537,-15.980428],[-47.375371,-15.980591],[-47.375245,-15.980652],[-47.375095,-15.980669],[-47.374958,-15.980628],[-47.374872,-15.980549],[-47.374812,-15.980415],[-47.374666,-15.979829],[-47.37458,-15.979669],[-47.374472,-15.979571],[-47.374242,-15.979464],[-47.374072,-15.979435],[-47.373937,-15.979456],[-47.373802,-15.979531],[-47.373695,-15.979658],[-47.373556,-15.979905],[-47.373481,-15.980079],[-47.373477,-15.980249],[-47.373594,-15.980823],[-47.373715,-15.98106],[-47.373884,-15.981224],[-47.374093,-15.981333],[-47.374354,-15.981418],[-47.375179,-15.981533],[-47.375681,-15.981664],[-47.376296,-15.98197],[-47.376465,-15.9821],[-47.376553,-15.982255],[-47.376572,-15.982428],[-47.376491,-15.982796],[-47.376392,-15.983023],[-47.376184,-15.983231],[-47.375853,-15.983459],[-47.375708,-15.983637],[-47.375602,-15.983899],[-47.375569,-15.984152],[-47.375612,-15.984377],[-47.375754,-15.984607],[-47.37685,-15.985668],[-47.377057,-15.985977],[-47.377135,-15.986244],[-47.377124,-15.986481],[-47.377024,-15.986707],[-47.376869,-15.986864],[-47.376763,-15.986911],[-47.376668,-15.986918],[-47.37655,-15.986894],[-47.376359,-15.986739],[-47.376032,-15.986212],[-47.375832,-15.986033],[-47.375636,-15.985936],[-47.375468,-15.985904],[-47.375321,-15.985913],[-47.375238,-15.985953],[-47.37519,-15.986],[-47.37517,-15.986061],[-47.375176,-15.986123],[-47.375477,-15.986995],[-47.375559,-15.987442],[-47.375555,-15.98773],[-47.375468,-15.987949],[-47.375194,-15.988215],[-47.375061,-15.988444],[-47.373369,-15.992627],[-47.373196,-15.993177],[-47.373171,-15.993484],[-47.373213,-15.994112],[-47.373205,-15.994264],[-47.37315,-15.994407],[-47.373056,-15.994526],[-47.372882,-15.994675],[-47.372708,-15.99474],[-47.372552,-15.994776],[-47.372399,-15.994768],[-47.372091,-15.994693],[-47.371574,-15.994525],[-47.371061,-15.994432],[-47.370736,-15.994416],[-47.370498,-15.994486],[-47.370312,-15.994638],[-47.370186,-15.994822],[-47.370111,-15.995024],[-47.370094,-15.995284],[-47.370124,-15.995551],[-47.370387,-15.996673],[-47.370434,-15.99847],[-47.370286,-15.99946],[-47.37014,-16.001085],[-47.369987,-16.001753],[-47.369338,-16.002888],[-47.369224,-16.003028],[-47.369119,-16.003106],[-47.368978,-16.003144],[-47.368825,-16.003119],[-47.368687,-16.003046],[-47.368594,-16.002944],[-47.368118,-16.002251],[-47.367809,-16.001877],[-47.367382,-16.001482],[-47.366886,-16.001155],[-47.366669,-16.001074],[-47.366407,-16.001027],[-47.365461,-16.001022],[-47.365277,-16.00104],[-47.365134,-16.001106],[-47.365025,-16.001237],[-47.364957,-16.001416],[-47.364854,-16.002596],[-47.364895,-16.003001],[-47.365279,-16.004013],[-47.36531,-16.004178],[-47.365274,-16.004309],[-47.365154,-16.004443],[-47.364726,-16.004763],[-47.363577,-16.005622],[-47.362875,-16.00608],[-47.36214,-16.006344],[-47.361511,-16.006707],[-47.361364,-16.006744],[-47.36123,-16.006737],[-47.361107,-16.006694],[-47.360986,-16.006618],[-47.36067,-16.006358],[-47.36016,-16.005855],[-47.359896,-16.005699],[-47.359695,-16.00561],[-47.359522,-16.00558],[-47.35936,-16.005605],[-47.359183,-16.00567],[-47.359062,-16.005798],[-47.359016,-16.005989],[-47.359034,-16.006131],[-47.359079,-16.006218],[-47.360231,-16.007499],[-47.360331,-16.007685],[-47.360357,-16.007836],[-47.360341,-16.007962],[-47.360276,-16.008074],[-47.360176,-16.008151],[-47.360007,-16.008222],[-47.358503,-16.008434],[-47.358326,-16.008436],[-47.358162,-16.008394],[-47.357465,-16.008019],[-47.357373,-16.007992],[-47.357273,-16.007994],[-47.356347,-16.008266],[-47.355804,-16.008299],[-47.355581,-16.008285],[-47.355398,-16.008235],[-47.3553,-16.008179],[-47.355216,-16.008092],[-47.354851,-16.007495],[-47.354707,-16.007323],[-47.354549,-16.007198],[-47.354365,-16.007107],[-47.354009,-16.007015],[-47.352872,-16.006834],[-47.351418,-16.00648],[-47.351186,-16.006463],[-47.351006,-16.006485],[-47.350801,-16.006545],[-47.350176,-16.006938],[-47.349795,-16.007122],[-47.349676,-16.007148],[-47.34956,-16.007143],[-47.349474,-16.007103],[-47.349414,-16.007036],[-47.349378,-16.006966],[-47.349244,-16.006492],[-47.349128,-16.006293],[-47.349011,-16.006193],[-47.348902,-16.006141],[-47.348711,-16.00611],[-47.348619,-16.006123],[-47.348544,-16.006173],[-47.348501,-16.006221],[-47.348074,-16.006846],[-47.347962,-16.007066],[-47.347932,-16.007263],[-47.347987,-16.007576],[-47.348293,-16.008738],[-47.34829,-16.008797],[-47.348261,-16.008848],[-47.348197,-16.008891],[-47.348095,-16.008927],[-47.347963,-16.008933],[-47.347853,-16.00891],[-47.347309,-16.008642],[-47.347119,-16.008596],[-47.346922,-16.008602],[-47.346606,-16.008689],[-47.346342,-16.008835],[-47.346236,-16.008958],[-47.34616,-16.009103],[-47.346138,-16.009249],[-47.346143,-16.009388],[-47.346387,-16.010389],[-47.346396,-16.010578],[-47.346358,-16.010804],[-47.346165,-16.011076],[-47.34587,-16.01137],[-47.345615,-16.011555],[-47.34532,-16.011688],[-47.344398,-16.011919],[-47.344082,-16.011956],[-47.34379,-16.011927],[-47.343427,-16.011805],[-47.343187,-16.01176],[-47.342989,-16.011761],[-47.342796,-16.011813],[-47.342579,-16.011921],[-47.341889,-16.01238],[-47.341657,-16.01249],[-47.341449,-16.012534],[-47.341208,-16.01253],[-47.340878,-16.012483],[-47.339884,-16.012265],[-47.339544,-16.01225],[-47.339353,-16.012285],[-47.339222,-16.012365],[-47.33913,-16.012462],[-47.338514,-16.013309],[-47.33841,-16.01356],[-47.33834,-16.013859],[-47.338344,-16.014173],[-47.338414,-16.014537],[-47.338507,-16.014803],[-47.338631,-16.014962],[-47.338784,-16.015074],[-47.33894,-16.015129],[-47.339151,-16.015134],[-47.340044,-16.014995],[-47.340363,-16.015015],[-47.340677,-16.015095],[-47.340834,-16.015174],[-47.34098,-16.015325],[-47.341142,-16.015598],[-47.341192,-16.015804],[-47.341187,-16.016006],[-47.341117,-16.016233],[-47.341012,-16.016338],[-47.340827,-16.016407],[-47.340632,-16.016432],[-47.340186,-16.016421],[-47.34001,-16.016445],[-47.339861,-16.016547],[-47.339755,-16.016717],[-47.33971,-16.016895],[-47.339708,-16.01706],[-47.339798,-16.017256],[-47.339939,-16.017401],[-47.340801,-16.017864],[-47.340919,-16.01795],[-47.341009,-16.018075],[-47.34104,-16.018203],[-47.341043,-16.019425],[-47.341001,-16.01963],[-47.340893,-16.019762],[-47.340708,-16.019857],[-47.340451,-16.019886],[-47.340199,-16.019861],[-47.339906,-16.019765],[-47.339545,-16.01961],[-47.339242,-16.019395],[-47.338614,-16.018856],[-47.337974,-16.018436],[-47.337816,-16.018298],[-47.337713,-16.018138],[-47.337593,-16.017828],[-47.337505,-16.017659],[-47.337287,-16.017455],[-47.337118,-16.017344],[-47.336877,-16.017261],[-47.336667,-16.017236],[-47.336456,-16.017266],[-47.336222,-16.017359],[-47.336134,-16.017496],[-47.33609,-16.017669],[-47.336095,-16.017865],[-47.336118,-16.01801],[-47.336215,-16.018144],[-47.336832,-16.01873],[-47.336911,-16.018877],[-47.336931,-16.019038],[-47.336907,-16.019198],[-47.336793,-16.019412],[-47.336371,-16.019981],[-47.336059,-16.020257],[-47.335707,-16.020448],[-47.334894,-16.020601],[-47.334698,-16.020664],[-47.334555,-16.020777],[-47.334105,-16.0214],[-47.333773,-16.021765],[-47.333451,-16.022005],[-47.333215,-16.022077],[-47.332995,-16.022088],[-47.332718,-16.022064],[-47.332367,-16.022096],[-47.331687,-16.022314],[-47.331458,-16.022326],[-47.330993,-16.022195],[-47.33089,-16.022181],[-47.330803,-16.022197],[-47.33074,-16.022247],[-47.330662,-16.022376],[-47.330627,-16.022535],[-47.330625,-16.023723],[-47.330448,-16.024348],[-47.330205,-16.024803],[-47.330043,-16.024949],[-47.329815,-16.025045],[-47.329184,-16.025202],[-47.328916,-16.025334],[-47.328704,-16.025503],[-47.328629,-16.025642],[-47.328581,-16.025817],[-47.328573,-16.026048],[-47.328615,-16.026298],[-47.328693,-16.026493],[-47.328782,-16.026643],[-47.328909,-16.026768],[-47.329163,-16.026928],[-47.329251,-16.027016],[-47.329301,-16.027123],[-47.329308,-16.027225],[-47.329289,-16.027352],[-47.329237,-16.027448],[-47.329106,-16.027562],[-47.32889,-16.027685],[-47.328269,-16.027866],[-47.328031,-16.027891],[-47.327832,-16.02788],[-47.327687,-16.027836],[-47.327278,-16.027653],[-47.327149,-16.027626],[-47.326729,-16.027598],[-47.326558,-16.02762],[-47.326405,-16.027695],[-47.326315,-16.027808],[-47.326259,-16.028026],[-47.326032,-16.029211],[-47.325946,-16.029408],[-47.325806,-16.029532],[-47.325628,-16.029607],[-47.325496,-16.02961],[-47.325285,-16.029558],[-47.325212,-16.029508],[-47.325161,-16.029442],[-47.325146,-16.029334],[-47.325165,-16.029228],[-47.32562,-16.02774],[-47.325636,-16.027562],[-47.325612,-16.027421],[-47.325565,-16.027292],[-47.32544,-16.027134],[-47.325232,-16.026971],[-47.324792,-16.026717],[-47.323181,-16.026165],[-47.322772,-16.026025],[-47.322464,-16.02596],[-47.322346,-16.02596],[-47.322214,-16.025993],[-47.322134,-16.026054],[-47.322092,-16.026146],[-47.322101,-16.026206],[-47.322145,-16.026292],[-47.322381,-16.026564],[-47.32246,-16.026723],[-47.322479,-16.026918],[-47.322408,-16.027114],[-47.322133,-16.027503],[-47.321587,-16.028275],[-47.321495,-16.028505],[-47.321492,-16.028747],[-47.321659,-16.030092],[-47.321743,-16.03043],[-47.321847,-16.030581],[-47.322182,-16.030861],[-47.322258,-16.030961],[-47.322278,-16.031072],[-47.322271,-16.031192],[-47.322168,-16.031394],[-47.322108,-16.031443],[-47.322022,-16.03147],[-47.321931,-16.031475],[-47.321592,-16.031406],[-47.320294,-16.031039],[-47.319928,-16.031],[-47.319663,-16.031022],[-47.319448,-16.031079],[-47.319209,-16.031246],[-47.319053,-16.031488],[-47.31899,-16.031793],[-47.318994,-16.032953],[-47.31886,-16.033281],[-47.318397,-16.033908],[-47.318342,-16.034063],[-47.318355,-16.034207],[-47.31843,-16.03432],[-47.318562,-16.034408],[-47.318712,-16.034447],[-47.319832,-16.034514],[-47.320052,-16.034554],[-47.320252,-16.034636],[-47.320391,-16.034769],[-47.32054,-16.035009],[-47.320667,-16.035349],[-47.320697,-16.035634],[-47.320642,-16.035805],[-47.320486,-16.035975],[-47.320208,-16.036126],[-47.319867,-16.036265],[-47.318949,-16.036469],[-47.318788,-16.036537],[-47.318682,-16.036622],[-47.318632,-16.036734],[-47.31862,-16.036872],[-47.318694,-16.037533],[-47.318677,-16.037608],[-47.318617,-16.037674],[-47.318541,-16.037705],[-47.31844,-16.037702],[-47.318353,-16.037664],[-47.31828,-16.037592],[-47.317946,-16.036941],[-47.317732,-16.036657],[-47.317507,-16.03645],[-47.317203,-16.03627],[-47.316901,-16.036161],[-47.316422,-16.036103],[-47.315188,-16.0361],[-47.314958,-16.036057],[-47.314765,-16.035965],[-47.31438,-16.03561],[-47.313961,-16.035306],[-47.313643,-16.035126],[-47.313306,-16.035048],[-47.312991,-16.035047],[-47.312662,-16.035134],[-47.311458,-16.035687],[-47.310008,-16.036271],[-47.309951,-16.036667],[-47.310069,-16.037065],[-47.310375,-16.037562],[-47.310684,-16.038195],[-47.311315,-16.039998],[-47.311604,-16.040595],[-47.312165,-16.041116],[-47.312632,-16.041675],[-47.312675,-16.042111],[-47.312566,-16.042448],[-47.312203,-16.042761],[-47.311536,-16.042832],[-47.31115,-16.042791],[-47.310003,-16.041985],[-47.309285,-16.041684],[-47.30876,-16.04178],[-47.3085,-16.042092],[-47.308439,-16.042447],[-47.308633,-16.043009],[-47.309213,-16.043603],[-47.310054,-16.043894],[-47.310178,-16.044092],[-47.310183,-16.04452],[-47.309834,-16.045251],[-47.309591,-16.045399],[-47.308495,-16.045674],[-47.308405,-16.046112],[-47.308543,-16.046629],[-47.308858,-16.047071],[-47.309801,-16.048061],[-47.309975,-16.048486],[-47.309773,-16.048961],[-47.309187,-16.049449],[-47.308543,-16.049874],[-47.308387,-16.050264],[-47.314724,-16.050263],[-47.385629,-16.050255],[-47.46287,-16.050255],[-47.54012,-16.050229],[-47.617355,-16.050263],[-47.617615,-16.049604],[-47.614555,-16.015103],[-47.614354,-16.014326],[-47.61397,-16.013398],[-47.598172,-15.987836],[-47.595213,-15.984032],[-47.588899,-15.973771],[-47.588373,-15.972605],[-47.58809,-15.971635],[-47.587753,-15.969984],[-47.587837,-15.969169],[-47.58864,-15.96769],[-47.594339,-15.958566],[-47.596922,-15.954508],[-47.602553,-15.945304],[-47.606571,-15.938884],[-47.607192,-15.938161],[-47.607651,-15.937809],[-47.608483,-15.937304],[-47.609468,-15.936987],[-47.610039,-15.936902],[-47.610686,-15.936912],[-47.611399,-15.937018],[-47.617054,-15.938587],[-47.617674,-15.938815],[-47.618247,-15.939127],[-47.628559,-15.946789],[-47.629208,-15.947354],[-47.629722,-15.948006],[-47.630088,-15.948553],[-47.630572,-15.949827],[-47.630705,-15.950461],[-47.630754,-15.951613],[-47.630929,-15.952867],[-47.631105,-15.953526],[-47.631369,-15.954145],[-47.6319,-15.954943],[-47.63259,-15.955715],[-47.634318,-15.957132],[-47.63662,-15.959859],[-47.637124,-15.960322],[-47.637738,-15.960718],[-47.641893,-15.962836],[-47.642765,-15.963439],[-47.646947,-15.967738],[-47.647675,-15.968292],[-47.64845,-15.968729],[-47.649158,-15.968999],[-47.650388,-15.969261],[-47.651106,-15.969305],[-47.652043,-15.969223],[-47.652813,-15.969053],[-47.653717,-15.968671],[-47.654436,-15.968292],[-47.655072,-15.967805],[-47.658782,-15.964151],[-47.65949,-15.963574],[-47.66028,-15.963131],[-47.661968,-15.962449],[-47.661967,-15.962233],[-47.662059,-15.961998],[-47.662678,-15.961511],[-47.663107,-15.961099],[-47.663288,-15.960801],[-47.66351,-15.960435],[-47.663605,-15.960136],[-47.663696,-15.959548],[-47.66359,-15.959179],[-47.663439,-15.958855],[-47.663305,-15.958731],[-47.66309,-15.958643],[-47.662718,-15.958675],[-47.66236,-15.958806],[-47.662185,-15.958726],[-47.662042,-15.958277],[-47.661905,-15.957185],[-47.66185,-15.957083],[-47.661525,-15.956485],[-47.661309,-15.956335],[-47.660612,-15.956126],[-47.660084,-15.955835],[-47.659795,-15.955613],[-47.65983,-15.954673],[-47.659982,-15.954364],[-47.660396,-15.95407],[-47.660731,-15.953912],[-47.660966,-15.953891],[-47.661267,-15.953933],[-47.662218,-15.954092],[-47.662514,-15.954179],[-47.6628,-15.953959],[-47.662885,-15.953759],[-47.662882,-15.953633],[-47.662787,-15.953408],[-47.662859,-15.953181],[-47.663041,-15.953017],[-47.663573,-15.952739],[-47.663865,-15.95251],[-47.663986,-15.952535],[-47.664405,-15.952765],[-47.664583,-15.952898],[-47.664787,-15.953185],[-47.664954,-15.953228],[-47.665277,-15.953133],[-47.665873,-15.95281],[-47.666195,-15.952417],[-47.666516,-15.952206],[-47.66671,-15.951996],[-47.666827,-15.951046],[-47.666922,-15.950701],[-47.666942,-15.950204],[-47.667026,-15.949851],[-47.667383,-15.948971],[-47.668185,-15.947506],[-47.668712,-15.946371],[-47.668903,-15.94589],[-47.668915,-15.945474],[-47.668882,-15.945113],[-47.668574,-15.94481],[-47.668076,-15.944654],[-47.667572,-15.944579],[-47.667262,-15.944384],[-47.666823,-15.943974],[-47.666617,-15.943678],[-47.666529,-15.943435],[-47.666468,-15.943057],[-47.66648,-15.942831],[-47.666679,-15.94281],[-47.667035,-15.942878],[-47.667108,-15.942986],[-47.667228,-15.943057],[-47.667784,-15.943284],[-47.668891,-15.943451],[-47.669028,-15.943423],[-47.669307,-15.943184],[-47.669357,-15.943003],[-47.669212,-15.942526],[-47.669024,-15.942212],[-47.668766,-15.941945],[-47.668566,-15.94164],[-47.668369,-15.941055],[-47.668331,-15.94083],[-47.668653,-15.940067],[-47.668709,-15.939705],[-47.668664,-15.938965],[-47.668451,-15.938507],[-47.668361,-15.938156],[-47.668439,-15.937974],[-47.669195,-15.937667],[-47.66969,-15.937327],[-47.669749,-15.9372],[-47.669673,-15.936749],[-47.669508,-15.936326],[-47.669085,-15.9356],[-47.668479,-15.934768],[-47.668389,-15.934489],[-47.668393,-15.934263],[-47.668667,-15.933681],[-47.669972,-15.932374],[-47.670635,-15.931372],[-47.671086,-15.930951],[-47.671235,-15.930705],[-47.671225,-15.93048],[-47.6711,-15.930319],[-47.670395,-15.929821],[-47.670064,-15.9295],[-47.669955,-15.929348],[-47.669919,-15.929096],[-47.670063,-15.928922],[-47.67015,-15.928912],[-47.670383,-15.929009],[-47.671157,-15.92918],[-47.671349,-15.929186],[-47.671655,-15.929074],[-47.671838,-15.928873],[-47.67188,-15.928647],[-47.671853,-15.927798],[-47.671938,-15.92758],[-47.672185,-15.927604],[-47.672745,-15.927805],[-47.673975,-15.927952],[-47.674408,-15.928128],[-47.674702,-15.928386],[-47.675911,-15.930114],[-47.676165,-15.930292],[-47.676417,-15.930325],[-47.676628,-15.930196],[-47.677176,-15.929114],[-47.67741,-15.928271],[-47.677417,-15.928045],[-47.677301,-15.927604],[-47.677271,-15.927117],[-47.677014,-15.926154],[-47.676745,-15.925778],[-47.676115,-15.925298],[-47.675505,-15.924574],[-47.675422,-15.924376],[-47.675479,-15.924095],[-47.675612,-15.923904],[-47.675796,-15.923757],[-47.676018,-15.923655],[-47.676247,-15.923625],[-47.677038,-15.92367],[-47.677438,-15.923538],[-47.677591,-15.923365],[-47.677795,-15.922432],[-47.677881,-15.922259],[-47.678072,-15.922067],[-47.67903,-15.921676],[-47.679439,-15.9213],[-47.679563,-15.921109],[-47.679847,-15.920248],[-47.680312,-15.919275],[-47.680512,-15.919011],[-47.680709,-15.918891],[-47.680913,-15.918843],[-47.681175,-15.918921],[-47.68128,-15.919128],[-47.681182,-15.919391],[-47.680875,-15.919612],[-47.680844,-15.919811],[-47.680911,-15.920352],[-47.681094,-15.920873],[-47.68132,-15.921313],[-47.681415,-15.921429],[-47.681651,-15.921571],[-47.681848,-15.921596],[-47.682127,-15.921601],[-47.682338,-15.921418],[-47.68254,-15.920747],[-47.68273,-15.919254],[-47.682753,-15.918703],[-47.682434,-15.917497],[-47.682417,-15.917],[-47.682511,-15.916538],[-47.682967,-15.915693],[-47.683193,-15.915446],[-47.683651,-15.915224],[-47.684435,-15.915169],[-47.684698,-15.915093],[-47.684796,-15.914884],[-47.684776,-15.914695],[-47.684622,-15.914399],[-47.684409,-15.914266],[-47.684139,-15.914242],[-47.683861,-15.914282],[-47.683031,-15.9145],[-47.682707,-15.914477],[-47.682507,-15.914362],[-47.681558,-15.913299],[-47.6811,-15.91288],[-47.68073,-15.912415],[-47.680374,-15.911724],[-47.680463,-15.911416],[-47.680662,-15.911207],[-47.68161,-15.911383],[-47.681839,-15.911335],[-47.682065,-15.911025],[-47.68212,-15.910871],[-47.682101,-15.910609],[-47.68202,-15.910349],[-47.682035,-15.910086],[-47.682203,-15.909922],[-47.682499,-15.909945],[-47.683393,-15.910304],[-47.683807,-15.910173],[-47.683944,-15.910081],[-47.684111,-15.909817],[-47.684314,-15.909706],[-47.684686,-15.909674],[-47.684927,-15.909762],[-47.684992,-15.910095],[-47.684914,-15.910566],[-47.685091,-15.91087],[-47.685428,-15.9113],[-47.685892,-15.91161],[-47.68615,-15.911715],[-47.686649,-15.911826],[-47.687148,-15.911874],[-47.687381,-15.911872],[-47.688071,-15.911673],[-47.688242,-15.911481],[-47.688292,-15.911219],[-47.68824,-15.910994],[-47.687302,-15.90984],[-47.687018,-15.909428],[-47.68698,-15.909221],[-47.686983,-15.908986],[-47.687516,-15.906929],[-47.687751,-15.906511],[-47.688308,-15.906206],[-47.688532,-15.906149],[-47.688715,-15.906201],[-47.688801,-15.906371],[-47.688758,-15.906869],[-47.688381,-15.907795],[-47.688358,-15.908111],[-47.688403,-15.908382],[-47.688541,-15.908615],[-47.688904,-15.908854],[-47.689412,-15.908884],[-47.6896,-15.908755],[-47.689692,-15.907399],[-47.689976,-15.906781],[-47.690213,-15.90639],[-47.690331,-15.906289],[-47.690499,-15.906323],[-47.69072,-15.906248],[-47.691193,-15.905755],[-47.691398,-15.905345],[-47.691502,-15.904676],[-47.691517,-15.904224],[-47.691582,-15.904006],[-47.691682,-15.904005],[-47.691881,-15.904129],[-47.692035,-15.904299],[-47.692106,-15.904506],[-47.692079,-15.904732],[-47.691943,-15.904914],[-47.691648,-15.905532],[-47.691597,-15.90575],[-47.691642,-15.905975],[-47.691902,-15.906351],[-47.692517,-15.90703],[-47.69291,-15.907269],[-47.693137,-15.90732],[-47.693849,-15.907338],[-47.694072,-15.907272],[-47.694229,-15.907108],[-47.694268,-15.906881],[-47.694244,-15.906574],[-47.694119,-15.906224],[-47.693656,-15.905444],[-47.693517,-15.905265],[-47.693318,-15.905141],[-47.693173,-15.904971],[-47.693201,-15.904826],[-47.693367,-15.904869],[-47.693617,-15.904704],[-47.694301,-15.904704],[-47.694946,-15.904967],[-47.695565,-15.905285],[-47.696221,-15.90552],[-47.696686,-15.905532],[-47.69689,-15.905421],[-47.696995,-15.905221],[-47.696936,-15.904771],[-47.696707,-15.904132],[-47.696471,-15.903747],[-47.696436,-15.903521],[-47.696627,-15.903447],[-47.69775,-15.90374],[-47.698217,-15.903743],[-47.698629,-15.903539],[-47.698838,-15.903139],[-47.698855,-15.902687],[-47.698764,-15.902481],[-47.698616,-15.902302],[-47.697958,-15.902075],[-47.697771,-15.901942],[-47.697655,-15.901745],[-47.697528,-15.901313],[-47.697469,-15.900871],[-47.697547,-15.899515],[-47.69771,-15.899351],[-47.69793,-15.899285],[-47.698158,-15.899336],[-47.698354,-15.899451],[-47.698865,-15.899914],[-47.699424,-15.900323],[-47.699657,-15.90032],[-47.699851,-15.900191],[-47.699978,-15.9],[-47.700006,-15.899783],[-47.699656,-15.899191],[-47.699241,-15.898645],[-47.699051,-15.898232],[-47.699003,-15.898016],[-47.699028,-15.897564],[-47.699117,-15.897355],[-47.699348,-15.897316],[-47.699811,-15.897374],[-47.700753,-15.897398],[-47.701201,-15.897474],[-47.701887,-15.8977],[-47.702281,-15.897894],[-47.702515,-15.897882],[-47.702733,-15.897807],[-47.702828,-15.897598],[-47.702795,-15.897381],[-47.702657,-15.897194],[-47.701834,-15.896779],[-47.700796,-15.895835],[-47.700668,-15.895638],[-47.700508,-15.895215],[-47.700496,-15.89499],[-47.700604,-15.89479],[-47.701154,-15.894376],[-47.701368,-15.894292],[-47.701597,-15.894335],[-47.701784,-15.894468],[-47.702467,-15.895435],[-47.702746,-15.895621],[-47.702921,-15.895655],[-47.70308,-15.895617],[-47.703167,-15.895426],[-47.703302,-15.894765],[-47.703641,-15.893921],[-47.70406,-15.892633],[-47.703987,-15.892489],[-47.704134,-15.892361],[-47.704795,-15.892579],[-47.70538,-15.892951],[-47.705934,-15.893368],[-47.706782,-15.894143],[-47.707002,-15.894213],[-47.707234,-15.894201],[-47.707344,-15.894001],[-47.707341,-15.893775],[-47.707262,-15.893334],[-47.706912,-15.892254],[-47.706825,-15.891587],[-47.707244,-15.891392],[-47.70771,-15.891377],[-47.708162,-15.89148],[-47.70859,-15.891655],[-47.708982,-15.891903],[-47.709214,-15.891927],[-47.709435,-15.891852],[-47.70956,-15.891661],[-47.709629,-15.891452],[-47.709654,-15.891226],[-47.709533,-15.891029],[-47.708785,-15.890496],[-47.708211,-15.88979],[-47.708235,-15.889564],[-47.708373,-15.889382],[-47.709196,-15.888956],[-47.709868,-15.888333],[-47.710089,-15.888258],[-47.710322,-15.888246],[-47.711247,-15.888352],[-47.711481,-15.88834],[-47.711701,-15.888274],[-47.712021,-15.887945],[-47.712056,-15.887854],[-47.712063,-15.887267],[-47.712008,-15.887051],[-47.711702,-15.886441],[-47.711407,-15.886092],[-47.711193,-15.886005],[-47.71096,-15.885998],[-47.710304,-15.886232],[-47.709838,-15.886193],[-47.709616,-15.886124],[-47.70933,-15.885766],[-47.709382,-15.885549],[-47.709545,-15.885384],[-47.709748,-15.885282],[-47.710109,-15.884989],[-47.710397,-15.884642],[-47.71058,-15.884224],[-47.710578,-15.883998],[-47.710436,-15.883819],[-47.709738,-15.883765],[-47.709516,-15.883704],[-47.709425,-15.883498],[-47.709474,-15.882368],[-47.709372,-15.881927],[-47.708808,-15.881528],[-47.708289,-15.881073],[-47.707727,-15.880358],[-47.707688,-15.880133],[-47.707759,-15.879689],[-47.708112,-15.878854],[-47.70827,-15.878355],[-47.708386,-15.877694],[-47.708474,-15.877485],[-47.708688,-15.877392],[-47.709157,-15.87782],[-47.709371,-15.877835],[-47.709897,-15.877702],[-47.709617,-15.875746],[-47.709639,-15.87552],[-47.70986,-15.875129],[-47.710091,-15.875099],[-47.71028,-15.875232],[-47.710794,-15.875984],[-47.710999,-15.87609],[-47.711227,-15.876141],[-47.711454,-15.876093],[-47.712258,-15.875632],[-47.712629,-15.875528],[-47.712718,-15.875526],[-47.712824,-15.875688],[-47.713085,-15.876551],[-47.713318,-15.876549],[-47.713507,-15.87642],[-47.713712,-15.876038],[-47.713989,-15.876396],[-47.714392,-15.876625],[-47.714472,-15.876832],[-47.714487,-15.877058],[-47.714293,-15.87771],[-47.714341,-15.877927],[-47.714506,-15.878096],[-47.714966,-15.878018],[-47.715432,-15.878048],[-47.715836,-15.877827],[-47.716332,-15.877351],[-47.716558,-15.877294],[-47.716621,-15.877519],[-47.716624,-15.877744],[-47.716471,-15.877909],[-47.716474,-15.878135],[-47.716576,-15.878341],[-47.71681,-15.878338],[-47.717013,-15.878227],[-47.717356,-15.877636],[-47.717562,-15.877525],[-47.717786,-15.877594],[-47.718017,-15.877564],[-47.718397,-15.877045],[-47.718809,-15.877175],[-47.719187,-15.877441],[-47.719417,-15.877393],[-47.719567,-15.877229],[-47.719792,-15.876829],[-47.719797,-15.876377],[-47.719956,-15.876248],[-47.7201,-15.876391],[-47.720134,-15.876617],[-47.720259,-15.876805],[-47.720479,-15.87673],[-47.720625,-15.876556],[-47.720861,-15.876011],[-47.721324,-15.876033],[-47.721497,-15.876184],[-47.72188,-15.876748],[-47.722107,-15.876799],[-47.722282,-15.876653],[-47.722306,-15.876427],[-47.722082,-15.875788],[-47.72207,-15.87559],[-47.722518,-15.875467],[-47.722723,-15.875356],[-47.723232,-15.874898],[-47.723449,-15.874814],[-47.723905,-15.874727],[-47.724031,-15.874915],[-47.724113,-15.875374],[-47.724221,-15.875572],[-47.724361,-15.875624],[-47.724571,-15.875522],[-47.724648,-15.875394],[-47.725032,-15.874749],[-47.725196,-15.874593],[-47.725419,-15.874527],[-47.725877,-15.874611],[-47.726343,-15.874605],[-47.726454,-15.874803],[-47.726422,-15.875074],[-47.726586,-15.875217],[-47.727077,-15.875256],[-47.727496,-15.875061],[-47.727302,-15.874684],[-47.727569,-15.874355],[-47.727775,-15.874244],[-47.728108,-15.874556],[-47.728342,-15.874571],[-47.728544,-15.87446],[-47.72871,-15.874296],[-47.728899,-15.874429],[-47.729023,-15.874237],[-47.729093,-15.874029],[-47.729465,-15.874069],[-47.729694,-15.874238],[-47.729788,-15.874381],[-47.729948,-15.874434],[-47.730124,-15.874431],[-47.730385,-15.874022],[-47.730563,-15.874173],[-47.730771,-15.874197],[-47.73096,-15.874014],[-47.731036,-15.873806],[-47.730976,-15.87349],[-47.730884,-15.873284],[-47.730926,-15.873166],[-47.731073,-15.873101],[-47.731192,-15.873117],[-47.731404,-15.873241],[-47.731684,-15.873527],[-47.731894,-15.873605],[-47.73205,-15.87345],[-47.73218,-15.873132],[-47.732207,-15.872861],[-47.732154,-15.87259],[-47.732176,-15.872436],[-47.732308,-15.872381],[-47.733183,-15.872243],[-47.733742,-15.872227],[-47.733986,-15.872098],[-47.734181,-15.871905],[-47.734437,-15.871812],[-47.734964,-15.871995],[-47.73643,-15.871994],[-47.736655,-15.871883],[-47.736788,-15.871105],[-47.736938,-15.870913],[-47.737152,-15.870829],[-47.737245,-15.870918],[-47.737253,-15.871207],[-47.737457,-15.871376],[-47.737673,-15.871193],[-47.737652,-15.870696],[-47.737758,-15.870515],[-47.738071,-15.870664],[-47.738296,-15.870706],[-47.73876,-15.870511],[-47.739016,-15.870462],[-47.739292,-15.870495],[-47.739763,-15.870697],[-47.740101,-15.870693],[-47.740149,-15.870475],[-47.740011,-15.870296],[-47.739973,-15.870161],[-47.740095,-15.869997],[-47.740411,-15.869921],[-47.740902,-15.869924],[-47.741035,-15.869841],[-47.741071,-15.869551],[-47.74097,-15.868866],[-47.74109,-15.868837],[-47.741367,-15.86896],[-47.741518,-15.868814],[-47.74171,-15.868152],[-47.741706,-15.867903],[-47.741703,-15.867728],[-47.741865,-15.867645],[-47.741952,-15.867445],[-47.741985,-15.867182],[-47.74175,-15.866644],[-47.741762,-15.866363],[-47.741866,-15.866118],[-47.742345,-15.865841],[-47.742678,-15.865403],[-47.74286,-15.865338],[-47.743411,-15.865584],[-47.743448,-15.865294],[-47.743287,-15.864673],[-47.743315,-15.864221],[-47.743211,-15.863726],[-47.743319,-15.863643],[-47.743412,-15.863488],[-47.743417,-15.862639],[-47.743287,-15.862379],[-47.74341,-15.862134],[-47.743936,-15.862181],[-47.74418,-15.862151],[-47.744337,-15.861987],[-47.744333,-15.861445],[-47.744417,-15.861335],[-47.744942,-15.861229],[-47.744978,-15.860994],[-47.744917,-15.860733],[-47.744964,-15.86066],[-47.745235,-15.860711],[-47.745427,-15.860844],[-47.745649,-15.860787],[-47.745783,-15.860632],[-47.745903,-15.860386],[-47.746257,-15.860084],[-47.746471,-15.860126],[-47.746717,-15.860258],[-47.746986,-15.859811],[-47.747232,-15.859737],[-47.747237,-15.85959],[-47.746904,-15.859301],[-47.747042,-15.858497],[-47.74718,-15.858345],[-47.747332,-15.858176],[-47.747039,-15.857637],[-47.747213,-15.857226],[-47.747121,-15.857109],[-47.746799,-15.856986],[-47.746684,-15.856796],[-47.746546,-15.856312],[-47.746533,-15.855819],[-47.746109,-15.854953],[-47.746142,-15.854702],[-47.746152,-15.854627],[-47.746112,-15.854235],[-47.745672,-15.854077],[-47.745507,-15.853976],[-47.745429,-15.853818],[-47.745455,-15.853682],[-47.745563,-15.853546],[-47.74563,-15.853541],[-47.746365,-15.853483],[-47.746582,-15.853426],[-47.746743,-15.853261],[-47.746822,-15.853103],[-47.746608,-15.852721],[-47.746658,-15.852461],[-47.746763,-15.852351],[-47.746724,-15.852186],[-47.746776,-15.852069],[-47.747042,-15.852076],[-47.747585,-15.852221],[-47.747966,-15.852373],[-47.748314,-15.852408],[-47.748416,-15.85224],[-47.748442,-15.851636],[-47.748525,-15.851181],[-47.748787,-15.850707],[-47.749566,-15.850252],[-47.749724,-15.849904],[-47.749675,-15.849631],[-47.749875,-15.849432],[-47.750431,-15.849116],[-47.750713,-15.848484],[-47.751232,-15.848149],[-47.751449,-15.847943],[-47.751513,-15.84793],[-47.752192,-15.847791],[-47.752331,-15.847563],[-47.752452,-15.847364],[-47.752215,-15.84701],[-47.752399,-15.846688],[-47.752584,-15.846554],[-47.753242,-15.846353],[-47.753144,-15.846123],[-47.753596,-15.845961],[-47.75381,-15.845589],[-47.754088,-15.845364],[-47.754224,-15.845254],[-47.754762,-15.844929],[-47.754692,-15.84475],[-47.754701,-15.844592],[-47.754987,-15.844374],[-47.755053,-15.844156],[-47.755427,-15.843816],[-47.755546,-15.843707],[-47.755896,-15.843806],[-47.756072,-15.843274],[-47.757065,-15.84312],[-47.757381,-15.842655],[-47.758122,-15.842052],[-47.7585,-15.842092],[-47.758787,-15.842123],[-47.759026,-15.842061],[-47.758987,-15.841873],[-47.759256,-15.841969],[-47.76,-15.841256],[-47.760023,-15.8408],[-47.760225,-15.84069],[-47.760767,-15.840592],[-47.761336,-15.84033],[-47.761617,-15.840444],[-47.762015,-15.83993],[-47.762614,-15.839431],[-47.76304,-15.839111],[-47.763436,-15.83888],[-47.764003,-15.838845],[-47.764366,-15.838496],[-47.764951,-15.838549],[-47.765287,-15.838394],[-47.765849,-15.838367],[-47.766138,-15.838183],[-47.766519,-15.83771],[-47.766779,-15.837665],[-47.767035,-15.837513],[-47.767323,-15.837419],[-47.768675,-15.836215],[-47.771957,-15.83448],[-47.773038,-15.834765],[-47.773781,-15.835271],[-47.77453,-15.836421],[-47.775312,-15.8367],[-47.776211,-15.837241],[-47.777046,-15.837393],[-47.777802,-15.837697],[-47.778683,-15.837931],[-47.779208,-15.838278],[-47.780057,-15.838171],[-47.781618,-15.838627],[-47.782185,-15.839092],[-47.784267,-15.839029],[-47.786813,-15.838418],[-47.787677,-15.840468],[-47.788623,-15.841263],[-47.789261,-15.841799],[-47.789378,-15.841897],[-47.789962,-15.842723],[-47.790587,-15.843751],[-47.791202,-15.844243],[-47.791917,-15.844169],[-47.792067,-15.844049],[-47.792629,-15.842349],[-47.793083,-15.840257],[-47.793401,-15.838964],[-47.794615,-15.837095],[-47.795717,-15.835585],[-47.796614,-15.834219],[-47.798145,-15.833177],[-47.799397,-15.832602],[-47.800406,-15.832422],[-47.801852,-15.833608],[-47.802912,-15.834307],[-47.803312,-15.834489],[-47.803502,-15.834575],[-47.803668,-15.834651],[-47.803883,-15.834748],[-47.804038,-15.834819],[-47.803602,-15.834024],[-47.802993,-15.833581],[-47.797129,-15.825965],[-47.795596,-15.823688],[-47.794176,-15.821078],[-47.793471,-15.819548],[-47.792541,-15.817165],[-47.788589,-15.80883],[-47.787098,-15.806017],[-47.786034,-15.802371],[-47.785933,-15.802022],[-47.784177,-15.798075],[-47.784177,-15.797991],[-47.784154,-15.797961],[-47.78413,-15.797951],[-47.784043,-15.797954],[-47.784016,-15.797946],[-47.783999,-15.79793],[-47.783936,-15.797808],[-47.783911,-15.797723],[-47.783669,-15.797184],[-47.78351,-15.796425],[-47.783415,-15.793095],[-47.782877,-15.7899],[-47.783015,-15.788012],[-47.783564,-15.785207],[-47.783763,-15.784539],[-47.784056,-15.783975],[-47.784367,-15.783567],[-47.785272,-15.782727],[-47.78593,-15.78233],[-47.786607,-15.78208],[-47.78727,-15.781925],[-47.791655,-15.781315],[-47.793546,-15.781109],[-47.794561,-15.781115],[-47.796987,-15.781893],[-47.797374,-15.782286],[-47.79768,-15.782596],[-47.798326,-15.783357],[-47.798552,-15.783529],[-47.799368,-15.785115],[-47.799951,-15.785835],[-47.800485,-15.786291],[-47.801257,-15.786835],[-47.802085,-15.78729],[-47.802662,-15.787516],[-47.803189,-15.787493],[-47.803705,-15.787356],[-47.804195,-15.787086],[-47.804577,-15.786752],[-47.804815,-15.786417],[-47.804942,-15.786065],[-47.805205,-15.784787],[-47.805456,-15.78412],[-47.805778,-15.783504],[-47.806323,-15.7828],[-47.807794,-15.781352],[-47.808511,-15.780338],[-47.810488,-15.777237],[-47.81314,-15.77241],[-47.813093,-15.770668],[-47.812595,-15.769186],[-47.811373,-15.767708],[-47.808998,-15.7655],[-47.808629,-15.764892],[-47.808565,-15.764049],[-47.808708,-15.763312],[-47.809092,-15.762828],[-47.811892,-15.759972],[-47.812469,-15.75853],[-47.812544,-15.758211],[-47.81237,-15.757755],[-47.811706,-15.757449],[-47.811039,-15.757304],[-47.810365,-15.757373],[-47.809726,-15.757601],[-47.807707,-15.758776],[-47.795973,-15.760588],[-47.791076,-15.761344],[-47.790325,-15.76146],[-47.789176,-15.761578],[-47.78915,-15.761581],[-47.788063,-15.761574],[-47.787304,-15.761515],[-47.785815,-15.761195],[-47.784142,-15.760606],[-47.782711,-15.760102],[-47.779147,-15.758848],[-47.778136,-15.758434]]]}},{"type":"Feature","properties":{"nome":"Park Way","osm_id":3359477},"geometry":{"type":"Polygon","coordinates":[[[-47.970744,-15.883632],[-47.97082,-15.883652],[-47.972765,-15.883642],[-47.973296,-15.883646],[-47.974741,-15.883599],[-47.975228,-15.883556],[-47.975642,-15.883475],[-47.975954,-15.883387],[-47.976286,-15.883268],[-47.976595,-15.883141],[-47.976897,-15.882967],[-47.977202,-15.882764],[-47.977441,-15.882584],[-47.977713,-15.882358],[-47.977993,-15.88207],[-47.978261,-15.881759],[-47.978485,-15.881433],[-47.97893,-15.880607],[-47.978965,-15.880544],[-47.979113,-15.88064],[-47.979405,-15.880752],[-47.979596,-15.880755],[-47.979735,-15.880712],[-47.97988,-15.880676],[-47.980383,-15.880735],[-47.980739,-15.881065],[-47.981038,-15.881288],[-47.98135,-15.881453],[-47.981862,-15.881726],[-47.982204,-15.881857],[-47.982604,-15.882131],[-47.982914,-15.882272],[-47.983076,-15.882278],[-47.983398,-15.882057],[-47.983721,-15.881972],[-47.983955,-15.881959],[-47.984136,-15.882011],[-47.984486,-15.88225],[-47.985423,-15.883077],[-47.985977,-15.883403],[-47.986436,-15.883602],[-47.986666,-15.88347],[-47.987136,-15.883771],[-47.987425,-15.884213],[-47.987462,-15.884374],[-47.987567,-15.884521],[-47.98771,-15.884498],[-47.987811,-15.884346],[-47.987899,-15.884383],[-47.987972,-15.884567],[-47.988174,-15.884816],[-47.988548,-15.885643],[-47.988593,-15.88619],[-47.988759,-15.886609],[-47.988763,-15.886811],[-47.988846,-15.886986],[-47.988728,-15.88797],[-47.988763,-15.888078],[-47.988894,-15.888212],[-47.988844,-15.888321],[-47.988676,-15.888324],[-47.98868,-15.888563],[-47.988827,-15.888632],[-47.98901,-15.888599],[-47.989082,-15.888688],[-47.989054,-15.888812],[-47.989049,-15.888833],[-47.988944,-15.888907],[-47.988555,-15.888867],[-47.988415,-15.889013],[-47.988419,-15.889113],[-47.988529,-15.889165],[-47.988777,-15.889144],[-47.988852,-15.889242],[-47.98877,-15.889604],[-47.988951,-15.889755],[-47.989003,-15.889854],[-47.988859,-15.890904],[-47.988639,-15.891575],[-47.988684,-15.891764],[-47.988988,-15.891904],[-47.98914,-15.892101],[-47.989081,-15.892228],[-47.988822,-15.892448],[-47.988917,-15.892754],[-47.988913,-15.893296],[-47.989167,-15.894096],[-47.989205,-15.894484],[-47.988865,-15.895193],[-47.988819,-15.895825],[-47.988546,-15.896398],[-47.988334,-15.896997],[-47.98781,-15.897925],[-47.987612,-15.899021],[-47.987311,-15.898808],[-47.987197,-15.898873],[-47.9872,-15.899411],[-47.987443,-15.899513],[-47.987591,-15.899434],[-47.987747,-15.899462],[-47.987853,-15.899595],[-47.987828,-15.899876],[-47.987701,-15.900087],[-47.987837,-15.900309],[-47.987887,-15.900859],[-47.987669,-15.901304],[-47.987622,-15.901504],[-47.987621,-15.90173],[-47.987768,-15.902052],[-47.987768,-15.902161],[-47.987654,-15.902524],[-47.987618,-15.902858],[-47.987517,-15.903076],[-47.986996,-15.903716],[-47.986739,-15.903981],[-47.98636,-15.904275],[-47.985736,-15.904952],[-47.985714,-15.905061],[-47.986046,-15.906248],[-47.986241,-15.906688],[-47.986283,-15.906913],[-47.985874,-15.907587],[-47.985124,-15.908672],[-47.984513,-15.9098],[-47.98414,-15.911521],[-47.983895,-15.912319],[-47.983834,-15.913476],[-47.983855,-15.914035],[-47.983752,-15.914253],[-47.983409,-15.914737],[-47.983223,-15.915263],[-47.983032,-15.915654],[-47.98229,-15.916324],[-47.982049,-15.917031],[-47.981992,-15.917366],[-47.981955,-15.917953],[-47.982074,-15.918503],[-47.982058,-15.918656],[-47.981758,-15.919248],[-47.981562,-15.919801],[-47.981553,-15.919976],[-47.981852,-15.920646],[-47.981842,-15.920791],[-47.981773,-15.920891],[-47.981806,-15.92101],[-47.981686,-15.921581],[-47.981819,-15.921802],[-47.981942,-15.921891],[-47.982043,-15.92207],[-47.98227,-15.922293],[-47.982291,-15.922527],[-47.982352,-15.922671],[-47.982764,-15.923126],[-47.983128,-15.923762],[-47.983671,-15.92454],[-47.983819,-15.924885],[-47.983792,-15.925125],[-47.983677,-15.925237],[-47.983608,-15.92542],[-47.983594,-15.925618],[-47.98364,-15.926046],[-47.98381,-15.926335],[-47.983804,-15.926452],[-47.983731,-15.926643],[-47.983457,-15.927062],[-47.983392,-15.927532],[-47.983414,-15.927903],[-47.983464,-15.928001],[-47.983685,-15.928197],[-47.983828,-15.928457],[-47.984579,-15.929096],[-47.984975,-15.929597],[-47.985246,-15.929846],[-47.986601,-15.930676],[-47.987884,-15.93166],[-47.988619,-15.932282],[-47.989375,-15.932732],[-47.991037,-15.933549],[-47.991309,-15.933726],[-47.992314,-15.93457],[-47.992624,-15.935008],[-47.993174,-15.935434],[-47.993997,-15.93637],[-47.994693,-15.93674],[-47.994887,-15.936909],[-47.995226,-15.937328],[-47.995646,-15.937548],[-47.99581,-15.937718],[-47.996563,-15.93805],[-47.996683,-15.93822],[-47.996818,-15.939031],[-47.997019,-15.939308],[-47.997557,-15.939933],[-47.998337,-15.940581],[-47.998988,-15.941042],[-47.999474,-15.941522],[-47.999784,-15.942367],[-48.000017,-15.942842],[-48.000567,-15.943539],[-48.001146,-15.944551],[-48.001424,-15.9449],[-48.001584,-15.945448],[-47.999815,-15.947239],[-47.99975,-15.947305],[-48.020717,-15.966103],[-48.019231,-15.967861],[-48.015808,-15.971711],[-48.01475,-15.972751],[-48.013834,-15.973527],[-48.012375,-15.974587],[-48.01086,-15.975529],[-48.009455,-15.976238],[-48.007744,-15.976941],[-48.00575,-15.977562],[-48.004524,-15.977831],[-48.003408,-15.978036],[-48.002148,-15.978181],[-48.000748,-15.978254],[-47.99969,-15.97825],[-47.998272,-15.978171],[-47.996815,-15.977988],[-47.990739,-15.976828],[-47.990442,-15.976812],[-47.990114,-15.976793],[-47.989947,-15.976784],[-47.989795,-15.976755],[-47.989443,-15.976687],[-47.98933,-15.976665],[-47.978828,-15.974651],[-47.977312,-15.974484],[-47.97699,-15.974448],[-47.975213,-15.974372],[-47.97345,-15.974399],[-47.970672,-15.974621],[-47.968387,-15.975049],[-47.966318,-15.975592],[-47.962252,-15.977012],[-47.955854,-15.979267],[-47.95581,-15.979084],[-47.955746,-15.978734],[-47.955703,-15.978032],[-47.955832,-15.977063],[-47.956583,-15.974628],[-47.956755,-15.973824],[-47.956755,-15.973102],[-47.956519,-15.970482],[-47.956561,-15.969843],[-47.956819,-15.969162],[-47.957398,-15.96846],[-47.958021,-15.967924],[-47.958729,-15.967553],[-47.959609,-15.967429],[-47.960317,-15.96745],[-47.963879,-15.968233],[-47.964565,-15.968316],[-47.965295,-15.968254],[-47.965939,-15.968048],[-47.966582,-15.967718],[-47.966619,-15.967686],[-47.967226,-15.967161],[-47.967548,-15.966727],[-47.967913,-15.965943],[-47.968514,-15.962993],[-47.968857,-15.962189],[-47.96935,-15.96159],[-47.969887,-15.961157],[-47.970659,-15.960807],[-47.971625,-15.960662],[-47.975294,-15.96124],[-47.975981,-15.961199],[-47.976903,-15.961054],[-47.978019,-15.96058],[-47.97877,-15.960085],[-47.979543,-15.959301],[-47.982279,-15.954897],[-47.982812,-15.954056],[-47.983491,-15.952967],[-47.98373,-15.952497],[-47.98287,-15.952399],[-47.98266,-15.952285],[-47.982339,-15.95219],[-47.981694,-15.95182],[-47.981254,-15.951663],[-47.980662,-15.951292],[-47.980413,-15.951241],[-47.979217,-15.951204],[-47.978516,-15.951349],[-47.977747,-15.951396],[-47.976791,-15.951743],[-47.976392,-15.951812],[-47.97574,-15.951839],[-47.975181,-15.951774],[-47.974666,-15.951782],[-47.974129,-15.952062],[-47.973379,-15.952201],[-47.972988,-15.952089],[-47.97203,-15.95168],[-47.97034,-15.951104],[-47.969616,-15.951139],[-47.968959,-15.951083],[-47.967947,-15.950727],[-47.966946,-15.950549],[-47.966116,-15.950484],[-47.964419,-15.950608],[-47.964216,-15.950565],[-47.963546,-15.950072],[-47.962024,-15.948443],[-47.961772,-15.948239],[-47.961242,-15.947668],[-47.960577,-15.947172],[-47.959833,-15.946712],[-47.959334,-15.946466],[-47.959123,-15.946289],[-47.958892,-15.946247],[-47.958634,-15.94635],[-47.957878,-15.946168],[-47.957719,-15.945896],[-47.95689,-15.945666],[-47.956772,-15.945449],[-47.956753,-15.945415],[-47.956545,-15.94528],[-47.956049,-15.945081],[-47.953795,-15.944712],[-47.95224,-15.944277],[-47.950928,-15.943968],[-47.949497,-15.943753],[-47.949099,-15.943881],[-47.948201,-15.944308],[-47.948191,-15.944313],[-47.947876,-15.94436],[-47.947102,-15.943609],[-47.946302,-15.942509],[-47.945773,-15.942182],[-47.945723,-15.941984],[-47.945632,-15.941883],[-47.945361,-15.94201],[-47.94522,-15.942024],[-47.944233,-15.941796],[-47.944053,-15.941699],[-47.943969,-15.941593],[-47.943734,-15.941686],[-47.94362,-15.941814],[-47.943402,-15.94188],[-47.943171,-15.941884],[-47.942978,-15.941751],[-47.942885,-15.94149],[-47.942724,-15.941339],[-47.9423,-15.941011],[-47.942067,-15.940914],[-47.941984,-15.940636],[-47.941778,-15.940571],[-47.941458,-15.940742],[-47.941231,-15.94052],[-47.940809,-15.93999],[-47.940629,-15.939869],[-47.940193,-15.939642],[-47.940118,-15.939415],[-47.939961,-15.939324],[-47.939907,-15.939147],[-47.939407,-15.938991],[-47.939244,-15.938831],[-47.938989,-15.938302],[-47.938529,-15.938082],[-47.938157,-15.937843],[-47.938004,-15.937647],[-47.937897,-15.937404],[-47.937618,-15.937065],[-47.937469,-15.937022],[-47.937361,-15.937114],[-47.937321,-15.937268],[-47.937172,-15.937423],[-47.937083,-15.937452],[-47.936627,-15.937069],[-47.936426,-15.936955],[-47.936149,-15.936913],[-47.93589,-15.936718],[-47.935634,-15.936243],[-47.935463,-15.93602],[-47.935296,-15.935869],[-47.935048,-15.935764],[-47.935001,-15.935638],[-47.934794,-15.935577],[-47.934699,-15.935506],[-47.93467,-15.935019],[-47.934584,-15.934831],[-47.934319,-15.934726],[-47.93409,-15.934512],[-47.934046,-15.934251],[-47.933897,-15.934027],[-47.933505,-15.933852],[-47.933444,-15.933656],[-47.933259,-15.933548],[-47.932995,-15.933101],[-47.932551,-15.932763],[-47.932261,-15.932461],[-47.932098,-15.932436],[-47.932045,-15.932363],[-47.932012,-15.932021],[-47.931748,-15.931935],[-47.931541,-15.931748],[-47.931277,-15.931661],[-47.931092,-15.931528],[-47.930982,-15.931277],[-47.930772,-15.931127],[-47.93066,-15.930839],[-47.930735,-15.930729],[-47.930952,-15.930723],[-47.93098,-15.930629],[-47.930817,-15.930429],[-47.930993,-15.93031],[-47.931032,-15.930183],[-47.930974,-15.929651],[-47.930984,-15.929335],[-47.931027,-15.929235],[-47.930932,-15.929047],[-47.930974,-15.928929],[-47.930876,-15.928795],[-47.930687,-15.928779],[-47.930622,-15.928708],[-47.930674,-15.928436],[-47.930486,-15.928294],[-47.930531,-15.928194],[-47.930742,-15.928011],[-47.930742,-15.927505],[-47.930405,-15.927437],[-47.930217,-15.927494],[-47.930059,-15.927424],[-47.929984,-15.92729],[-47.93016,-15.926818],[-47.93001,-15.926567],[-47.929904,-15.926505],[-47.929729,-15.926155],[-47.929544,-15.926105],[-47.92956,-15.926023],[-47.92964,-15.925994],[-47.929549,-15.925769],[-47.929406,-15.925591],[-47.929407,-15.925501],[-47.929566,-15.925372],[-47.929579,-15.925101],[-47.929667,-15.924892],[-47.9297,-15.924621],[-47.929601,-15.924465],[-47.929715,-15.924313],[-47.929821,-15.923508],[-47.929732,-15.923257],[-47.929541,-15.923124],[-47.929123,-15.92266],[-47.929224,-15.922487],[-47.929131,-15.922172],[-47.928895,-15.921841],[-47.929178,-15.92153],[-47.929207,-15.921232],[-47.929165,-15.920898],[-47.929241,-15.920383],[-47.929229,-15.92013],[-47.928644,-15.918973],[-47.928618,-15.918657],[-47.928518,-15.918406],[-47.927841,-15.91781],[-47.927794,-15.917549],[-47.927822,-15.917061],[-47.927527,-15.916342],[-47.927381,-15.916073],[-47.927276,-15.915967],[-47.927284,-15.915853],[-47.927381,-15.915694],[-47.92726,-15.91537],[-47.927223,-15.915127],[-47.926901,-15.914546],[-47.926913,-15.914311],[-47.926844,-15.914103],[-47.926905,-15.91365],[-47.926795,-15.913426],[-47.925909,-15.912797],[-47.925539,-15.912775],[-47.925165,-15.912825],[-47.925019,-15.912764],[-47.924827,-15.912577],[-47.924127,-15.912406],[-47.923867,-15.912418],[-47.923534,-15.912369],[-47.92325,-15.912165],[-47.923003,-15.911897],[-47.922895,-15.911185],[-47.922766,-15.910844],[-47.922766,-15.910563],[-47.922275,-15.91055],[-47.922052,-15.910491],[-47.92137,-15.909911],[-47.921209,-15.909893],[-47.92099,-15.909945],[-47.920775,-15.909896],[-47.920388,-15.909892],[-47.919758,-15.909608],[-47.919321,-15.90959],[-47.917699,-15.908902],[-47.916964,-15.908686],[-47.916562,-15.908752],[-47.916262,-15.908749],[-47.915435,-15.908554],[-47.914753,-15.908292],[-47.914025,-15.908385],[-47.913205,-15.908205],[-47.91303,-15.908297],[-47.912828,-15.908122],[-47.912707,-15.907891],[-47.912273,-15.907365],[-47.912082,-15.906952],[-47.911979,-15.906204],[-47.91169,-15.905846],[-47.911493,-15.905722],[-47.911371,-15.90558],[-47.911417,-15.905272],[-47.911335,-15.905129],[-47.911221,-15.905076],[-47.911156,-15.90486],[-47.911192,-15.904697],[-47.911069,-15.904509],[-47.911111,-15.904283],[-47.911007,-15.903887],[-47.910871,-15.902733],[-47.910931,-15.902515],[-47.910851,-15.90211],[-47.910905,-15.901188],[-47.910541,-15.900109],[-47.91025,-15.899553],[-47.910141,-15.899248],[-47.909562,-15.898488],[-47.909003,-15.897665],[-47.908919,-15.897449],[-47.908516,-15.897066],[-47.908464,-15.896968],[-47.908542,-15.896696],[-47.908696,-15.89654],[-47.90887,-15.896267],[-47.908828,-15.895924],[-47.908361,-15.895551],[-47.907448,-15.894706],[-47.907312,-15.894418],[-47.907309,-15.894193],[-47.907388,-15.894047],[-47.907496,-15.893973],[-47.907518,-15.893829],[-47.907437,-15.893694],[-47.906727,-15.892927],[-47.906659,-15.892826],[-47.906372,-15.892399],[-47.906584,-15.892162],[-47.906637,-15.891953],[-47.905858,-15.891042],[-47.905679,-15.890648],[-47.905647,-15.890332],[-47.905788,-15.890185],[-47.905932,-15.889904],[-47.90615,-15.889305],[-47.906163,-15.888681],[-47.906091,-15.888366],[-47.906112,-15.888285],[-47.906004,-15.887979],[-47.906106,-15.887562],[-47.90604,-15.887049],[-47.906055,-15.886968],[-47.906267,-15.886808],[-47.906343,-15.886548],[-47.906277,-15.886007],[-47.906443,-15.885634],[-47.90642,-15.885111],[-47.906257,-15.884833],[-47.906016,-15.884629],[-47.905861,-15.884351],[-47.905808,-15.883719],[-47.905668,-15.883432],[-47.905707,-15.883098],[-47.90593,-15.882833],[-47.906042,-15.882497],[-47.906077,-15.882271],[-47.906053,-15.881955],[-47.905929,-15.881623],[-47.906053,-15.881296],[-47.906047,-15.881156],[-47.906881,-15.881452],[-47.907375,-15.881385],[-47.907609,-15.881403],[-47.907676,-15.881451],[-47.907763,-15.881656],[-47.907935,-15.881699],[-47.908042,-15.881613],[-47.908294,-15.881266],[-47.908483,-15.881263],[-47.908769,-15.881413],[-47.909016,-15.881617],[-47.909333,-15.881622],[-47.90992,-15.881993],[-47.910557,-15.882129],[-47.910783,-15.882361],[-47.911024,-15.882523],[-47.911866,-15.882524],[-47.913485,-15.882905],[-47.913815,-15.882922],[-47.914894,-15.883116],[-47.917352,-15.883437],[-47.919095,-15.883467],[-47.919462,-15.88358],[-47.920173,-15.88403],[-47.920725,-15.884237],[-47.920908,-15.884238],[-47.921436,-15.884015],[-47.921715,-15.883975],[-47.922093,-15.884024],[-47.922945,-15.884268],[-47.923066,-15.884347],[-47.923143,-15.884496],[-47.923428,-15.88458],[-47.923718,-15.884882],[-47.924021,-15.885097],[-47.923973,-15.885205],[-47.924053,-15.885254],[-47.924116,-15.885367],[-47.92449,-15.88537],[-47.924456,-15.88545],[-47.924521,-15.885539],[-47.924625,-15.88557],[-47.924702,-15.885862],[-47.924765,-15.885893],[-47.924867,-15.885839],[-47.92491,-15.886036],[-47.925061,-15.886057],[-47.92511,-15.886171],[-47.925263,-15.886223],[-47.925306,-15.886315],[-47.925456,-15.886429],[-47.925762,-15.8866],[-47.925987,-15.886664],[-47.92618,-15.88664],[-47.926548,-15.886818],[-47.926624,-15.886924],[-47.92703,-15.88695],[-47.927076,-15.88704],[-47.927238,-15.887124],[-47.927309,-15.887269],[-47.927697,-15.887637],[-47.928375,-15.888206],[-47.929124,-15.888756],[-47.929553,-15.888979],[-47.929689,-15.889238],[-47.930094,-15.88944],[-47.930449,-15.889799],[-47.930959,-15.890026],[-47.931224,-15.890324],[-47.931427,-15.89048],[-47.932841,-15.890994],[-47.933392,-15.891427],[-47.933811,-15.891958],[-47.934163,-15.892163],[-47.934338,-15.892151],[-47.934537,-15.892252],[-47.934685,-15.892403],[-47.934725,-15.892541],[-47.934798,-15.892614],[-47.934887,-15.892559],[-47.934939,-15.892731],[-47.935411,-15.893132],[-47.935659,-15.893252],[-47.936384,-15.893477],[-47.936877,-15.893576],[-47.937026,-15.893732],[-47.937539,-15.893852],[-47.937848,-15.894067],[-47.938299,-15.894247],[-47.938411,-15.894393],[-47.93862,-15.894971],[-47.938968,-15.89505],[-47.939392,-15.89541],[-47.939545,-15.895419],[-47.93983,-15.895532],[-47.939997,-15.895534],[-47.946559,-15.894238],[-47.951913,-15.884486],[-47.953362,-15.883411],[-47.956357,-15.881189],[-47.956234,-15.880447],[-47.956195,-15.880215],[-47.95617,-15.880064],[-47.948669,-15.875782],[-47.935892,-15.869659],[-47.935828,-15.869628],[-47.936051,-15.86936],[-47.936338,-15.868891],[-47.936525,-15.868469],[-47.936632,-15.868039],[-47.936671,-15.867633],[-47.936635,-15.867096],[-47.935016,-15.861015],[-47.938435,-15.863248],[-47.952148,-15.872028],[-47.955389,-15.873844],[-47.956043,-15.874176],[-47.956842,-15.874483],[-47.957605,-15.874623],[-47.958042,-15.874624],[-47.958709,-15.874551],[-47.959064,-15.876692],[-47.965059,-15.875872],[-47.965499,-15.875699],[-47.965871,-15.875056],[-47.966242,-15.875089],[-47.967318,-15.87557],[-47.968626,-15.876726],[-47.969203,-15.877339],[-47.969718,-15.877484],[-47.970048,-15.877985],[-47.970493,-15.87879],[-47.970726,-15.879335],[-47.97075,-15.881071],[-47.970744,-15.883632]]]}},{"type":"Feature","properties":{"nome":"Planaltina","osm_id":3359478},"geometry":{"type":"Polygon","coordinates":[[[-47.675756,-15.732462],[-47.675703,-15.732593],[-47.675389,-15.732787],[-47.674668,-15.73304],[-47.674667,-15.733275],[-47.674811,-15.733408],[-47.675665,-15.733813],[-47.675849,-15.734001],[-47.675908,-15.734285],[-47.675,-15.73439],[-47.674586,-15.734386],[-47.674219,-15.734319],[-47.673763,-15.734098],[-47.673105,-15.733519],[-47.670986,-15.731369],[-47.670386,-15.730879],[-47.669447,-15.730222],[-47.665439,-15.727752],[-47.664755,-15.727375],[-47.663894,-15.7271],[-47.663031,-15.726986],[-47.662403,-15.727022],[-47.660579,-15.727408],[-47.664335,-15.744986],[-47.664593,-15.746759],[-47.664616,-15.748238],[-47.664571,-15.748446],[-47.664249,-15.74953],[-47.663465,-15.7513],[-47.657683,-15.761486],[-47.645944,-15.782418],[-47.643042,-15.787489],[-47.642593,-15.788292],[-47.64218,-15.78937],[-47.632901,-15.82147],[-47.632762,-15.821877],[-47.631663,-15.826112],[-47.62672,-15.843245],[-47.621017,-15.863069],[-47.607116,-15.859367],[-47.605473,-15.858979],[-47.604113,-15.858837],[-47.603115,-15.85895],[-47.568592,-15.869192],[-47.559933,-15.871902],[-47.558168,-15.87238],[-47.557602,-15.872441],[-47.555847,-15.872434],[-47.554679,-15.872214],[-47.553468,-15.871681],[-47.552066,-15.870852],[-47.540882,-15.864808],[-47.520242,-15.853746],[-47.519049,-15.853336],[-47.517496,-15.853175],[-47.516011,-15.853358],[-47.506005,-15.855339],[-47.475352,-15.861472],[-47.467317,-15.863127],[-47.466354,-15.86322],[-47.465425,-15.863239],[-47.46474,-15.863158],[-47.463046,-15.862606],[-47.456299,-15.858584],[-47.455524,-15.858214],[-47.45471,-15.857952],[-47.453167,-15.857723],[-47.451584,-15.857958],[-47.432603,-15.862205],[-47.424007,-15.864303],[-47.422587,-15.864183],[-47.387298,-15.85693],[-47.385866,-15.847426],[-47.385423,-15.845937],[-47.384897,-15.846245],[-47.384188,-15.84647],[-47.383514,-15.846784],[-47.383182,-15.846815],[-47.38281,-15.846783],[-47.382707,-15.846667],[-47.38268,-15.846554],[-47.382566,-15.846063],[-47.382271,-15.845533],[-47.382083,-15.845508],[-47.381888,-15.845554],[-47.381563,-15.845631],[-47.38133,-15.845634],[-47.381046,-15.845556],[-47.380832,-15.845603],[-47.38065,-15.845768],[-47.380235,-15.846676],[-47.380124,-15.846876],[-47.380043,-15.846922],[-47.379624,-15.8468],[-47.379312,-15.846921],[-47.379065,-15.846915],[-47.378932,-15.846721],[-47.378794,-15.84652],[-47.378576,-15.846613],[-47.378313,-15.846878],[-47.378213,-15.846825],[-47.377829,-15.846314],[-47.377636,-15.846162],[-47.377494,-15.84611],[-47.377489,-15.846778],[-47.377433,-15.846924],[-47.377261,-15.846907],[-47.377087,-15.846783],[-47.376896,-15.846369],[-47.3766,-15.846011],[-47.376479,-15.845958],[-47.376121,-15.845971],[-47.375991,-15.845918],[-47.375641,-15.845697],[-47.375477,-15.845527],[-47.375123,-15.845413],[-47.374684,-15.84549],[-47.374456,-15.845439],[-47.374364,-15.845367],[-47.374304,-15.844961],[-47.373752,-15.84457],[-47.373528,-15.844518],[-47.373033,-15.844885],[-47.372337,-15.845145],[-47.372233,-15.845219],[-47.3728,-15.845276],[-47.372881,-15.845546],[-47.372679,-15.845973],[-47.372093,-15.846241],[-47.371918,-15.846171],[-47.371792,-15.846028],[-47.371244,-15.846061],[-47.370951,-15.846028],[-47.370747,-15.845944],[-47.3707,-15.845918],[-47.370747,-15.84587],[-47.370778,-15.845798],[-47.37077,-15.845684],[-47.370737,-15.845595],[-47.370631,-15.845495],[-47.370581,-15.845492],[-47.370394,-15.845545],[-47.370312,-15.845542],[-47.370147,-15.845463],[-47.369763,-15.845219],[-47.369639,-15.845105],[-47.36852,-15.843271],[-47.368366,-15.843099],[-47.368319,-15.843024],[-47.368292,-15.842761],[-47.368235,-15.842211],[-47.368254,-15.842061],[-47.3683,-15.84196],[-47.368387,-15.841847],[-47.36851,-15.841733],[-47.368943,-15.841451],[-47.368983,-15.841448],[-47.369282,-15.841587],[-47.369512,-15.841654],[-47.36971,-15.841696],[-47.369871,-15.841702],[-47.370036,-15.841674],[-47.370181,-15.841612],[-47.370292,-15.84153],[-47.370317,-15.841464],[-47.37031,-15.841334],[-47.370263,-15.841258],[-47.370189,-15.841217],[-47.369711,-15.841113],[-47.369565,-15.841062],[-47.369098,-15.840825],[-47.367967,-15.840122],[-47.367924,-15.840078],[-47.367897,-15.84002],[-47.367748,-15.839347],[-47.367744,-15.839249],[-47.367776,-15.839136],[-47.367829,-15.839049],[-47.368056,-15.838822],[-47.368121,-15.838685],[-47.368139,-15.838572],[-47.368132,-15.838377],[-47.368112,-15.83827],[-47.368071,-15.838192],[-47.36801,-15.838123],[-47.367938,-15.838081],[-47.367865,-15.83807],[-47.367779,-15.838076],[-47.3677,-15.83811],[-47.367606,-15.838214],[-47.367535,-15.838344],[-47.367509,-15.838446],[-47.367501,-15.838861],[-47.367475,-15.838972],[-47.36743,-15.839019],[-47.367381,-15.83903],[-47.367313,-15.839007],[-47.367038,-15.838816],[-47.366985,-15.838764],[-47.366956,-15.838695],[-47.366892,-15.838461],[-47.366811,-15.837578],[-47.366832,-15.837492],[-47.366959,-15.837259],[-47.366996,-15.837243],[-47.367088,-15.837263],[-47.367422,-15.837456],[-47.367528,-15.837486],[-47.367616,-15.837482],[-47.367707,-15.837453],[-47.36779,-15.837387],[-47.367845,-15.837303],[-47.367873,-15.83722],[-47.367931,-15.836784],[-47.367932,-15.836689],[-47.367755,-15.836155],[-47.367737,-15.836043],[-47.367765,-15.835999],[-47.367895,-15.835949],[-47.368027,-15.835786],[-47.368037,-15.835688],[-47.367984,-15.835597],[-47.367706,-15.835465],[-47.367466,-15.835387],[-47.36736,-15.835387],[-47.367129,-15.835451],[-47.367008,-15.835531],[-47.366718,-15.835892],[-47.366591,-15.836661],[-47.366542,-15.836833],[-47.366309,-15.837398],[-47.366245,-15.837479],[-47.366178,-15.837512],[-47.366095,-15.837514],[-47.366019,-15.837491],[-47.365965,-15.837445],[-47.365908,-15.837338],[-47.365676,-15.836275],[-47.365384,-15.835124],[-47.365392,-15.835096],[-47.365433,-15.835082],[-47.365549,-15.835089],[-47.365763,-15.83514],[-47.365996,-15.83516],[-47.366043,-15.83514],[-47.366238,-15.834863],[-47.366246,-15.834605],[-47.366226,-15.834506],[-47.366181,-15.834426],[-47.366114,-15.834373],[-47.364927,-15.834116],[-47.364864,-15.834088],[-47.364831,-15.834052],[-47.36482,-15.833988],[-47.364827,-15.83392],[-47.364861,-15.833863],[-47.364933,-15.83381],[-47.365512,-15.833484],[-47.365562,-15.833477],[-47.365671,-15.833493],[-47.366112,-15.833604],[-47.366167,-15.833618],[-47.366235,-15.833622],[-47.366319,-15.833614],[-47.366433,-15.833578],[-47.36649,-15.833545],[-47.36653,-15.833481],[-47.366534,-15.833411],[-47.36652,-15.833345],[-47.36648,-15.833283],[-47.366422,-15.833233],[-47.366303,-15.833182],[-47.365896,-15.833085],[-47.365714,-15.833026],[-47.365655,-15.832988],[-47.365621,-15.832931],[-47.365624,-15.832851],[-47.365655,-15.832791],[-47.366465,-15.832045],[-47.366513,-15.831962],[-47.366539,-15.831871],[-47.366549,-15.831765],[-47.366529,-15.831601],[-47.366487,-15.83155],[-47.366417,-15.83153],[-47.366338,-15.831557],[-47.366065,-15.831892],[-47.366011,-15.831903],[-47.365974,-15.83189],[-47.365951,-15.83186],[-47.365948,-15.831794],[-47.366065,-15.831338],[-47.36605,-15.831076],[-47.365895,-15.830631],[-47.365885,-15.830474],[-47.365901,-15.830274],[-47.365935,-15.830178],[-47.365987,-15.830107],[-47.366046,-15.830065],[-47.366118,-15.830055],[-47.36641,-15.830126],[-47.366507,-15.830114],[-47.366632,-15.83004],[-47.366686,-15.829955],[-47.366696,-15.829864],[-47.366629,-15.829648],[-47.366626,-15.829517],[-47.366653,-15.82941],[-47.366717,-15.829325],[-47.366798,-15.829266],[-47.367052,-15.829146],[-47.36715,-15.829062],[-47.367356,-15.82875],[-47.367393,-15.828646],[-47.367395,-15.828546],[-47.367361,-15.828444],[-47.367302,-15.828356],[-47.366805,-15.827955],[-47.366753,-15.827873],[-47.366736,-15.827716],[-47.3667,-15.827639],[-47.366504,-15.827427],[-47.366423,-15.827361],[-47.366323,-15.827319],[-47.36613,-15.827281],[-47.366001,-15.827281],[-47.365887,-15.82731],[-47.365584,-15.827497],[-47.365447,-15.827561],[-47.36467,-15.827852],[-47.364396,-15.827906],[-47.363748,-15.827874],[-47.363374,-15.82781],[-47.362892,-15.827679],[-47.362478,-15.827519],[-47.362309,-15.827434],[-47.362212,-15.827348],[-47.362136,-15.827223],[-47.362108,-15.827096],[-47.362105,-15.826943],[-47.362138,-15.826758],[-47.362223,-15.82657],[-47.362327,-15.826406],[-47.362667,-15.826025],[-47.362779,-15.825808],[-47.362992,-15.825159],[-47.363019,-15.824979],[-47.363007,-15.824851],[-47.362967,-15.824761],[-47.362909,-15.824706],[-47.362819,-15.824671],[-47.362273,-15.824569],[-47.361401,-15.824337],[-47.361086,-15.824218],[-47.360788,-15.824069],[-47.360546,-15.823906],[-47.360383,-15.823765],[-47.36029,-15.82362],[-47.360245,-15.82348],[-47.360246,-15.823374],[-47.360285,-15.823294],[-47.360777,-15.822676],[-47.360912,-15.822392],[-47.360984,-15.822162],[-47.361008,-15.821965],[-47.361007,-15.821792],[-47.360984,-15.821696],[-47.360934,-15.821618],[-47.360791,-15.821459],[-47.360689,-15.8214],[-47.360602,-15.821385],[-47.359969,-15.821461],[-47.359896,-15.821492],[-47.359833,-15.82156],[-47.359581,-15.822048],[-47.359433,-15.822232],[-47.358964,-15.82274],[-47.358817,-15.822969],[-47.358813,-15.823009],[-47.358827,-15.823038],[-47.358859,-15.823052],[-47.358963,-15.823027],[-47.359194,-15.822905],[-47.359298,-15.822888],[-47.359502,-15.822907],[-47.359586,-15.822937],[-47.359625,-15.822978],[-47.359631,-15.823024],[-47.359608,-15.823105],[-47.359501,-15.823309],[-47.359308,-15.823561],[-47.359122,-15.823703],[-47.358473,-15.82398],[-47.358177,-15.824051],[-47.357808,-15.824073],[-47.357609,-15.824043],[-47.357468,-15.824],[-47.357182,-15.823873],[-47.357123,-15.823794],[-47.357036,-15.823364],[-47.357033,-15.823234],[-47.357064,-15.823075],[-47.357109,-15.822998],[-47.357185,-15.822955],[-47.357407,-15.822922],[-47.357522,-15.822959],[-47.357662,-15.822967],[-47.357935,-15.82294],[-47.358037,-15.822888],[-47.358209,-15.822634],[-47.358359,-15.822341],[-47.358369,-15.822254],[-47.358335,-15.822171],[-47.35827,-15.822118],[-47.357956,-15.82203],[-47.357252,-15.822149],[-47.357165,-15.822193],[-47.357115,-15.822268],[-47.357026,-15.822513],[-47.356921,-15.822665],[-47.356635,-15.822955],[-47.356165,-15.823331],[-47.355995,-15.823425],[-47.355802,-15.823499],[-47.355685,-15.823516],[-47.355553,-15.823505],[-47.355476,-15.823477],[-47.355444,-15.823434],[-47.355216,-15.822908],[-47.355091,-15.822707],[-47.354785,-15.82233],[-47.354634,-15.82201],[-47.354585,-15.821785],[-47.354599,-15.82156],[-47.354631,-15.821414],[-47.354683,-15.821315],[-47.354759,-15.821236],[-47.354844,-15.821184],[-47.35509,-15.821082],[-47.35536,-15.820914],[-47.355418,-15.820892],[-47.355481,-15.820886],[-47.355545,-15.820901],[-47.355598,-15.820943],[-47.355722,-15.821078],[-47.355773,-15.821104],[-47.35583,-15.8211],[-47.355876,-15.821061],[-47.355907,-15.820971],[-47.355915,-15.820791],[-47.355938,-15.820749],[-47.35683,-15.820132],[-47.356878,-15.820058],[-47.356973,-15.81966],[-47.356951,-15.819624],[-47.356776,-15.819555],[-47.356669,-15.819558],[-47.356586,-15.819603],[-47.35637,-15.820197],[-47.356307,-15.820258],[-47.355058,-15.820421],[-47.354939,-15.820416],[-47.35489,-15.820398],[-47.354863,-15.820362],[-47.354839,-15.820244],[-47.354852,-15.820171],[-47.354884,-15.820111],[-47.355037,-15.819961],[-47.355583,-15.819714],[-47.355665,-15.819662],[-47.35573,-15.819593],[-47.355878,-15.819392],[-47.356158,-15.81886],[-47.356188,-15.818744],[-47.35617,-15.818644],[-47.356098,-15.818535],[-47.356006,-15.818437],[-47.355645,-15.818049],[-47.355472,-15.817807],[-47.355225,-15.817086],[-47.355159,-15.817016],[-47.355046,-15.817001],[-47.354923,-15.817016],[-47.35483,-15.817085],[-47.354755,-15.81721],[-47.354587,-15.817654],[-47.354529,-15.817742],[-47.354455,-15.81782],[-47.354327,-15.817916],[-47.353516,-15.818378],[-47.353399,-15.818419],[-47.353317,-15.818422],[-47.353235,-15.818384],[-47.353162,-15.818316],[-47.353008,-15.818143],[-47.352962,-15.818056],[-47.352941,-15.817913],[-47.352969,-15.817108],[-47.352986,-15.81702],[-47.353034,-15.816943],[-47.353102,-15.816891],[-47.353203,-15.816857],[-47.354147,-15.816647],[-47.354427,-15.816545],[-47.355107,-15.816257],[-47.355161,-15.816217],[-47.355193,-15.816172],[-47.355211,-15.816115],[-47.355211,-15.81605],[-47.35519,-15.815993],[-47.355117,-15.815922],[-47.354702,-15.815725],[-47.354604,-15.815604],[-47.354558,-15.815386],[-47.354507,-15.814304],[-47.354489,-15.814201],[-47.354459,-15.81413],[-47.354423,-15.814075],[-47.354337,-15.814003],[-47.354282,-15.814001],[-47.354173,-15.814077],[-47.353214,-15.814895],[-47.35287,-15.815056],[-47.352754,-15.815074],[-47.352561,-15.815022],[-47.352254,-15.814866],[-47.352187,-15.8148],[-47.352147,-15.814728],[-47.352118,-15.814606],[-47.352122,-15.814467],[-47.352164,-15.814424],[-47.352258,-15.814417],[-47.352671,-15.814471],[-47.352745,-15.814464],[-47.352821,-15.814437],[-47.352879,-15.814395],[-47.35293,-15.814331],[-47.35296,-15.814237],[-47.353041,-15.813742],[-47.353012,-15.813695],[-47.352957,-15.813678],[-47.352715,-15.813705],[-47.352677,-15.813692],[-47.352662,-15.813661],[-47.352669,-15.813476],[-47.352699,-15.813359],[-47.352789,-15.813254],[-47.352804,-15.81318],[-47.352722,-15.812905],[-47.352553,-15.812726],[-47.352523,-15.812611],[-47.35254,-15.812424],[-47.352468,-15.812233],[-47.352427,-15.812178],[-47.352332,-15.812122],[-47.352339,-15.811926],[-47.352299,-15.811894],[-47.352061,-15.811887],[-47.351856,-15.812028],[-47.351789,-15.812031],[-47.351754,-15.811985],[-47.351754,-15.811802],[-47.351774,-15.811744],[-47.351816,-15.811692],[-47.35186,-15.811592],[-47.351878,-15.811438],[-47.351874,-15.811338],[-47.351852,-15.811298],[-47.3518,-15.811263],[-47.351542,-15.811207],[-47.351465,-15.811207],[-47.351423,-15.811227],[-47.351395,-15.811274],[-47.351329,-15.811475],[-47.351286,-15.811544],[-47.351221,-15.81157],[-47.351145,-15.811553],[-47.350983,-15.811437],[-47.35097,-15.811357],[-47.351171,-15.810721],[-47.351179,-15.810656],[-47.35115,-15.810605],[-47.351108,-15.810591],[-47.350993,-15.810611],[-47.350742,-15.810723],[-47.350631,-15.810723],[-47.350468,-15.81063],[-47.350282,-15.810477],[-47.350175,-15.810362],[-47.350097,-15.810247],[-47.350039,-15.810078],[-47.349997,-15.809785],[-47.350187,-15.809167],[-47.350349,-15.80816],[-47.350345,-15.808047],[-47.350322,-15.80795],[-47.350279,-15.80782],[-47.350216,-15.807716],[-47.350166,-15.807693],[-47.350109,-15.807699],[-47.350002,-15.807785],[-47.349926,-15.807818],[-47.349839,-15.807818],[-47.349607,-15.807766],[-47.349451,-15.807755],[-47.349342,-15.807782],[-47.349242,-15.807865],[-47.349189,-15.807983],[-47.349133,-15.80823],[-47.349102,-15.808291],[-47.349057,-15.808327],[-47.349001,-15.808344],[-47.348845,-15.808346],[-47.348664,-15.808326],[-47.348597,-15.808291],[-47.348501,-15.808124],[-47.348434,-15.807931],[-47.348426,-15.807796],[-47.34849,-15.806905],[-47.348511,-15.806816],[-47.348567,-15.806733],[-47.348651,-15.80667],[-47.34924,-15.806403],[-47.349369,-15.806316],[-47.349413,-15.806256],[-47.34942,-15.806194],[-47.349395,-15.806147],[-47.349336,-15.806113],[-47.349173,-15.806088],[-47.348422,-15.806173],[-47.348264,-15.806169],[-47.348162,-15.806144],[-47.348082,-15.806109],[-47.348044,-15.806069],[-47.348035,-15.806008],[-47.348052,-15.805934],[-47.348128,-15.805767],[-47.348208,-15.805661],[-47.348264,-15.80562],[-47.348351,-15.805603],[-47.34845,-15.805608],[-47.348751,-15.805704],[-47.348902,-15.805732],[-47.349031,-15.80571],[-47.34915,-15.805652],[-47.349446,-15.805476],[-47.34952,-15.805407],[-47.349627,-15.805106],[-47.34965,-15.804942],[-47.349671,-15.804001],[-47.349667,-15.803892],[-47.349647,-15.803835],[-47.349605,-15.803781],[-47.34951,-15.803718],[-47.348932,-15.803419],[-47.348819,-15.803378],[-47.348716,-15.803368],[-47.348617,-15.803382],[-47.348533,-15.803427],[-47.348458,-15.803508],[-47.348267,-15.803832],[-47.348183,-15.803909],[-47.34811,-15.803944],[-47.348035,-15.803952],[-47.347946,-15.803945],[-47.347875,-15.803914],[-47.347826,-15.803874],[-47.347763,-15.803775],[-47.347693,-15.80355],[-47.347658,-15.803266],[-47.347663,-15.80316],[-47.347744,-15.802904],[-47.347729,-15.802859],[-47.347677,-15.80283],[-47.347538,-15.802828],[-47.347381,-15.802853],[-47.347263,-15.802908],[-47.347191,-15.802982],[-47.347141,-15.803072],[-47.347078,-15.803333],[-47.347063,-15.803527],[-47.347115,-15.803854],[-47.347107,-15.803921],[-47.347037,-15.803996],[-47.346953,-15.804027],[-47.346867,-15.804021],[-47.346681,-15.803946],[-47.346613,-15.803888],[-47.346616,-15.803813],[-47.346771,-15.803662],[-47.346809,-15.803577],[-47.346789,-15.803518],[-47.346653,-15.803457],[-47.345825,-15.803201],[-47.345668,-15.80313],[-47.345572,-15.80305],[-47.345515,-15.802973],[-47.345464,-15.802857],[-47.345446,-15.802708],[-47.345451,-15.80258],[-47.345505,-15.802442],[-47.345564,-15.80238],[-47.345675,-15.80231],[-47.345965,-15.802165],[-47.346069,-15.80207],[-47.34611,-15.801986],[-47.346123,-15.801886],[-47.346103,-15.801476],[-47.346043,-15.801177],[-47.345795,-15.800733],[-47.345732,-15.800669],[-47.345673,-15.800639],[-47.345613,-15.800634],[-47.345557,-15.800654],[-47.345505,-15.800714],[-47.34547,-15.800805],[-47.345295,-15.801744],[-47.345254,-15.801817],[-47.345191,-15.801844],[-47.345135,-15.801827],[-47.345098,-15.801775],[-47.345014,-15.801487],[-47.34501,-15.801328],[-47.345065,-15.801075],[-47.345068,-15.800977],[-47.345045,-15.800875],[-47.344978,-15.800719],[-47.344715,-15.800221],[-47.344693,-15.80013],[-47.344712,-15.80004],[-47.345126,-15.799266],[-47.345263,-15.79908],[-47.345422,-15.79891],[-47.345602,-15.798801],[-47.345781,-15.798737],[-47.345887,-15.798671],[-47.345977,-15.798579],[-47.346036,-15.798432],[-47.346048,-15.798292],[-47.346018,-15.79798],[-47.345975,-15.79791],[-47.345903,-15.797871],[-47.345789,-15.797863],[-47.345688,-15.797884],[-47.345627,-15.797929],[-47.345575,-15.797995],[-47.345066,-15.798706],[-47.345019,-15.798734],[-47.344965,-15.798734],[-47.344887,-15.798674],[-47.344863,-15.798625],[-47.344857,-15.79856],[-47.344876,-15.798487],[-47.345232,-15.797754],[-47.345254,-15.797655],[-47.345241,-15.797531],[-47.345167,-15.797187],[-47.345132,-15.797143],[-47.345081,-15.797131],[-47.345033,-15.797152],[-47.345009,-15.797204],[-47.345009,-15.797382],[-47.344918,-15.797462],[-47.344809,-15.797491],[-47.344725,-15.797484],[-47.344697,-15.797462],[-47.344708,-15.79732],[-47.344681,-15.797291],[-47.344605,-15.797282],[-47.344451,-15.797308],[-47.344394,-15.797307],[-47.344333,-15.797291],[-47.344317,-15.797261],[-47.34434,-15.796999],[-47.344192,-15.796148],[-47.34419,-15.795963],[-47.34413,-15.795932],[-47.344007,-15.795918],[-47.34388,-15.795927],[-47.343841,-15.795951],[-47.343572,-15.796421],[-47.343423,-15.796872],[-47.343358,-15.796955],[-47.343148,-15.797055],[-47.34263,-15.797209],[-47.342511,-15.797267],[-47.342423,-15.797337],[-47.342323,-15.797488],[-47.342247,-15.797667],[-47.342142,-15.798078],[-47.342106,-15.798116],[-47.342053,-15.798126],[-47.341914,-15.798083],[-47.341849,-15.798035],[-47.341823,-15.797968],[-47.341825,-15.797877],[-47.341866,-15.797643],[-47.342243,-15.796553],[-47.342291,-15.79652],[-47.342354,-15.796521],[-47.342547,-15.796603],[-47.342605,-15.796609],[-47.34266,-15.796592],[-47.342693,-15.796561],[-47.342763,-15.796463],[-47.342773,-15.796424],[-47.342766,-15.796389],[-47.342641,-15.796192],[-47.342128,-15.795656],[-47.342108,-15.795604],[-47.342117,-15.795516],[-47.342217,-15.795474],[-47.342339,-15.795332],[-47.342427,-15.795198],[-47.342481,-15.794994],[-47.342465,-15.794945],[-47.342413,-15.794905],[-47.342332,-15.794896],[-47.342203,-15.794937],[-47.342069,-15.795007],[-47.341938,-15.795122],[-47.341788,-15.795089],[-47.341673,-15.79503],[-47.341646,-15.794988],[-47.341645,-15.79493],[-47.341727,-15.794784],[-47.341723,-15.794437],[-47.341678,-15.794326],[-47.341469,-15.794098],[-47.341422,-15.794083],[-47.34127,-15.79412],[-47.34123,-15.79417],[-47.341197,-15.794308],[-47.341187,-15.794488],[-47.341196,-15.794639],[-47.341427,-15.7953],[-47.341414,-15.795357],[-47.34132,-15.795425],[-47.341211,-15.795473],[-47.341137,-15.79548],[-47.341068,-15.795471],[-47.341029,-15.795447],[-47.340992,-15.795291],[-47.340986,-15.795087],[-47.340967,-15.794961],[-47.340751,-15.79432],[-47.340718,-15.79428],[-47.340668,-15.794265],[-47.340606,-15.794282],[-47.340565,-15.794322],[-47.340498,-15.794754],[-47.340448,-15.794854],[-47.340316,-15.795045],[-47.340257,-15.795074],[-47.339967,-15.795106],[-47.339828,-15.795104],[-47.339614,-15.795077],[-47.339566,-15.795053],[-47.339531,-15.795004],[-47.339463,-15.79486],[-47.339473,-15.794804],[-47.33953,-15.794774],[-47.339929,-15.794701],[-47.340002,-15.794669],[-47.340052,-15.794612],[-47.340071,-15.794529],[-47.340056,-15.794459],[-47.340002,-15.794357],[-47.339444,-15.79352],[-47.339325,-15.793297],[-47.339276,-15.792921],[-47.339303,-15.792858],[-47.339369,-15.792801],[-47.339483,-15.792759],[-47.339821,-15.792725],[-47.339964,-15.792669],[-47.340012,-15.792618],[-47.34001,-15.792563],[-47.339379,-15.791827],[-47.339308,-15.791765],[-47.33894,-15.791569],[-47.338906,-15.791535],[-47.338886,-15.791477],[-47.338878,-15.791358],[-47.338888,-15.791258],[-47.338915,-15.791171],[-47.338975,-15.791099],[-47.339114,-15.791022],[-47.33926,-15.790998],[-47.339876,-15.791026],[-47.339936,-15.791014],[-47.339977,-15.790979],[-47.340035,-15.790876],[-47.340049,-15.790775],[-47.339848,-15.790373],[-47.339799,-15.790317],[-47.339743,-15.790291],[-47.339671,-15.790282],[-47.339579,-15.790292],[-47.339337,-15.790358],[-47.339234,-15.790413],[-47.338921,-15.790714],[-47.338837,-15.790725],[-47.338785,-15.790677],[-47.33879,-15.790544],[-47.338816,-15.790441],[-47.338937,-15.790253],[-47.339021,-15.79002],[-47.339043,-15.789765],[-47.339021,-15.78953],[-47.338972,-15.789008],[-47.338984,-15.788742],[-47.339079,-15.788267],[-47.339075,-15.788215],[-47.339053,-15.788179],[-47.33901,-15.788155],[-47.338773,-15.788103],[-47.338716,-15.788077],[-47.338683,-15.78803],[-47.338552,-15.787379],[-47.338503,-15.787337],[-47.338433,-15.787357],[-47.338272,-15.787591],[-47.338208,-15.787602],[-47.338118,-15.787528],[-47.337807,-15.787131],[-47.337587,-15.786952],[-47.337489,-15.786815],[-47.337442,-15.786666],[-47.337433,-15.786192],[-47.337464,-15.786022],[-47.337581,-15.785656],[-47.337701,-15.785056],[-47.337701,-15.784987],[-47.337668,-15.784939],[-47.337606,-15.784898],[-47.337446,-15.784854],[-47.337372,-15.784855],[-47.337292,-15.784883],[-47.337222,-15.784935],[-47.337136,-15.785047],[-47.337083,-15.785175],[-47.336944,-15.78603],[-47.336915,-15.786128],[-47.336884,-15.786171],[-47.336837,-15.786187],[-47.336781,-15.786178],[-47.336724,-15.786123],[-47.336665,-15.786009],[-47.336621,-15.785879],[-47.336595,-15.785718],[-47.336594,-15.785562],[-47.336625,-15.785405],[-47.336773,-15.78498],[-47.336779,-15.784885],[-47.336733,-15.784764],[-47.336654,-15.784696],[-47.336568,-15.784672],[-47.336488,-15.784684],[-47.33639,-15.78475],[-47.336299,-15.78484],[-47.335981,-15.785329],[-47.335871,-15.785449],[-47.335619,-15.785506],[-47.335458,-15.785508],[-47.335329,-15.785488],[-47.335284,-15.785454],[-47.33525,-15.78536],[-47.335242,-15.785254],[-47.335279,-15.784972],[-47.335368,-15.784732],[-47.335864,-15.784058],[-47.335895,-15.783954],[-47.335868,-15.783904],[-47.335619,-15.783782],[-47.335569,-15.783739],[-47.335541,-15.783685],[-47.335544,-15.783574],[-47.335569,-15.783518],[-47.335641,-15.783479],[-47.335921,-15.783471],[-47.336076,-15.783443],[-47.336417,-15.78333],[-47.336512,-15.783269],[-47.33654,-15.783228],[-47.33654,-15.783176],[-47.336347,-15.782787],[-47.336332,-15.782716],[-47.33634,-15.782682],[-47.336363,-15.782653],[-47.336412,-15.782634],[-47.336707,-15.782626],[-47.336753,-15.782604],[-47.336767,-15.782579],[-47.336761,-15.782527],[-47.336683,-15.782393],[-47.336468,-15.782173],[-47.336393,-15.782047],[-47.336345,-15.781909],[-47.336268,-15.781446],[-47.336238,-15.781391],[-47.336188,-15.781361],[-47.33613,-15.781356],[-47.336053,-15.781385],[-47.335849,-15.781582],[-47.335303,-15.781956],[-47.335172,-15.782015],[-47.335062,-15.782039],[-47.334907,-15.782044],[-47.334741,-15.782027],[-47.334607,-15.781987],[-47.334504,-15.781926],[-47.334452,-15.781874],[-47.334429,-15.781808],[-47.334432,-15.781336],[-47.334407,-15.781263],[-47.334339,-15.781208],[-47.333709,-15.781042],[-47.333659,-15.781045],[-47.33341,-15.781145],[-47.333383,-15.781178],[-47.333367,-15.781299],[-47.333341,-15.781367],[-47.333149,-15.781519],[-47.333062,-15.781559],[-47.33298,-15.781571],[-47.332934,-15.781567],[-47.332895,-15.781542],[-47.332853,-15.781477],[-47.332826,-15.781401],[-47.332804,-15.780749],[-47.33275,-15.780526],[-47.332653,-15.780285],[-47.332547,-15.78011],[-47.332336,-15.779893],[-47.332189,-15.779765],[-47.331487,-15.779304],[-47.331432,-15.779298],[-47.331389,-15.779318],[-47.331373,-15.779362],[-47.3314,-15.779581],[-47.331426,-15.779631],[-47.33151,-15.779711],[-47.331451,-15.779864],[-47.331358,-15.77995],[-47.331046,-15.780117],[-47.330972,-15.780139],[-47.330915,-15.78013],[-47.330858,-15.780092],[-47.330771,-15.779959],[-47.330707,-15.779643],[-47.330714,-15.779495],[-47.330892,-15.779074],[-47.331284,-15.778435],[-47.331322,-15.778308],[-47.331326,-15.778189],[-47.331297,-15.778051],[-47.331154,-15.777676],[-47.33082,-15.776561],[-47.330795,-15.776415],[-47.330799,-15.77634],[-47.330833,-15.776238],[-47.330976,-15.77591],[-47.331111,-15.77552],[-47.331116,-15.775438],[-47.331099,-15.775366],[-47.331047,-15.775306],[-47.33099,-15.775273],[-47.330924,-15.775258],[-47.330836,-15.77527],[-47.330641,-15.775329],[-47.330504,-15.775332],[-47.330435,-15.775311],[-47.330393,-15.775279],[-47.330355,-15.775195],[-47.330333,-15.775097],[-47.330334,-15.775017],[-47.330356,-15.774964],[-47.330404,-15.774921],[-47.330734,-15.774821],[-47.330864,-15.774753],[-47.331291,-15.774454],[-47.331393,-15.774351],[-47.331427,-15.774289],[-47.331431,-15.77422],[-47.331385,-15.773701],[-47.331357,-15.773655],[-47.331212,-15.773587],[-47.33107,-15.773533],[-47.331014,-15.773528],[-47.330969,-15.773546],[-47.33078,-15.773703],[-47.330758,-15.773815],[-47.330729,-15.773869],[-47.330678,-15.773914],[-47.330537,-15.774001],[-47.330465,-15.774003],[-47.330258,-15.773904],[-47.330142,-15.773885],[-47.33003,-15.773891],[-47.329713,-15.773965],[-47.329375,-15.774097],[-47.329272,-15.77412],[-47.329161,-15.774119],[-47.328943,-15.77409],[-47.328915,-15.77404],[-47.32894,-15.77395],[-47.329123,-15.773699],[-47.329772,-15.773212],[-47.329796,-15.77317],[-47.329783,-15.773121],[-47.329386,-15.772559],[-47.329353,-15.77254],[-47.329321,-15.772544],[-47.329228,-15.772638],[-47.328994,-15.773432],[-47.328908,-15.773564],[-47.32886,-15.77357],[-47.328773,-15.773522],[-47.328689,-15.773449],[-47.328606,-15.773349],[-47.328548,-15.773215],[-47.328522,-15.773071],[-47.328577,-15.772526],[-47.328541,-15.772385],[-47.328446,-15.772246],[-47.328386,-15.77221],[-47.328102,-15.772197],[-47.327967,-15.772234],[-47.327821,-15.77233],[-47.32773,-15.772342],[-47.327621,-15.772313],[-47.327541,-15.77227],[-47.327432,-15.772171],[-47.327411,-15.772032],[-47.327437,-15.771834],[-47.327487,-15.771671],[-47.327573,-15.771531],[-47.327669,-15.771436],[-47.327826,-15.771343],[-47.327893,-15.77132],[-47.327957,-15.771322],[-47.328078,-15.771365],[-47.328146,-15.771348],[-47.328296,-15.771033],[-47.328457,-15.770791],[-47.328876,-15.770303],[-47.328906,-15.770232],[-47.328902,-15.770184],[-47.328866,-15.77014],[-47.328506,-15.77001],[-47.328401,-15.769941],[-47.328263,-15.769823],[-47.328248,-15.769777],[-47.328257,-15.76973],[-47.328288,-15.769679],[-47.328343,-15.769628],[-47.328412,-15.769599],[-47.329478,-15.769375],[-47.3296,-15.769321],[-47.329772,-15.769211],[-47.32981,-15.769154],[-47.329801,-15.76907],[-47.329747,-15.768928],[-47.329339,-15.768262],[-47.329292,-15.768137],[-47.329246,-15.767791],[-47.329265,-15.767444],[-47.329308,-15.76715],[-47.3293,-15.767029],[-47.329248,-15.766926],[-47.329084,-15.766767],[-47.32899,-15.766707],[-47.328883,-15.766681],[-47.328769,-15.766694],[-47.328651,-15.766817],[-47.328507,-15.767094],[-47.328294,-15.767642],[-47.328046,-15.767771],[-47.327955,-15.76779],[-47.327843,-15.767786],[-47.327762,-15.767747],[-47.327705,-15.767662],[-47.32764,-15.767254],[-47.327669,-15.767104],[-47.327781,-15.766926],[-47.327892,-15.766837],[-47.32807,-15.766768],[-47.328412,-15.76673],[-47.328543,-15.766673],[-47.328623,-15.766596],[-47.328648,-15.766522],[-47.328641,-15.766366],[-47.328591,-15.766147],[-47.328477,-15.765837],[-47.328333,-15.765723],[-47.328218,-15.765666],[-47.328088,-15.765629],[-47.327909,-15.765615],[-47.327823,-15.765632],[-47.327747,-15.765666],[-47.32759,-15.765778],[-47.327466,-15.765901],[-47.327386,-15.766018],[-47.327273,-15.766287],[-47.327229,-15.766346],[-47.327147,-15.766402],[-47.327045,-15.766436],[-47.32687,-15.76645],[-47.326631,-15.766443],[-47.326566,-15.766421],[-47.326509,-15.766376],[-47.326484,-15.766301],[-47.326527,-15.766152],[-47.326578,-15.766084],[-47.327259,-15.76548],[-47.327285,-15.765398],[-47.327281,-15.765322],[-47.327253,-15.765275],[-47.327105,-15.765167],[-47.326972,-15.765119],[-47.326917,-15.765134],[-47.326838,-15.765248],[-47.326691,-15.765287],[-47.326587,-15.765349],[-47.326537,-15.765342],[-47.326429,-15.765295],[-47.326363,-15.765223],[-47.326362,-15.765145],[-47.326388,-15.76509],[-47.326432,-15.76506],[-47.326619,-15.765],[-47.326702,-15.764952],[-47.326785,-15.764889],[-47.326842,-15.764815],[-47.32698,-15.764566],[-47.327,-15.764465],[-47.326999,-15.764334],[-47.326972,-15.764252],[-47.326605,-15.763815],[-47.326471,-15.763597],[-47.326301,-15.763163],[-47.326265,-15.763133],[-47.326211,-15.763125],[-47.325926,-15.763196],[-47.325826,-15.763201],[-47.325743,-15.76319],[-47.325709,-15.763163],[-47.325704,-15.763031],[-47.325743,-15.762988],[-47.326045,-15.762851],[-47.326183,-15.762666],[-47.326197,-15.762606],[-47.326195,-15.762471],[-47.326162,-15.762427],[-47.325888,-15.762293],[-47.325803,-15.762275],[-47.325486,-15.762269],[-47.325437,-15.762234],[-47.325392,-15.762128],[-47.325375,-15.762047],[-47.325377,-15.761967],[-47.325407,-15.7619],[-47.325461,-15.761851],[-47.325809,-15.761666],[-47.325853,-15.761626],[-47.325957,-15.761367],[-47.325957,-15.7613],[-47.325907,-15.761076],[-47.325876,-15.761021],[-47.325807,-15.760977],[-47.325698,-15.760952],[-47.32561,-15.760959],[-47.325544,-15.76099],[-47.325504,-15.761042],[-47.325245,-15.761628],[-47.325197,-15.761691],[-47.324686,-15.761996],[-47.324555,-15.76204],[-47.324444,-15.762046],[-47.324365,-15.762028],[-47.324309,-15.761979],[-47.324296,-15.761926],[-47.324336,-15.761765],[-47.324375,-15.761691],[-47.324484,-15.761576],[-47.324511,-15.761498],[-47.32451,-15.761422],[-47.324467,-15.761373],[-47.324048,-15.761181],[-47.323995,-15.761137],[-47.323947,-15.760982],[-47.323943,-15.760893],[-47.323971,-15.76082],[-47.324041,-15.760727],[-47.324138,-15.760638],[-47.324432,-15.760426],[-47.324511,-15.760334],[-47.324571,-15.760218],[-47.324586,-15.760129],[-47.324575,-15.760032],[-47.324551,-15.759913],[-47.32451,-15.75983],[-47.324408,-15.759749],[-47.324254,-15.759702],[-47.323989,-15.759472],[-47.323947,-15.759398],[-47.323932,-15.759319],[-47.323921,-15.759004],[-47.323897,-15.758885],[-47.323768,-15.758535],[-47.323735,-15.758329],[-47.323727,-15.758135],[-47.3237,-15.75809],[-47.323632,-15.758056],[-47.323419,-15.758042],[-47.323319,-15.758062],[-47.323241,-15.758103],[-47.323175,-15.758164],[-47.323128,-15.758264],[-47.323034,-15.758562],[-47.322989,-15.758619],[-47.322941,-15.758638],[-47.322899,-15.758632],[-47.322775,-15.758562],[-47.322727,-15.758507],[-47.322704,-15.758424],[-47.322711,-15.758051],[-47.322696,-15.758006],[-47.322662,-15.757972],[-47.32259,-15.757939],[-47.322456,-15.757918],[-47.322293,-15.757922],[-47.322156,-15.757952],[-47.321921,-15.758054],[-47.321865,-15.75805],[-47.321849,-15.757994],[-47.321869,-15.757836],[-47.321851,-15.757762],[-47.321693,-15.757625],[-47.321664,-15.757617],[-47.321543,-15.757639],[-47.3215,-15.757629],[-47.321349,-15.757494],[-47.321227,-15.757334],[-47.321128,-15.757141],[-47.320957,-15.756554],[-47.320963,-15.756492],[-47.321005,-15.756403],[-47.321011,-15.756345],[-47.320974,-15.756248],[-47.320983,-15.756164],[-47.321146,-15.755888],[-47.321214,-15.755817],[-47.321318,-15.755745],[-47.321433,-15.755706],[-47.321549,-15.755699],[-47.321994,-15.755719],[-47.32207,-15.755711],[-47.322127,-15.755681],[-47.322157,-15.755642],[-47.322169,-15.755574],[-47.322157,-15.75521],[-47.322167,-15.755135],[-47.322204,-15.755062],[-47.32226,-15.755],[-47.322587,-15.754741],[-47.322616,-15.754699],[-47.322629,-15.754629],[-47.322609,-15.754546],[-47.322542,-15.754453],[-47.322496,-15.754418],[-47.322419,-15.754397],[-47.322358,-15.754399],[-47.322312,-15.754426],[-47.322118,-15.754663],[-47.322053,-15.754715],[-47.321134,-15.75513],[-47.320657,-15.755429],[-47.320514,-15.755496],[-47.320366,-15.755519],[-47.32021,-15.755495],[-47.320065,-15.755408],[-47.31995,-15.755289],[-47.319653,-15.754916],[-47.319406,-15.754772],[-47.319378,-15.754711],[-47.319355,-15.754429],[-47.31938,-15.754237],[-47.319415,-15.754173],[-47.3195,-15.754125],[-47.319872,-15.754045],[-47.319952,-15.754014],[-47.31999,-15.753974],[-47.320011,-15.753922],[-47.320053,-15.753613],[-47.320044,-15.753524],[-47.319883,-15.753061],[-47.319812,-15.752921],[-47.319259,-15.752285],[-47.319057,-15.751995],[-47.318988,-15.751937],[-47.31893,-15.751919],[-47.318871,-15.751931],[-47.31878,-15.752014],[-47.318583,-15.75229],[-47.318517,-15.75232],[-47.318447,-15.752316],[-47.318401,-15.752285],[-47.318379,-15.752181],[-47.3184,-15.751976],[-47.31857,-15.751278],[-47.318575,-15.751116],[-47.318557,-15.751048],[-47.318512,-15.750991],[-47.318434,-15.750948],[-47.318075,-15.750895],[-47.318015,-15.750864],[-47.317956,-15.750795],[-47.317912,-15.750681],[-47.317902,-15.750582],[-47.317909,-15.750503],[-47.31794,-15.750436],[-47.318003,-15.750386],[-47.318115,-15.750336],[-47.318849,-15.750169],[-47.318925,-15.750124],[-47.318979,-15.75004],[-47.318999,-15.74994],[-47.318981,-15.749865],[-47.318899,-15.749783],[-47.317865,-15.749112],[-47.317717,-15.749043],[-47.317496,-15.74899],[-47.317438,-15.748965],[-47.317404,-15.748934],[-47.317395,-15.748884],[-47.317417,-15.748822],[-47.317413,-15.74877],[-47.317262,-15.748636],[-47.317025,-15.748246],[-47.316923,-15.748163],[-47.316891,-15.748102],[-47.316891,-15.74803],[-47.316974,-15.747764],[-47.317008,-15.74775],[-47.317282,-15.747801],[-47.317323,-15.747788],[-47.317337,-15.747743],[-47.317308,-15.747549],[-47.317295,-15.747459],[-47.31726,-15.747365],[-47.317104,-15.747169],[-47.317036,-15.747009],[-47.317019,-15.746776],[-47.317001,-15.746734],[-47.316966,-15.746699],[-47.316717,-15.746552],[-47.316658,-15.746497],[-47.316486,-15.746083],[-47.31643,-15.746024],[-47.316366,-15.745997],[-47.316311,-15.746005],[-47.316278,-15.74603],[-47.316052,-15.746418],[-47.316026,-15.746521],[-47.316027,-15.746616],[-47.316171,-15.747236],[-47.316192,-15.74743],[-47.31618,-15.747684],[-47.316153,-15.747789],[-47.316106,-15.747843],[-47.316015,-15.747882],[-47.315801,-15.747946],[-47.314985,-15.748083],[-47.314831,-15.748095],[-47.314729,-15.748082],[-47.314659,-15.748051],[-47.314582,-15.747988],[-47.314341,-15.747683],[-47.314327,-15.747561],[-47.314359,-15.747521],[-47.314428,-15.747505],[-47.314508,-15.747519],[-47.314851,-15.747645],[-47.314883,-15.747644],[-47.31491,-15.747624],[-47.314923,-15.747573],[-47.314939,-15.747391],[-47.314913,-15.746881],[-47.314891,-15.746798],[-47.314861,-15.746746],[-47.314822,-15.746725],[-47.314405,-15.746644],[-47.314275,-15.7466],[-47.314215,-15.74655],[-47.314183,-15.746486],[-47.314164,-15.746401],[-47.314168,-15.746308],[-47.314201,-15.746196],[-47.31442,-15.745742],[-47.314462,-15.745526],[-47.314448,-15.74542],[-47.314286,-15.745166],[-47.314239,-15.745111],[-47.314187,-15.74508],[-47.314109,-15.745064],[-47.313765,-15.745055],[-47.313689,-15.745027],[-47.313665,-15.744985],[-47.313671,-15.744929],[-47.313745,-15.744843],[-47.314081,-15.74462],[-47.314167,-15.744538],[-47.314231,-15.74443],[-47.314375,-15.743936],[-47.314471,-15.743751],[-47.314615,-15.743584],[-47.315127,-15.743245],[-47.315216,-15.743149],[-47.315252,-15.743044],[-47.315257,-15.742936],[-47.315222,-15.742854],[-47.315153,-15.742794],[-47.315057,-15.742759],[-47.31497,-15.742763],[-47.314866,-15.742816],[-47.3147,-15.742947],[-47.314587,-15.743005],[-47.314517,-15.74302],[-47.314428,-15.743012],[-47.314346,-15.742976],[-47.314264,-15.742911],[-47.314032,-15.742658],[-47.313948,-15.742601],[-47.313863,-15.742581],[-47.313775,-15.742594],[-47.313585,-15.742703],[-47.313507,-15.742726],[-47.313441,-15.742718],[-47.313384,-15.742686],[-47.313044,-15.742287],[-47.31302,-15.742142],[-47.313036,-15.742058],[-47.313069,-15.742011],[-47.313141,-15.741976],[-47.313369,-15.741935],[-47.313912,-15.741837],[-47.313996,-15.741789],[-47.314125,-15.74164],[-47.314135,-15.741593],[-47.31411,-15.741546],[-47.313977,-15.741494],[-47.313931,-15.741461],[-47.313913,-15.741419],[-47.313919,-15.741357],[-47.314031,-15.741152],[-47.314032,-15.741117],[-47.314003,-15.741083],[-47.313554,-15.740885],[-47.313513,-15.740816],[-47.313456,-15.740516],[-47.313476,-15.740449],[-47.313651,-15.74036],[-47.313756,-15.740351],[-47.314117,-15.740398],[-47.314284,-15.740391],[-47.314855,-15.740241],[-47.314932,-15.740175],[-47.314959,-15.740102],[-47.31494,-15.740039],[-47.314876,-15.739994],[-47.314441,-15.739972],[-47.314277,-15.739935],[-47.314166,-15.739873],[-47.314088,-15.739799],[-47.31408,-15.739725],[-47.314181,-15.739522],[-47.314248,-15.73946],[-47.314442,-15.739384],[-47.314514,-15.73931],[-47.314565,-15.739185],[-47.314575,-15.739082],[-47.31456,-15.739023],[-47.314516,-15.738979],[-47.314465,-15.73896],[-47.314402,-15.738959],[-47.31414,-15.739032],[-47.314036,-15.739039],[-47.31395,-15.73901],[-47.313892,-15.738958],[-47.313855,-15.738886],[-47.313797,-15.73866],[-47.313747,-15.73856],[-47.313629,-15.738437],[-47.313589,-15.738374],[-47.313579,-15.738309],[-47.313594,-15.738253],[-47.31363,-15.738201],[-47.314532,-15.737269],[-47.314608,-15.737218],[-47.314747,-15.737189],[-47.314889,-15.737193],[-47.315223,-15.737277],[-47.315364,-15.737273],[-47.315492,-15.737237],[-47.315523,-15.737196],[-47.315489,-15.736693],[-47.31551,-15.736479],[-47.315567,-15.736398],[-47.315616,-15.736375],[-47.315703,-15.73637],[-47.315872,-15.736392],[-47.316308,-15.7365],[-47.316441,-15.736565],[-47.316836,-15.736918],[-47.316902,-15.736953],[-47.316986,-15.736974],[-47.317065,-15.736972],[-47.31715,-15.736942],[-47.317233,-15.736872],[-47.317265,-15.736795],[-47.317282,-15.736711],[-47.317263,-15.736635],[-47.317207,-15.736563],[-47.316893,-15.736284],[-47.316783,-15.736104],[-47.316707,-15.735873],[-47.316694,-15.735674],[-47.316718,-15.735594],[-47.31677,-15.735548],[-47.316842,-15.73552],[-47.316906,-15.735518],[-47.31697,-15.735539],[-47.317024,-15.735577],[-47.317101,-15.735688],[-47.317196,-15.735864],[-47.317269,-15.735946],[-47.317341,-15.735996],[-47.317403,-15.73601],[-47.317452,-15.735994],[-47.317484,-15.73595],[-47.31751,-15.735865],[-47.317524,-15.735696],[-47.317491,-15.735459],[-47.317323,-15.735005],[-47.317322,-15.734847],[-47.317384,-15.734588],[-47.317488,-15.73436],[-47.317573,-15.734293],[-47.317774,-15.734238],[-47.317997,-15.734216],[-47.318082,-15.734231],[-47.318175,-15.734275],[-47.31827,-15.734357],[-47.318596,-15.734878],[-47.318813,-15.735526],[-47.318848,-15.735563],[-47.318898,-15.735573],[-47.319182,-15.735563],[-47.319244,-15.735543],[-47.319269,-15.735501],[-47.31926,-15.735115],[-47.31923,-15.734949],[-47.319149,-15.734784],[-47.31898,-15.734563],[-47.318935,-15.734473],[-47.318919,-15.734374],[-47.318932,-15.734279],[-47.318976,-15.734204],[-47.319073,-15.734117],[-47.319128,-15.734022],[-47.31921,-15.733641],[-47.31928,-15.732626],[-47.31933,-15.732472],[-47.319346,-15.732364],[-47.319324,-15.732275],[-47.319287,-15.732224],[-47.319227,-15.732197],[-47.319161,-15.732187],[-47.3191,-15.732198],[-47.319036,-15.732243],[-47.318977,-15.732344],[-47.318866,-15.732804],[-47.31883,-15.732868],[-47.318772,-15.73292],[-47.318702,-15.732954],[-47.318603,-15.732978],[-47.318419,-15.733002],[-47.318141,-15.732977],[-47.3181,-15.732961],[-47.318086,-15.732916],[-47.318082,-15.73278],[-47.318103,-15.732654],[-47.318164,-15.732543],[-47.3184,-15.732296],[-47.318501,-15.732148],[-47.318521,-15.732056],[-47.318498,-15.731958],[-47.318396,-15.731829],[-47.318101,-15.731587],[-47.318017,-15.731536],[-47.317949,-15.731515],[-47.317878,-15.731519],[-47.31772,-15.73158],[-47.317325,-15.731823],[-47.317227,-15.731856],[-47.317186,-15.731832],[-47.31716,-15.731775],[-47.317076,-15.731689],[-47.317036,-15.731618],[-47.31703,-15.731533],[-47.317052,-15.731397],[-47.317106,-15.731246],[-47.317138,-15.731191],[-47.317181,-15.731158],[-47.317229,-15.731136],[-47.317312,-15.731125],[-47.317697,-15.731156],[-47.317856,-15.731137],[-47.317898,-15.731121],[-47.317911,-15.731099],[-47.317908,-15.731067],[-47.317855,-15.730969],[-47.317792,-15.730888],[-47.317725,-15.730719],[-47.317548,-15.73049],[-47.317483,-15.730237],[-47.317421,-15.73013],[-47.317413,-15.73009],[-47.31743,-15.730055],[-47.317478,-15.729997],[-47.317442,-15.729743],[-47.317457,-15.72961],[-47.31774,-15.728851],[-47.317777,-15.72878],[-47.317844,-15.728725],[-47.31867,-15.728292],[-47.318784,-15.728214],[-47.318789,-15.728191],[-47.318774,-15.728172],[-47.318642,-15.728128],[-47.318022,-15.727989],[-47.317985,-15.727944],[-47.317965,-15.727831],[-47.31796,-15.727735],[-47.317976,-15.727666],[-47.318366,-15.727123],[-47.318375,-15.727064],[-47.318363,-15.726958],[-47.318394,-15.726846],[-47.318456,-15.726759],[-47.31859,-15.726727],[-47.318758,-15.726737],[-47.319274,-15.726876],[-47.31935,-15.726875],[-47.319405,-15.726852],[-47.319438,-15.726803],[-47.31947,-15.726613],[-47.319485,-15.726259],[-47.319473,-15.726195],[-47.319435,-15.726177],[-47.319354,-15.726202],[-47.319204,-15.726332],[-47.319089,-15.726391],[-47.318928,-15.726411],[-47.318802,-15.726396],[-47.318693,-15.726345],[-47.318649,-15.726275],[-47.318572,-15.72592],[-47.318478,-15.72571],[-47.318381,-15.725577],[-47.318067,-15.72524],[-47.318088,-15.725072],[-47.318126,-15.724961],[-47.318524,-15.724252],[-47.318912,-15.723726],[-47.31904,-15.723616],[-47.319123,-15.723588],[-47.31918,-15.723597],[-47.31922,-15.723632],[-47.319234,-15.723682],[-47.319201,-15.72381],[-47.319212,-15.723842],[-47.319265,-15.723895],[-47.319372,-15.723939],[-47.319446,-15.723942],[-47.319502,-15.723924],[-47.319553,-15.723861],[-47.319672,-15.723658],[-47.31972,-15.723491],[-47.319759,-15.723245],[-47.319784,-15.723196],[-47.319828,-15.723167],[-47.319894,-15.723154],[-47.320382,-15.723195],[-47.320502,-15.723169],[-47.320737,-15.723061],[-47.320759,-15.723028],[-47.320745,-15.722995],[-47.32063,-15.722893],[-47.320618,-15.722832],[-47.320651,-15.722716],[-47.320692,-15.722686],[-47.320839,-15.722671],[-47.320926,-15.72264],[-47.320983,-15.722585],[-47.321036,-15.722428],[-47.32093,-15.721756],[-47.321002,-15.721541],[-47.321015,-15.721439],[-47.321001,-15.721332],[-47.320954,-15.72123],[-47.320866,-15.721134],[-47.320761,-15.721058],[-47.320681,-15.721026],[-47.3206,-15.721018],[-47.320423,-15.721043],[-47.320384,-15.721035],[-47.320362,-15.721009],[-47.320338,-15.720946],[-47.320244,-15.720409],[-47.320251,-15.720287],[-47.320399,-15.719897],[-47.320411,-15.719739],[-47.320371,-15.719491],[-47.320392,-15.719433],[-47.320427,-15.719386],[-47.320492,-15.719346],[-47.320638,-15.719292],[-47.320753,-15.719219],[-47.32083,-15.719133],[-47.320874,-15.71903],[-47.320907,-15.718878],[-47.320909,-15.718761],[-47.320896,-15.718699],[-47.320854,-15.718647],[-47.320788,-15.718621],[-47.320708,-15.718631],[-47.320552,-15.71875],[-47.319647,-15.71928],[-47.319535,-15.719323],[-47.319438,-15.71932],[-47.319401,-15.719288],[-47.319396,-15.719207],[-47.319418,-15.719091],[-47.319499,-15.718963],[-47.319861,-15.718573],[-47.319894,-15.718517],[-47.319898,-15.71846],[-47.319848,-15.718165],[-47.319748,-15.7179],[-47.319699,-15.717835],[-47.319609,-15.717784],[-47.319502,-15.717757],[-47.319413,-15.717747],[-47.319336,-15.717758],[-47.319263,-15.717795],[-47.319208,-15.717851],[-47.319033,-15.718091],[-47.318906,-15.718188],[-47.318829,-15.71822],[-47.318783,-15.718215],[-47.318754,-15.718187],[-47.318732,-15.718075],[-47.318733,-15.717929],[-47.318724,-15.717591],[-47.318675,-15.717334],[-47.318561,-15.717106],[-47.318497,-15.71704],[-47.318427,-15.717007],[-47.318267,-15.716991],[-47.318192,-15.717007],[-47.317926,-15.717225],[-47.317847,-15.717261],[-47.317787,-15.71726],[-47.317734,-15.717227],[-47.317662,-15.717109],[-47.31755,-15.716665],[-47.317521,-15.716607],[-47.317476,-15.716563],[-47.316844,-15.716136],[-47.316804,-15.716122],[-47.316761,-15.716124],[-47.316712,-15.716147],[-47.316504,-15.716339],[-47.31639,-15.716408],[-47.316262,-15.716437],[-47.316079,-15.716415],[-47.315923,-15.716343],[-47.315667,-15.716097],[-47.315467,-15.715793],[-47.315388,-15.715606],[-47.31523,-15.715412],[-47.315202,-15.715331],[-47.315198,-15.715247],[-47.315218,-15.715161],[-47.31544,-15.714557],[-47.315464,-15.71435],[-47.315396,-15.71368],[-47.315419,-15.713456],[-47.315458,-15.713397],[-47.315535,-15.713372],[-47.315722,-15.713379],[-47.315802,-15.713355],[-47.31592,-15.713248],[-47.315977,-15.71315],[-47.315975,-15.713098],[-47.315932,-15.713031],[-47.315844,-15.712966],[-47.315511,-15.712953],[-47.315327,-15.71292],[-47.314977,-15.712812],[-47.314957,-15.712787],[-47.31496,-15.712731],[-47.31511,-15.712124],[-47.31512,-15.712016],[-47.315096,-15.711929],[-47.315052,-15.71187],[-47.314943,-15.711799],[-47.314099,-15.711425],[-47.313924,-15.711292],[-47.31383,-15.71119],[-47.313802,-15.711106],[-47.313828,-15.710983],[-47.313923,-15.710767],[-47.314015,-15.710441],[-47.314043,-15.710389],[-47.314089,-15.710355],[-47.314149,-15.710332],[-47.314221,-15.710325],[-47.314292,-15.710343],[-47.314906,-15.710654],[-47.314959,-15.71066],[-47.315013,-15.710639],[-47.315182,-15.710449],[-47.315259,-15.710401],[-47.315451,-15.710349],[-47.315488,-15.710322],[-47.315526,-15.710257],[-47.315539,-15.710163],[-47.315519,-15.710037],[-47.315426,-15.709836],[-47.315137,-15.709503],[-47.314655,-15.709161],[-47.314535,-15.70914],[-47.314457,-15.709157],[-47.314383,-15.709206],[-47.314306,-15.70929],[-47.314178,-15.709498],[-47.31411,-15.709555],[-47.314044,-15.709579],[-47.313986,-15.70958],[-47.313948,-15.709564],[-47.313921,-15.709532],[-47.31391,-15.709487],[-47.313921,-15.709435],[-47.313984,-15.709323],[-47.314015,-15.709202],[-47.314015,-15.709112],[-47.313982,-15.709027],[-47.313843,-15.708782],[-47.313799,-15.708643],[-47.313794,-15.708489],[-47.313814,-15.70839],[-47.313868,-15.70829],[-47.314128,-15.707994],[-47.314154,-15.70793],[-47.314146,-15.707877],[-47.314109,-15.707841],[-47.314056,-15.707827],[-47.31399,-15.707839],[-47.31373,-15.707977],[-47.313642,-15.707995],[-47.313538,-15.707988],[-47.313469,-15.707953],[-47.313434,-15.707913],[-47.313431,-15.707871],[-47.313448,-15.707827],[-47.313504,-15.707752],[-47.313721,-15.707534],[-47.313767,-15.707451],[-47.313758,-15.707404],[-47.31371,-15.707379],[-47.313268,-15.707298],[-47.313107,-15.707234],[-47.312999,-15.707152],[-47.312964,-15.707079],[-47.312968,-15.707014],[-47.313001,-15.706972],[-47.313091,-15.70695],[-47.313201,-15.706957],[-47.313471,-15.707014],[-47.313658,-15.707026],[-47.313828,-15.707011],[-47.313975,-15.706971],[-47.314106,-15.706894],[-47.314256,-15.706742],[-47.314407,-15.706541],[-47.314586,-15.706187],[-47.314593,-15.706136],[-47.314569,-15.706096],[-47.314517,-15.706079],[-47.314408,-15.706094],[-47.314089,-15.706293],[-47.313873,-15.706368],[-47.313583,-15.706392],[-47.313357,-15.706358],[-47.313303,-15.706326],[-47.313286,-15.706282],[-47.313302,-15.706199],[-47.313415,-15.705961],[-47.313558,-15.705762],[-47.313776,-15.705562],[-47.314056,-15.705403],[-47.31454,-15.705253],[-47.3147,-15.705172],[-47.314765,-15.705126],[-47.314804,-15.705078],[-47.314824,-15.705018],[-47.314819,-15.704898],[-47.314768,-15.704814],[-47.314646,-15.704748],[-47.314526,-15.704729],[-47.314372,-15.704739],[-47.31402,-15.704821],[-47.313938,-15.70483],[-47.313895,-15.704817],[-47.31387,-15.704786],[-47.313868,-15.704746],[-47.313882,-15.704709],[-47.313928,-15.704679],[-47.314184,-15.704638],[-47.314239,-15.704606],[-47.314274,-15.704549],[-47.314303,-15.704465],[-47.314314,-15.704357],[-47.314273,-15.704129],[-47.31421,-15.704041],[-47.314129,-15.703989],[-47.314024,-15.703974],[-47.313684,-15.704012],[-47.313625,-15.703985],[-47.313545,-15.703821],[-47.313503,-15.703537],[-47.313512,-15.7035],[-47.313541,-15.703471],[-47.313585,-15.703455],[-47.313676,-15.703446],[-47.313763,-15.703456],[-47.314211,-15.70359],[-47.314287,-15.703588],[-47.314348,-15.703561],[-47.314375,-15.70352],[-47.314375,-15.703467],[-47.314335,-15.703401],[-47.314062,-15.703111],[-47.314029,-15.703051],[-47.314034,-15.702984],[-47.314099,-15.702835],[-47.314293,-15.702697],[-47.314337,-15.702576],[-47.31435,-15.702457],[-47.314347,-15.702382],[-47.314323,-15.702315],[-47.314254,-15.702236],[-47.313868,-15.70194],[-47.31356,-15.701773],[-47.313489,-15.701711],[-47.313473,-15.701672],[-47.313476,-15.701628],[-47.313513,-15.701577],[-47.313564,-15.701555],[-47.313634,-15.701561],[-47.313854,-15.701636],[-47.313909,-15.701642],[-47.313957,-15.701626],[-47.31398,-15.701602],[-47.313987,-15.701575],[-47.313971,-15.701528],[-47.313782,-15.701214],[-47.313757,-15.701141],[-47.313774,-15.701064],[-47.313875,-15.70094],[-47.31402,-15.700794],[-47.314229,-15.70064],[-47.314255,-15.700594],[-47.314254,-15.700551],[-47.314233,-15.700513],[-47.314189,-15.700485],[-47.314104,-15.70047],[-47.313806,-15.700466],[-47.313743,-15.700452],[-47.313714,-15.700427],[-47.313702,-15.700379],[-47.313729,-15.700234],[-47.313713,-15.700164],[-47.313585,-15.700118],[-47.31356,-15.700039],[-47.313523,-15.699997],[-47.313449,-15.699974],[-47.313108,-15.699981],[-47.313035,-15.699966],[-47.313019,-15.699927],[-47.313034,-15.699886],[-47.313102,-15.699848],[-47.313301,-15.699788],[-47.313351,-15.699742],[-47.313389,-15.699604],[-47.313389,-15.699473],[-47.313364,-15.699337],[-47.313356,-15.699159],[-47.313378,-15.69901],[-47.313678,-15.698498],[-47.313725,-15.698328],[-47.313719,-15.698271],[-47.31368,-15.698234],[-47.313534,-15.698203],[-47.313147,-15.698203],[-47.312963,-15.698161],[-47.312834,-15.698112],[-47.31278,-15.698075],[-47.312757,-15.698019],[-47.31276,-15.697945],[-47.312793,-15.697873],[-47.312987,-15.697683],[-47.312998,-15.697631],[-47.31297,-15.697581],[-47.312837,-15.69752],[-47.312559,-15.697458],[-47.31251,-15.697433],[-47.312482,-15.697395],[-47.312477,-15.697355],[-47.312491,-15.697294],[-47.312629,-15.697104],[-47.312818,-15.696889],[-47.312923,-15.696682],[-47.312953,-15.696561],[-47.312952,-15.696485],[-47.312937,-15.696426],[-47.312828,-15.696241],[-47.312811,-15.696173],[-47.312838,-15.696103],[-47.312894,-15.696046],[-47.312966,-15.696009],[-47.313052,-15.696006],[-47.313511,-15.696143],[-47.313636,-15.696138],[-47.313733,-15.696089],[-47.313797,-15.696014],[-47.313825,-15.695933],[-47.313815,-15.695854],[-47.313759,-15.69579],[-47.313485,-15.695606],[-47.313392,-15.695487],[-47.313327,-15.695334],[-47.31331,-15.695238],[-47.313323,-15.695141],[-47.313409,-15.694961],[-47.313502,-15.694888],[-47.313632,-15.694845],[-47.314084,-15.694778],[-47.314334,-15.694699],[-47.314521,-15.694582],[-47.314695,-15.694392],[-47.314771,-15.694372],[-47.314845,-15.694397],[-47.314912,-15.694482],[-47.315146,-15.695002],[-47.315228,-15.695114],[-47.315318,-15.695187],[-47.315411,-15.695222],[-47.315516,-15.695229],[-47.31565,-15.695201],[-47.315786,-15.695145],[-47.316142,-15.694888],[-47.316161,-15.69485],[-47.316142,-15.694804],[-47.315753,-15.694508],[-47.315733,-15.694447],[-47.315743,-15.694381],[-47.315777,-15.694341],[-47.315831,-15.694323],[-47.316271,-15.69429],[-47.316351,-15.694269],[-47.316406,-15.694235],[-47.316432,-15.694193],[-47.316436,-15.694134],[-47.316384,-15.693691],[-47.316403,-15.693599],[-47.316476,-15.693548],[-47.316834,-15.693473],[-47.317437,-15.693269],[-47.317519,-15.693209],[-47.317538,-15.693161],[-47.317529,-15.693112],[-47.317477,-15.693057],[-47.31707,-15.692744],[-47.317017,-15.692671],[-47.316902,-15.692303],[-47.316856,-15.692212],[-47.31669,-15.692037],[-47.316697,-15.691987],[-47.31675,-15.691982],[-47.31699,-15.692103],[-47.317269,-15.692114],[-47.317405,-15.692151],[-47.31751,-15.692211],[-47.317767,-15.692421],[-47.31787,-15.692456],[-47.318192,-15.692409],[-47.318262,-15.692379],[-47.318353,-15.692296],[-47.318346,-15.692164],[-47.31828,-15.692069],[-47.317765,-15.691747],[-47.317695,-15.691671],[-47.317652,-15.691585],[-47.317644,-15.69149],[-47.31775,-15.691038],[-47.317738,-15.690298],[-47.317783,-15.690237],[-47.317926,-15.690211],[-47.318305,-15.690312],[-47.318374,-15.690315],[-47.318427,-15.690291],[-47.318462,-15.690248],[-47.318471,-15.690188],[-47.318293,-15.689795],[-47.318274,-15.689657],[-47.318285,-15.689475],[-47.318326,-15.689305],[-47.318401,-15.689171],[-47.318458,-15.689153],[-47.318568,-15.689183],[-47.319047,-15.689454],[-47.319149,-15.689458],[-47.319232,-15.689431],[-47.319289,-15.689375],[-47.319303,-15.689317],[-47.319134,-15.689182],[-47.319117,-15.689109],[-47.319138,-15.689037],[-47.319187,-15.689017],[-47.319533,-15.689078],[-47.319631,-15.689071],[-47.319678,-15.689039],[-47.319713,-15.68889],[-47.319709,-15.688817],[-47.31967,-15.688719],[-47.319388,-15.688335],[-47.319387,-15.688287],[-47.319432,-15.688246],[-47.320192,-15.688019],[-47.320268,-15.687974],[-47.320319,-15.687912],[-47.320336,-15.687846],[-47.320327,-15.687749],[-47.320215,-15.687384],[-47.32022,-15.687164],[-47.320249,-15.687132],[-47.320296,-15.687141],[-47.320392,-15.687242],[-47.320637,-15.687614],[-47.320698,-15.687673],[-47.320805,-15.687728],[-47.320878,-15.68773],[-47.320959,-15.68767],[-47.321011,-15.687579],[-47.321061,-15.687297],[-47.32106,-15.686967],[-47.321091,-15.68686],[-47.321143,-15.686776],[-47.321176,-15.686757],[-47.321215,-15.686776],[-47.321382,-15.68706],[-47.321587,-15.687268],[-47.321804,-15.687695],[-47.321799,-15.687743],[-47.32165,-15.688067],[-47.321501,-15.688293],[-47.321355,-15.688436],[-47.321326,-15.688492],[-47.32133,-15.688552],[-47.321385,-15.688714],[-47.321603,-15.689115],[-47.321637,-15.689143],[-47.321682,-15.689156],[-47.321728,-15.689148],[-47.321909,-15.689041],[-47.321997,-15.688857],[-47.322275,-15.688705],[-47.322365,-15.68867],[-47.322644,-15.688621],[-47.322744,-15.688625],[-47.32284,-15.688672],[-47.322869,-15.688727],[-47.322899,-15.689236],[-47.322925,-15.689331],[-47.322972,-15.689396],[-47.323032,-15.68943],[-47.323105,-15.689441],[-47.323172,-15.689418],[-47.323541,-15.688986],[-47.323689,-15.688894],[-47.323985,-15.688776],[-47.324132,-15.688759],[-47.324406,-15.688776],[-47.3251,-15.688659],[-47.325218,-15.688621],[-47.325378,-15.68851],[-47.325438,-15.688492],[-47.325502,-15.688487],[-47.325582,-15.688505],[-47.325643,-15.688543],[-47.325677,-15.688588],[-47.325685,-15.688645],[-47.325655,-15.688765],[-47.325659,-15.688883],[-47.325686,-15.688928],[-47.325756,-15.68896],[-47.325847,-15.688974],[-47.325963,-15.688971],[-47.327039,-15.688743],[-47.327556,-15.688508],[-47.327639,-15.688445],[-47.327738,-15.688405],[-47.327799,-15.688409],[-47.327834,-15.688433],[-47.32801,-15.688766],[-47.328076,-15.688837],[-47.328124,-15.688849],[-47.328173,-15.688834],[-47.328199,-15.688806],[-47.328201,-15.688771],[-47.328133,-15.688643],[-47.328129,-15.688594],[-47.328155,-15.68854],[-47.32825,-15.688448],[-47.328361,-15.688379],[-47.328524,-15.688317],[-47.328691,-15.688288],[-47.329151,-15.688285],[-47.329398,-15.688257],[-47.329503,-15.688223],[-47.329592,-15.688166],[-47.329809,-15.687947],[-47.329832,-15.687898],[-47.329814,-15.687846],[-47.329752,-15.687808],[-47.329431,-15.68773],[-47.329218,-15.687703],[-47.32901,-15.687708],[-47.328799,-15.687684],[-47.328442,-15.687528],[-47.327801,-15.687369],[-47.327731,-15.68733],[-47.327692,-15.687282],[-47.327675,-15.687234],[-47.327675,-15.687173],[-47.327698,-15.687123],[-47.327828,-15.687004],[-47.327834,-15.68693],[-47.327751,-15.686795],[-47.327738,-15.686753],[-47.327738,-15.686708],[-47.327762,-15.686662],[-47.327825,-15.68662],[-47.32814,-15.686599],[-47.328242,-15.686577],[-47.328302,-15.686543],[-47.328328,-15.686492],[-47.328314,-15.686428],[-47.328268,-15.686387],[-47.328006,-15.68634],[-47.327951,-15.686316],[-47.327921,-15.686279],[-47.327911,-15.686226],[-47.327924,-15.686174],[-47.327966,-15.686137],[-47.328022,-15.686113],[-47.328088,-15.686108],[-47.328262,-15.68614],[-47.328344,-15.686134],[-47.328394,-15.686104],[-47.328415,-15.686054],[-47.328414,-15.685978],[-47.328379,-15.685779],[-47.328385,-15.685645],[-47.328437,-15.685384],[-47.328403,-15.685224],[-47.327987,-15.684548],[-47.3279,-15.684343],[-47.327873,-15.684196],[-47.327898,-15.684063],[-47.328077,-15.683501],[-47.32813,-15.68338],[-47.328193,-15.683308],[-47.328259,-15.683272],[-47.328333,-15.683257],[-47.328838,-15.683259],[-47.329138,-15.683317],[-47.32918,-15.683352],[-47.329194,-15.683451],[-47.329165,-15.683524],[-47.329066,-15.683616],[-47.329039,-15.683687],[-47.329037,-15.683898],[-47.329006,-15.683962],[-47.328837,-15.68414],[-47.328795,-15.68422],[-47.328794,-15.684328],[-47.328819,-15.684421],[-47.328869,-15.684501],[-47.328962,-15.684593],[-47.32906,-15.684662],[-47.329134,-15.684672],[-47.329239,-15.684646],[-47.329322,-15.684595],[-47.329362,-15.684534],[-47.329396,-15.684451],[-47.329484,-15.68391],[-47.329554,-15.683741],[-47.329697,-15.683584],[-47.329739,-15.683575],[-47.32978,-15.683596],[-47.329799,-15.683648],[-47.329797,-15.683921],[-47.329815,-15.683973],[-47.329853,-15.683992],[-47.329906,-15.683984],[-47.32995,-15.683947],[-47.330099,-15.683733],[-47.330247,-15.683738],[-47.330378,-15.683712],[-47.330947,-15.683395],[-47.331026,-15.683396],[-47.331338,-15.683598],[-47.331422,-15.683601],[-47.331489,-15.683556],[-47.331561,-15.683271],[-47.331659,-15.683061],[-47.331688,-15.682911],[-47.331663,-15.6828],[-47.331515,-15.682551],[-47.331508,-15.682482],[-47.331532,-15.682318],[-47.331712,-15.681653],[-47.331771,-15.681568],[-47.331924,-15.681437],[-47.331982,-15.681351],[-47.332004,-15.681231],[-47.332008,-15.680775],[-47.331976,-15.680655],[-47.331914,-15.680511],[-47.331787,-15.680286],[-47.331701,-15.680174],[-47.331569,-15.680075],[-47.330993,-15.679765],[-47.330907,-15.679741],[-47.330807,-15.679741],[-47.330759,-15.679758],[-47.33072,-15.679798],[-47.330707,-15.679856],[-47.330762,-15.679998],[-47.330765,-15.680086],[-47.330732,-15.680174],[-47.3306,-15.680364],[-47.330494,-15.680451],[-47.330407,-15.680482],[-47.330322,-15.680475],[-47.330246,-15.680449],[-47.330199,-15.680413],[-47.330172,-15.680359],[-47.330167,-15.680226],[-47.330092,-15.679916],[-47.330068,-15.679872],[-47.330028,-15.679841],[-47.329979,-15.679824],[-47.32991,-15.679824],[-47.329471,-15.679918],[-47.329168,-15.679943],[-47.329095,-15.679932],[-47.329031,-15.679895],[-47.328971,-15.6798],[-47.328921,-15.679682],[-47.328908,-15.679588],[-47.328929,-15.679488],[-47.329026,-15.679258],[-47.329063,-15.679086],[-47.329043,-15.678944],[-47.32901,-15.678909],[-47.32881,-15.678867],[-47.328656,-15.678859],[-47.328285,-15.678891],[-47.328218,-15.678879],[-47.328167,-15.678849],[-47.328004,-15.678642],[-47.327933,-15.678593],[-47.327456,-15.678315],[-47.327006,-15.677922],[-47.326723,-15.677762],[-47.326667,-15.677556],[-47.326659,-15.677404],[-47.326679,-15.677306],[-47.326729,-15.677235],[-47.327133,-15.676803],[-47.327173,-15.676722],[-47.327175,-15.676617],[-47.327117,-15.67642],[-47.327073,-15.676339],[-47.327001,-15.676267],[-47.326831,-15.676188],[-47.326819,-15.676161],[-47.326867,-15.676111],[-47.327109,-15.675978],[-47.327202,-15.675892],[-47.327248,-15.675806],[-47.32726,-15.675708],[-47.327242,-15.675611],[-47.3272,-15.675525],[-47.327164,-15.67538],[-47.327176,-15.675301],[-47.327366,-15.674777],[-47.327388,-15.674673],[-47.327374,-15.674565],[-47.327291,-15.674356],[-47.327268,-15.674232],[-47.327274,-15.674143],[-47.32736,-15.673926],[-47.327335,-15.673651],[-47.327351,-15.673596],[-47.327392,-15.673547],[-47.327448,-15.673518],[-47.32759,-15.67348],[-47.32763,-15.673443],[-47.327626,-15.673389],[-47.327549,-15.673163],[-47.327531,-15.673043],[-47.327575,-15.67291],[-47.327648,-15.6728],[-47.327685,-15.672665],[-47.327689,-15.672529],[-47.327646,-15.672394],[-47.327518,-15.672247],[-47.327117,-15.672018],[-47.326867,-15.671929],[-47.32683,-15.671896],[-47.326825,-15.671845],[-47.326854,-15.671739],[-47.326926,-15.671648],[-47.327376,-15.671355],[-47.327605,-15.671181],[-47.327711,-15.671016],[-47.327739,-15.670957],[-47.327742,-15.670901],[-47.327725,-15.670853],[-47.327689,-15.67081],[-47.326674,-15.670105],[-47.326067,-15.669424],[-47.326033,-15.669349],[-47.326048,-15.669253],[-47.326529,-15.668396],[-47.327095,-15.667712],[-47.327169,-15.667649],[-47.327255,-15.667609],[-47.327524,-15.667533],[-47.327657,-15.667454],[-47.327992,-15.667163],[-47.328117,-15.667097],[-47.328252,-15.667065],[-47.328609,-15.667034],[-47.328651,-15.667017],[-47.328665,-15.666978],[-47.328653,-15.666768],[-47.328516,-15.666295],[-47.328435,-15.666191],[-47.327641,-15.665614],[-47.327567,-15.665591],[-47.327483,-15.665608],[-47.32711,-15.665916],[-47.326931,-15.665998],[-47.326832,-15.666009],[-47.326714,-15.665971],[-47.326645,-15.665895],[-47.326516,-15.665695],[-47.326458,-15.665539],[-47.326455,-15.665494],[-47.326462,-15.665453],[-47.326676,-15.665],[-47.326706,-15.664978],[-47.326959,-15.664896],[-47.327031,-15.664898],[-47.327689,-15.665214],[-47.327815,-15.665246],[-47.328115,-15.665267],[-47.328151,-15.66525],[-47.328168,-15.665205],[-47.328149,-15.665145],[-47.328085,-15.665087],[-47.327843,-15.664936],[-47.327696,-15.664802],[-47.327586,-15.664629],[-47.327546,-15.664482],[-47.327542,-15.664313],[-47.327562,-15.664107],[-47.327599,-15.664075],[-47.327652,-15.664079],[-47.327719,-15.66412],[-47.327824,-15.664215],[-47.327899,-15.66425],[-47.327966,-15.664257],[-47.328032,-15.664243],[-47.328241,-15.664116],[-47.328623,-15.663816],[-47.328673,-15.663745],[-47.328685,-15.663677],[-47.32868,-15.663609],[-47.328642,-15.663554],[-47.328586,-15.663517],[-47.328383,-15.663469],[-47.328198,-15.663443],[-47.327343,-15.663437],[-47.327199,-15.663424],[-47.327075,-15.663396],[-47.326983,-15.663346],[-47.326927,-15.663293],[-47.326898,-15.663232],[-47.326831,-15.662569],[-47.32685,-15.662448],[-47.326971,-15.662025],[-47.326966,-15.661952],[-47.326923,-15.661878],[-47.326766,-15.661728],[-47.326718,-15.661646],[-47.326703,-15.661551],[-47.326719,-15.661465],[-47.32678,-15.661341],[-47.326895,-15.661217],[-47.3272,-15.66093],[-47.327289,-15.660875],[-47.327377,-15.660853],[-47.327467,-15.660855],[-47.327547,-15.660889],[-47.327734,-15.661045],[-47.328033,-15.661199],[-47.328459,-15.661298],[-47.328552,-15.661298],[-47.328617,-15.661277],[-47.32865,-15.661246],[-47.32866,-15.661214],[-47.328651,-15.661171],[-47.328571,-15.661019],[-47.328338,-15.660749],[-47.328235,-15.660684],[-47.327953,-15.660581],[-47.327872,-15.660527],[-47.327856,-15.660479],[-47.327868,-15.66044],[-47.327912,-15.660423],[-47.327974,-15.660434],[-47.328126,-15.660514],[-47.328199,-15.660515],[-47.328243,-15.660499],[-47.328266,-15.660468],[-47.328265,-15.660426],[-47.328207,-15.66031],[-47.328102,-15.660189],[-47.328072,-15.660126],[-47.328065,-15.660049],[-47.328091,-15.659694],[-47.32807,-15.659558],[-47.327853,-15.659174],[-47.327842,-15.659078],[-47.327855,-15.658996],[-47.327886,-15.658933],[-47.327952,-15.658858],[-47.328246,-15.658637],[-47.328387,-15.658485],[-47.328508,-15.65824],[-47.328572,-15.658195],[-47.328654,-15.658196],[-47.329012,-15.658328],[-47.329195,-15.658335],[-47.32958,-15.658278],[-47.329647,-15.658251],[-47.329688,-15.658198],[-47.329738,-15.658082],[-47.329765,-15.657942],[-47.329761,-15.657784],[-47.329731,-15.657633],[-47.329674,-15.65755],[-47.329596,-15.65751],[-47.329515,-15.657504],[-47.329418,-15.657539],[-47.329148,-15.657719],[-47.329008,-15.65779],[-47.32885,-15.65784],[-47.328674,-15.65787],[-47.328409,-15.657868],[-47.328271,-15.65785],[-47.328141,-15.657814],[-47.328098,-15.657773],[-47.328079,-15.657702],[-47.328123,-15.657529],[-47.328636,-15.657355],[-47.329051,-15.657174],[-47.329179,-15.657082],[-47.329242,-15.657016],[-47.329276,-15.656918],[-47.329263,-15.656878],[-47.329197,-15.65683],[-47.328916,-15.656727],[-47.32866,-15.656607],[-47.328424,-15.656445],[-47.328226,-15.656269],[-47.328184,-15.656167],[-47.328198,-15.656101],[-47.328249,-15.656079],[-47.328314,-15.656096],[-47.328528,-15.656287],[-47.328661,-15.656371],[-47.328757,-15.656402],[-47.328849,-15.65642],[-47.328953,-15.656412],[-47.329102,-15.656377],[-47.329281,-15.656307],[-47.329401,-15.656215],[-47.329501,-15.656107],[-47.32959,-15.655964],[-47.329632,-15.655846],[-47.329621,-15.655743],[-47.329574,-15.655691],[-47.329532,-15.655679],[-47.329474,-15.655702],[-47.329347,-15.655844],[-47.329125,-15.656046],[-47.329085,-15.656054],[-47.328862,-15.656004],[-47.328827,-15.655969],[-47.328814,-15.655389],[-47.328768,-15.655297],[-47.328668,-15.655258],[-47.328656,-15.65524],[-47.328593,-15.654823],[-47.328556,-15.654763],[-47.328449,-15.654702],[-47.328322,-15.65467],[-47.327944,-15.654643],[-47.327466,-15.654665],[-47.32738,-15.654641],[-47.327317,-15.654595],[-47.327282,-15.654531],[-47.327274,-15.654457],[-47.327362,-15.653862],[-47.327353,-15.653768],[-47.327311,-15.653687],[-47.326663,-15.652953],[-47.326602,-15.65284],[-47.326582,-15.652722],[-47.326593,-15.65263],[-47.326646,-15.652524],[-47.327052,-15.652019],[-47.327157,-15.65191],[-47.327256,-15.651878],[-47.327393,-15.651895],[-47.327851,-15.652065],[-47.327939,-15.652083],[-47.327977,-15.652076],[-47.327995,-15.652051],[-47.327994,-15.651998],[-47.327945,-15.651816],[-47.327944,-15.651707],[-47.328028,-15.651425],[-47.328067,-15.651364],[-47.32812,-15.651326],[-47.328187,-15.651317],[-47.32828,-15.651344],[-47.328493,-15.651478],[-47.328624,-15.651533],[-47.328771,-15.651561],[-47.328821,-15.651538],[-47.328846,-15.65148],[-47.328835,-15.651042],[-47.328851,-15.650986],[-47.328884,-15.650937],[-47.32901,-15.650857],[-47.329049,-15.650811],[-47.329143,-15.650617],[-47.329144,-15.650585],[-47.329123,-15.650559],[-47.328943,-15.650473],[-47.328766,-15.65034],[-47.328679,-15.650204],[-47.328626,-15.650172],[-47.328567,-15.650166],[-47.328508,-15.650196],[-47.328229,-15.650599],[-47.328181,-15.650638],[-47.328117,-15.650636],[-47.327791,-15.650503],[-47.327751,-15.65045],[-47.327769,-15.650382],[-47.327908,-15.650295],[-47.327951,-15.650243],[-47.328182,-15.649776],[-47.328572,-15.649644],[-47.328608,-15.649617],[-47.32862,-15.649577],[-47.328603,-15.649534],[-47.328457,-15.649394],[-47.328387,-15.649357],[-47.327894,-15.649211],[-47.327816,-15.649216],[-47.327576,-15.64935],[-47.327474,-15.649358],[-47.326994,-15.649267],[-47.326945,-15.649225],[-47.326939,-15.648985],[-47.326966,-15.648898],[-47.32704,-15.648759],[-47.327203,-15.648471],[-47.327265,-15.648409],[-47.327452,-15.648304],[-47.327483,-15.648234],[-47.327444,-15.648028],[-47.327395,-15.647896],[-47.327207,-15.647627],[-47.32718,-15.647499],[-47.327248,-15.647127],[-47.327291,-15.6471],[-47.327377,-15.647102],[-47.327497,-15.647137],[-47.327753,-15.647263],[-47.327787,-15.647264],[-47.327807,-15.647241],[-47.327906,-15.646763],[-47.327936,-15.646699],[-47.327989,-15.646667],[-47.328308,-15.646598],[-47.328379,-15.646537],[-47.328455,-15.646358],[-47.328486,-15.64634],[-47.328944,-15.646327],[-47.329,-15.646304],[-47.32902,-15.646265],[-47.32902,-15.646071],[-47.329,-15.645965],[-47.328924,-15.64575],[-47.328925,-15.645677],[-47.328957,-15.645604],[-47.329006,-15.645548],[-47.329052,-15.645524],[-47.32947,-15.645471],[-47.329561,-15.645483],[-47.329718,-15.645564],[-47.329848,-15.645782],[-47.329905,-15.645853],[-47.330005,-15.645905],[-47.330333,-15.646007],[-47.330388,-15.646006],[-47.330423,-15.64596],[-47.330549,-15.645329],[-47.330631,-15.645282],[-47.330821,-15.645309],[-47.330915,-15.645307],[-47.330959,-15.645273],[-47.330982,-15.645216],[-47.330985,-15.645124],[-47.330897,-15.644636],[-47.330863,-15.64455],[-47.330816,-15.644494],[-47.330769,-15.644473],[-47.33072,-15.644478],[-47.330666,-15.644521],[-47.330638,-15.644616],[-47.330623,-15.644884],[-47.330583,-15.645015],[-47.330476,-15.645184],[-47.330421,-15.645197],[-47.330365,-15.645176],[-47.330301,-15.645105],[-47.330194,-15.644764],[-47.330116,-15.644658],[-47.329977,-15.644565],[-47.329523,-15.644481],[-47.329433,-15.644446],[-47.329378,-15.644392],[-47.329341,-15.644297],[-47.329343,-15.644017],[-47.32938,-15.643959],[-47.329545,-15.643867],[-47.329616,-15.643602],[-47.329616,-15.643513],[-47.329581,-15.643441],[-47.329484,-15.643325],[-47.329379,-15.643235],[-47.329268,-15.64317],[-47.32923,-15.643117],[-47.329231,-15.642996],[-47.329261,-15.642914],[-47.32932,-15.64288],[-47.329723,-15.642854],[-47.329773,-15.64284],[-47.329817,-15.642805],[-47.329937,-15.642647],[-47.329942,-15.642609],[-47.329908,-15.642579],[-47.329739,-15.642554],[-47.329639,-15.64252],[-47.329568,-15.64247],[-47.32948,-15.642368],[-47.329465,-15.642238],[-47.329501,-15.642192],[-47.329584,-15.642179],[-47.329609,-15.642148],[-47.329623,-15.641864],[-47.329655,-15.641792],[-47.329848,-15.641755],[-47.329912,-15.641699],[-47.330056,-15.641074],[-47.330063,-15.640907],[-47.330041,-15.640785],[-47.329985,-15.640672],[-47.329494,-15.640177],[-47.329489,-15.63974],[-47.329521,-15.639713],[-47.329644,-15.639713],[-47.329667,-15.639686],[-47.329677,-15.639529],[-47.329686,-15.639365],[-47.329745,-15.639069],[-47.329771,-15.639032],[-47.329806,-15.639029],[-47.329924,-15.639104],[-47.330029,-15.639109],[-47.330313,-15.638984],[-47.330597,-15.6389],[-47.330642,-15.638848],[-47.330649,-15.638764],[-47.330626,-15.638691],[-47.330551,-15.638587],[-47.330541,-15.638551],[-47.330545,-15.63851],[-47.330592,-15.638425],[-47.330655,-15.638352],[-47.33074,-15.638298],[-47.33084,-15.638282],[-47.331079,-15.638285],[-47.331139,-15.638264],[-47.331198,-15.638219],[-47.331259,-15.638149],[-47.33129,-15.638056],[-47.33128,-15.63799],[-47.33124,-15.63796],[-47.331052,-15.637998],[-47.330927,-15.638007],[-47.330843,-15.637993],[-47.330775,-15.637946],[-47.330751,-15.637853],[-47.330752,-15.637302],[-47.330787,-15.637155],[-47.330892,-15.63697],[-47.330954,-15.636922],[-47.331007,-15.63693],[-47.331037,-15.636971],[-47.331047,-15.637146],[-47.331079,-15.637182],[-47.331151,-15.637188],[-47.331323,-15.637125],[-47.331423,-15.637049],[-47.331551,-15.636854],[-47.331578,-15.636781],[-47.331566,-15.636696],[-47.331337,-15.636228],[-47.331299,-15.636204],[-47.331255,-15.636208],[-47.331061,-15.636319],[-47.331016,-15.636314],[-47.330704,-15.635872],[-47.330684,-15.635797],[-47.330696,-15.635749],[-47.330742,-15.635698],[-47.331086,-15.635463],[-47.331103,-15.635416],[-47.331092,-15.635367],[-47.331045,-15.635274],[-47.331116,-15.635168],[-47.331167,-15.635136],[-47.331233,-15.635137],[-47.33159,-15.635292],[-47.331663,-15.635287],[-47.331739,-15.635237],[-47.33176,-15.635187],[-47.331753,-15.63505],[-47.33173,-15.634967],[-47.331676,-15.634896],[-47.331553,-15.634778],[-47.331548,-15.634734],[-47.331604,-15.634617],[-47.331671,-15.634571],[-47.331717,-15.634576],[-47.331857,-15.634674],[-47.331911,-15.634671],[-47.33201,-15.63463],[-47.332028,-15.634589],[-47.332045,-15.634151],[-47.332065,-15.63408],[-47.332105,-15.634039],[-47.332519,-15.633877],[-47.332562,-15.63384],[-47.332608,-15.633653],[-47.33249,-15.633357],[-47.33247,-15.633222],[-47.332472,-15.633109],[-47.332496,-15.633041],[-47.33261,-15.632945],[-47.332756,-15.632936],[-47.332999,-15.632922],[-47.33307,-15.632896],[-47.333188,-15.632794],[-47.333193,-15.632734],[-47.333007,-15.632529],[-47.333016,-15.632498],[-47.333247,-15.632386],[-47.333291,-15.632335],[-47.33331,-15.632238],[-47.333291,-15.632213],[-47.332991,-15.632122],[-47.332946,-15.632076],[-47.332887,-15.631926],[-47.332873,-15.63182],[-47.332881,-15.631202],[-47.332901,-15.631184],[-47.332984,-15.631184],[-47.333213,-15.631245],[-47.333382,-15.631468],[-47.333492,-15.631574],[-47.333613,-15.631595],[-47.333672,-15.631581],[-47.333722,-15.631495],[-47.333718,-15.631411],[-47.333694,-15.631345],[-47.333653,-15.631299],[-47.333359,-15.631115],[-47.333324,-15.631071],[-47.333329,-15.631011],[-47.333419,-15.630929],[-47.33343,-15.630819],[-47.333342,-15.630307],[-47.333346,-15.630213],[-47.333408,-15.630135],[-47.33392,-15.629783],[-47.333926,-15.629653],[-47.333861,-15.629533],[-47.333794,-15.629481],[-47.333508,-15.629368],[-47.333436,-15.629388],[-47.333377,-15.629494],[-47.333081,-15.629588],[-47.333088,-15.629655],[-47.333067,-15.629682],[-47.33293,-15.629705],[-47.332928,-15.629588],[-47.332907,-15.629528],[-47.332775,-15.629505],[-47.332735,-15.629471],[-47.332746,-15.629235],[-47.332624,-15.629104],[-47.332605,-15.629048],[-47.332613,-15.628978],[-47.332653,-15.628923],[-47.332766,-15.628848],[-47.332837,-15.628795],[-47.332856,-15.62876],[-47.332851,-15.628725],[-47.332817,-15.628684],[-47.332683,-15.628635],[-47.332511,-15.628603],[-47.332287,-15.628608],[-47.332212,-15.628609],[-47.33216,-15.628585],[-47.332092,-15.628464],[-47.332022,-15.628419],[-47.33199,-15.628346],[-47.332044,-15.628047],[-47.332018,-15.627761],[-47.332043,-15.627467],[-47.332025,-15.627426],[-47.331969,-15.627413],[-47.331589,-15.627448],[-47.331523,-15.627444],[-47.331474,-15.627421],[-47.331449,-15.627381],[-47.331442,-15.627319],[-47.331467,-15.627111],[-47.331516,-15.626999],[-47.331573,-15.626978],[-47.331888,-15.626987],[-47.331961,-15.626962],[-47.331987,-15.626921],[-47.331968,-15.626866],[-47.331926,-15.62684],[-47.331258,-15.626636],[-47.331208,-15.626594],[-47.33106,-15.626314],[-47.331031,-15.626101],[-47.331051,-15.62608],[-47.331144,-15.626062],[-47.331196,-15.626034],[-47.331239,-15.625981],[-47.331256,-15.625916],[-47.33124,-15.625818],[-47.331238,-15.625815],[-47.330978,-15.625484],[-47.330966,-15.625435],[-47.330988,-15.62526],[-47.330956,-15.625165],[-47.330898,-15.625103],[-47.330716,-15.624997],[-47.330615,-15.624907],[-47.330543,-15.624819],[-47.330524,-15.624755],[-47.330534,-15.624698],[-47.330604,-15.624605],[-47.330601,-15.624423],[-47.330558,-15.624277],[-47.330452,-15.624102],[-47.33043,-15.62393],[-47.330402,-15.623906],[-47.330212,-15.623896],[-47.330123,-15.623824],[-47.330087,-15.62373],[-47.330095,-15.623481],[-47.330182,-15.623008],[-47.330229,-15.622926],[-47.330551,-15.622661],[-47.33081,-15.622575],[-47.330876,-15.622512],[-47.330903,-15.622426],[-47.330911,-15.622317],[-47.330896,-15.622208],[-47.330848,-15.622095],[-47.330485,-15.621495],[-47.330415,-15.621337],[-47.330385,-15.62123],[-47.330383,-15.621133],[-47.33047,-15.620964],[-47.330487,-15.620865],[-47.330464,-15.620819],[-47.330415,-15.620802],[-47.33036,-15.620807],[-47.330041,-15.620914],[-47.329959,-15.620925],[-47.329882,-15.620911],[-47.329786,-15.620866],[-47.329708,-15.620802],[-47.329676,-15.62072],[-47.329695,-15.620537],[-47.329739,-15.620489],[-47.329833,-15.620483],[-47.330183,-15.62053],[-47.330225,-15.620522],[-47.330228,-15.620479],[-47.3302,-15.620391],[-47.330151,-15.620286],[-47.330085,-15.620207],[-47.330015,-15.620166],[-47.329775,-15.620099],[-47.329717,-15.620094],[-47.329653,-15.620107],[-47.329506,-15.620186],[-47.329439,-15.620206],[-47.329371,-15.620215],[-47.328994,-15.620202],[-47.328837,-15.619969],[-47.328824,-15.619843],[-47.328854,-15.619692],[-47.328614,-15.619595],[-47.328528,-15.619495],[-47.328317,-15.619349],[-47.32827,-15.619288],[-47.328259,-15.619106],[-47.328272,-15.619009],[-47.328313,-15.618957],[-47.328385,-15.61896],[-47.32871,-15.61906],[-47.328747,-15.619044],[-47.328821,-15.618905],[-47.328851,-15.618765],[-47.328821,-15.618732],[-47.328371,-15.618746],[-47.32833,-15.61873],[-47.328289,-15.618519],[-47.328321,-15.618099],[-47.328367,-15.618066],[-47.328508,-15.618045],[-47.328575,-15.618002],[-47.328629,-15.617927],[-47.32865,-15.617849],[-47.328649,-15.617745],[-47.328618,-15.617635],[-47.328471,-15.617479],[-47.328463,-15.61732],[-47.328482,-15.617263],[-47.328607,-15.617135],[-47.328758,-15.617016],[-47.328986,-15.616897],[-47.329067,-15.616798],[-47.329081,-15.616711],[-47.329042,-15.616505],[-47.329002,-15.616398],[-47.328925,-15.616381],[-47.328872,-15.616339],[-47.328852,-15.616279],[-47.328855,-15.616146],[-47.328933,-15.61592],[-47.328935,-15.615796],[-47.328882,-15.615552],[-47.328601,-15.615463],[-47.328558,-15.615481],[-47.328528,-15.615723],[-47.3285,-15.615773],[-47.328448,-15.615799],[-47.328369,-15.615807],[-47.328311,-15.615791],[-47.328267,-15.615749],[-47.328245,-15.615682],[-47.328246,-15.615609],[-47.328298,-15.615342],[-47.328291,-15.615286],[-47.328241,-15.615205],[-47.328184,-15.615149],[-47.32815,-15.615144],[-47.328083,-15.615182],[-47.328061,-15.615174],[-47.328051,-15.615084],[-47.328068,-15.614941],[-47.328064,-15.614869],[-47.328033,-15.614806],[-47.327929,-15.614694],[-47.327874,-15.614589],[-47.327858,-15.614485],[-47.327893,-15.614384],[-47.328039,-15.61435],[-47.328092,-15.614275],[-47.32814,-15.613905],[-47.328133,-15.613852],[-47.32811,-15.613808],[-47.328005,-15.613716],[-47.327715,-15.61354],[-47.327681,-15.613487],[-47.327666,-15.613433],[-47.327672,-15.613386],[-47.327719,-15.613338],[-47.327773,-15.613309],[-47.327875,-15.613302],[-47.327931,-15.613319],[-47.328084,-15.613447],[-47.328209,-15.613502],[-47.328284,-15.613508],[-47.328357,-15.613489],[-47.328474,-15.613428],[-47.328509,-15.613388],[-47.328527,-15.613309],[-47.328515,-15.613279],[-47.328479,-15.613265],[-47.328339,-15.613257],[-47.328296,-15.613242],[-47.328273,-15.613212],[-47.328265,-15.613073],[-47.32823,-15.61303],[-47.328175,-15.613019],[-47.328,-15.613053],[-47.327957,-15.613039],[-47.327944,-15.612918],[-47.327964,-15.612737],[-47.32794,-15.612709],[-47.327909,-15.612711],[-47.32786,-15.612785],[-47.327715,-15.612908],[-47.327381,-15.612891],[-47.327345,-15.612871],[-47.327341,-15.61283],[-47.327393,-15.612582],[-47.327382,-15.612516],[-47.327279,-15.612403],[-47.327276,-15.611998],[-47.327254,-15.611959],[-47.327208,-15.611937],[-47.326882,-15.611863],[-47.326838,-15.611835],[-47.32684,-15.611801],[-47.326866,-15.611783],[-47.326972,-15.611752],[-47.326986,-15.611665],[-47.326927,-15.611458],[-47.326881,-15.611395],[-47.326686,-15.611239],[-47.326653,-15.611166],[-47.326652,-15.611016],[-47.326631,-15.610988],[-47.326588,-15.610987],[-47.326152,-15.61113],[-47.326087,-15.611113],[-47.326032,-15.611044],[-47.326027,-15.610948],[-47.326069,-15.610885],[-47.326245,-15.610824],[-47.326295,-15.610786],[-47.326326,-15.610735],[-47.326326,-15.610591],[-47.326284,-15.610441],[-47.32626,-15.610413],[-47.326033,-15.610341],[-47.325992,-15.610346],[-47.325926,-15.610423],[-47.325886,-15.610447],[-47.325693,-15.610481],[-47.325592,-15.610469],[-47.325537,-15.610451],[-47.325503,-15.610427],[-47.32547,-15.610306],[-47.325382,-15.610298],[-47.325327,-15.610272],[-47.325252,-15.610104],[-47.325215,-15.610073],[-47.325085,-15.61004],[-47.325053,-15.610014],[-47.325038,-15.609981],[-47.324963,-15.609383],[-47.325156,-15.609096],[-47.325162,-15.609046],[-47.325082,-15.608975],[-47.32508,-15.608841],[-47.32502,-15.608756],[-47.32488,-15.608671],[-47.32487,-15.608589],[-47.324889,-15.608466],[-47.324909,-15.608332],[-47.324846,-15.608187],[-47.324835,-15.608122],[-47.324856,-15.608056],[-47.324911,-15.607996],[-47.325039,-15.607959],[-47.325396,-15.607856],[-47.32541,-15.607829],[-47.325403,-15.607788],[-47.32537,-15.607746],[-47.325252,-15.607646],[-47.325171,-15.607578],[-47.325129,-15.607504],[-47.325093,-15.607339],[-47.324971,-15.607169],[-47.324874,-15.607001],[-47.324836,-15.606846],[-47.324845,-15.606647],[-47.324795,-15.606523],[-47.324724,-15.606446],[-47.324689,-15.606439],[-47.32428,-15.606521],[-47.324039,-15.606517],[-47.323999,-15.606496],[-47.323984,-15.606465],[-47.324,-15.606424],[-47.324132,-15.606267],[-47.324156,-15.606189],[-47.324146,-15.606129],[-47.324113,-15.606098],[-47.323899,-15.606071],[-47.323846,-15.606046],[-47.323847,-15.60599],[-47.32398,-15.605674],[-47.323981,-15.605611],[-47.323936,-15.605576],[-47.323511,-15.605476],[-47.323458,-15.605051],[-47.323579,-15.604914],[-47.323578,-15.604875],[-47.323399,-15.604711],[-47.323397,-15.604661],[-47.323441,-15.604563],[-47.323432,-15.604536],[-47.323278,-15.604532],[-47.323265,-15.604511],[-47.323426,-15.604367],[-47.323382,-15.604175],[-47.323613,-15.603918],[-47.323623,-15.603878],[-47.323608,-15.603832],[-47.323543,-15.603783],[-47.323488,-15.60376],[-47.323387,-15.603748],[-47.322974,-15.603764],[-47.322911,-15.603756],[-47.322876,-15.603721],[-47.322874,-15.603645],[-47.322897,-15.6035],[-47.322833,-15.603229],[-47.32283,-15.603078],[-47.322869,-15.60299],[-47.323122,-15.602708],[-47.32312,-15.602681],[-47.323045,-15.602604],[-47.323031,-15.602558],[-47.323132,-15.602178],[-47.323131,-15.602085],[-47.322973,-15.601536],[-47.322971,-15.601492],[-47.323001,-15.601449],[-47.323162,-15.601329],[-47.323419,-15.601216],[-47.323589,-15.601053],[-47.323593,-15.60101],[-47.323571,-15.600978],[-47.323534,-15.600975],[-47.323494,-15.601035],[-47.323455,-15.60104],[-47.323451,-15.600944],[-47.323375,-15.600931],[-47.32335,-15.600956],[-47.323364,-15.601061],[-47.323317,-15.601099],[-47.323197,-15.601084],[-47.323008,-15.601109],[-47.322941,-15.601083],[-47.322927,-15.600991],[-47.322939,-15.600918],[-47.322971,-15.600847],[-47.32303,-15.600769],[-47.323155,-15.600672],[-47.323197,-15.60059],[-47.323222,-15.600412],[-47.32319,-15.600393],[-47.323127,-15.600424],[-47.323067,-15.600431],[-47.322938,-15.600401],[-47.32292,-15.600374],[-47.322988,-15.599903],[-47.322981,-15.599787],[-47.322915,-15.599684],[-47.322811,-15.59963],[-47.322637,-15.599579],[-47.3225,-15.599439],[-47.322484,-15.599393],[-47.322492,-15.599345],[-47.32252,-15.599317],[-47.322616,-15.599299],[-47.322662,-15.599201],[-47.322666,-15.599146],[-47.322597,-15.599025],[-47.322602,-15.598952],[-47.322665,-15.598772],[-47.322652,-15.598712],[-47.322577,-15.598651],[-47.322565,-15.598561],[-47.322537,-15.598527],[-47.322323,-15.598508],[-47.322154,-15.598522],[-47.321831,-15.598712],[-47.321787,-15.598719],[-47.321764,-15.59869],[-47.321586,-15.598077],[-47.3215,-15.598085],[-47.321329,-15.598214],[-47.321305,-15.598304],[-47.321227,-15.598321],[-47.321183,-15.598305],[-47.321118,-15.598224],[-47.321101,-15.598114],[-47.321115,-15.597978],[-47.321055,-15.59793],[-47.320918,-15.597895],[-47.320839,-15.597895],[-47.320799,-15.597921],[-47.320628,-15.598085],[-47.320544,-15.598109],[-47.320372,-15.59808],[-47.320273,-15.598034],[-47.320084,-15.597868],[-47.320039,-15.597788],[-47.320064,-15.59777],[-47.320169,-15.597769],[-47.320229,-15.597754],[-47.320301,-15.597644],[-47.320309,-15.597603],[-47.320296,-15.597571],[-47.32023,-15.597506],[-47.320094,-15.597513],[-47.320031,-15.5975],[-47.319844,-15.597399],[-47.319773,-15.597381],[-47.319672,-15.597381],[-47.31964,-15.597395],[-47.319479,-15.597612],[-47.319254,-15.597688],[-47.319179,-15.597696],[-47.319123,-15.597682],[-47.319097,-15.59765],[-47.319112,-15.597484],[-47.319136,-15.597401],[-47.31912,-15.597343],[-47.319066,-15.597286],[-47.318995,-15.597251],[-47.318947,-15.597241],[-47.318587,-15.597261],[-47.318556,-15.597279],[-47.318397,-15.597537],[-47.318364,-15.597565],[-47.318319,-15.597571],[-47.318278,-15.597562],[-47.317958,-15.59721],[-47.317928,-15.597054],[-47.317898,-15.597007],[-47.317856,-15.596991],[-47.317812,-15.596999],[-47.317684,-15.59708],[-47.317573,-15.597086],[-47.317489,-15.597054],[-47.317462,-15.597005],[-47.31746,-15.596908],[-47.317397,-15.596893],[-47.317194,-15.596978],[-47.317079,-15.597149],[-47.317039,-15.597184],[-47.316984,-15.597196],[-47.316944,-15.597172],[-47.316857,-15.596992],[-47.316834,-15.596843],[-47.316821,-15.596811],[-47.316794,-15.596798],[-47.316756,-15.596807],[-47.316671,-15.596887],[-47.316184,-15.596932],[-47.316024,-15.596931],[-47.315954,-15.596997],[-47.315834,-15.597051],[-47.31579,-15.596974],[-47.315811,-15.596904],[-47.315799,-15.596829],[-47.31592,-15.596713],[-47.316101,-15.596461],[-47.316147,-15.596353],[-47.316186,-15.596078],[-47.316121,-15.595939],[-47.316094,-15.595823],[-47.31612,-15.595766],[-47.316187,-15.59571],[-47.316176,-15.59563],[-47.316281,-15.595588],[-47.316335,-15.595516],[-47.316349,-15.595381],[-47.31633,-15.595287],[-47.316297,-15.59526],[-47.31605,-15.595313],[-47.315879,-15.595293],[-47.315833,-15.595297],[-47.315704,-15.595249],[-47.315606,-15.595092],[-47.315564,-15.594918],[-47.315617,-15.594737],[-47.315668,-15.594646],[-47.316242,-15.59419],[-47.31668,-15.594209],[-47.316683,-15.593969],[-47.317134,-15.593742],[-47.317227,-15.593603],[-47.317255,-15.593511],[-47.317219,-15.593427],[-47.316894,-15.593588],[-47.31684,-15.593587],[-47.316791,-15.593502],[-47.316878,-15.593249],[-47.316805,-15.593076],[-47.316823,-15.592994],[-47.317117,-15.592753],[-47.317148,-15.592608],[-47.31712,-15.592504],[-47.317054,-15.592444],[-47.316968,-15.592435],[-47.316705,-15.592553],[-47.316621,-15.592443],[-47.316686,-15.592336],[-47.316767,-15.591985],[-47.316924,-15.591698],[-47.317107,-15.591538],[-47.317186,-15.591361],[-47.317182,-15.591248],[-47.316942,-15.590928],[-47.31695,-15.590828],[-47.317524,-15.590023],[-47.31792,-15.58928],[-47.318216,-15.588917],[-47.318507,-15.588691],[-47.319126,-15.588449],[-47.319498,-15.588078],[-47.319933,-15.587941],[-47.320063,-15.587735],[-47.320123,-15.587514],[-47.320488,-15.5873],[-47.320647,-15.587058],[-47.320743,-15.586633],[-47.320875,-15.586607],[-47.321115,-15.586967],[-47.321267,-15.587008],[-47.321455,-15.586857],[-47.321601,-15.586513],[-47.32172,-15.586468],[-47.322006,-15.586757],[-47.322333,-15.586636],[-47.322489,-15.586682],[-47.32261,-15.586784],[-47.322948,-15.586634],[-47.323441,-15.586488],[-47.32345,-15.586563],[-47.32338,-15.586672],[-47.323014,-15.586878],[-47.323028,-15.586923],[-47.32325,-15.587021],[-47.323445,-15.587185],[-47.323465,-15.587487],[-47.323508,-15.587546],[-47.323636,-15.587544],[-47.323798,-15.587356],[-47.323961,-15.587352],[-47.32409,-15.587567],[-47.324075,-15.587785],[-47.324172,-15.587879],[-47.324298,-15.587938],[-47.324702,-15.587962],[-47.324777,-15.58802],[-47.324718,-15.588135],[-47.324311,-15.588372],[-47.324207,-15.588608],[-47.324264,-15.588902],[-47.324339,-15.589018],[-47.32466,-15.589308],[-47.324742,-15.589311],[-47.324721,-15.588912],[-47.32487,-15.5888],[-47.324939,-15.588596],[-47.325012,-15.588562],[-47.325092,-15.588693],[-47.325042,-15.58898],[-47.325115,-15.589063],[-47.325192,-15.589047],[-47.325346,-15.588916],[-47.325514,-15.588862],[-47.325809,-15.588951],[-47.326126,-15.588754],[-47.326231,-15.588764],[-47.326487,-15.588888],[-47.326499,-15.588924],[-47.326316,-15.589148],[-47.326328,-15.589254],[-47.326597,-15.589274],[-47.32688,-15.589126],[-47.32732,-15.589124],[-47.327375,-15.589184],[-47.327345,-15.589295],[-47.327189,-15.589421],[-47.327182,-15.589505],[-47.327337,-15.589703],[-47.327493,-15.589728],[-47.327564,-15.589712],[-47.327788,-15.589485],[-47.327906,-15.589012],[-47.327976,-15.588932],[-47.328172,-15.588852],[-47.328481,-15.588523],[-47.328629,-15.588147],[-47.328665,-15.58769],[-47.328707,-15.587617],[-47.329166,-15.587234],[-47.32952,-15.58656],[-47.329805,-15.586406],[-47.330178,-15.586346],[-47.330678,-15.586472],[-47.330979,-15.586681],[-47.331595,-15.587326],[-47.331949,-15.587567],[-47.332371,-15.587653],[-47.332604,-15.587637],[-47.332955,-15.587498],[-47.333591,-15.587424],[-47.333834,-15.587471],[-47.334219,-15.58775],[-47.334323,-15.587784],[-47.334538,-15.587752],[-47.334812,-15.587558],[-47.335125,-15.587219],[-47.33558,-15.586633],[-47.3357,-15.586388],[-47.336284,-15.585833],[-47.336661,-15.585572],[-47.336911,-15.58549],[-47.337906,-15.585405],[-47.338644,-15.584851],[-47.339075,-15.584693],[-47.339842,-15.584061],[-47.340208,-15.583863],[-47.34076,-15.583874],[-47.341453,-15.583514],[-47.341883,-15.583363],[-47.342152,-15.582982],[-47.34238,-15.582788],[-47.342659,-15.58264],[-47.343432,-15.581838],[-47.343558,-15.581423],[-47.343566,-15.581396],[-47.344865,-15.581086],[-47.345313,-15.580773],[-47.346743,-15.579557],[-47.346965,-15.579431],[-47.347408,-15.579306],[-47.347734,-15.579318],[-47.34851,-15.57963],[-47.348912,-15.579607],[-47.349132,-15.579634],[-47.349281,-15.579706],[-47.349466,-15.579997],[-47.349583,-15.580584],[-47.349709,-15.580741],[-47.350296,-15.580404],[-47.350543,-15.580442],[-47.350886,-15.580577],[-47.351597,-15.580452],[-47.352671,-15.580012],[-47.353163,-15.57955],[-47.353389,-15.579416],[-47.353669,-15.579372],[-47.353817,-15.579397],[-47.354196,-15.579731],[-47.354412,-15.579761],[-47.354507,-15.579712],[-47.354966,-15.579134],[-47.355053,-15.57913],[-47.355403,-15.57927],[-47.356137,-15.57982],[-47.356259,-15.579815],[-47.356711,-15.579649],[-47.356954,-15.579694],[-47.357318,-15.58034],[-47.35782,-15.580489],[-47.358167,-15.580331],[-47.35838,-15.58041],[-47.35887,-15.580216],[-47.359301,-15.580366],[-47.359413,-15.580296],[-47.359476,-15.580125],[-47.359343,-15.57976],[-47.359481,-15.579608],[-47.359735,-15.579649],[-47.360026,-15.57991],[-47.360549,-15.579963],[-47.360779,-15.580141],[-47.361037,-15.580109],[-47.361361,-15.580238],[-47.361489,-15.580222],[-47.361545,-15.58017],[-47.361492,-15.579785],[-47.361754,-15.579789],[-47.361889,-15.579702],[-47.361849,-15.579594],[-47.361528,-15.579336],[-47.361451,-15.579179],[-47.36156,-15.578774],[-47.361556,-15.578431],[-47.361821,-15.578062],[-47.361993,-15.577932],[-47.362103,-15.577905],[-47.362393,-15.578052],[-47.362733,-15.577968],[-47.362901,-15.578054],[-47.363083,-15.578082],[-47.363612,-15.577969],[-47.363707,-15.57799],[-47.363845,-15.578099],[-47.363999,-15.578296],[-47.36409,-15.578313],[-47.364146,-15.578261],[-47.364149,-15.578129],[-47.364302,-15.577987],[-47.364301,-15.577932],[-47.364133,-15.577721],[-47.364135,-15.57767],[-47.364177,-15.577666],[-47.364304,-15.577745],[-47.364658,-15.578355],[-47.364922,-15.578565],[-47.365158,-15.578595],[-47.365289,-15.578494],[-47.365135,-15.578239],[-47.365172,-15.57821],[-47.365546,-15.578062],[-47.365841,-15.57807],[-47.366124,-15.578232],[-47.366309,-15.578568],[-47.366636,-15.578554],[-47.366773,-15.578636],[-47.367175,-15.579062],[-47.36737,-15.579196],[-47.367598,-15.579267],[-47.368061,-15.579222],[-47.368303,-15.579267],[-47.368564,-15.579216],[-47.368808,-15.578989],[-47.369187,-15.579026],[-47.369372,-15.578965],[-47.369946,-15.578158],[-47.370148,-15.578171],[-47.370362,-15.578308],[-47.370611,-15.578276],[-47.371012,-15.577856],[-47.371211,-15.577726],[-47.371491,-15.577752],[-47.371774,-15.57791],[-47.371994,-15.57797],[-47.372164,-15.577892],[-47.372428,-15.577397],[-47.372517,-15.577315],[-47.372715,-15.577331],[-47.373066,-15.577512],[-47.373362,-15.577563],[-47.373536,-15.577535],[-47.373875,-15.577367],[-47.374343,-15.577244],[-47.37451,-15.577238],[-47.37492,-15.577344],[-47.375157,-15.577125],[-47.375554,-15.576982],[-47.375668,-15.576852],[-47.376517,-15.576668],[-47.376907,-15.576404],[-47.377159,-15.576335],[-47.377469,-15.576065],[-47.377887,-15.575976],[-47.377981,-15.575872],[-47.378084,-15.575655],[-47.378278,-15.575426],[-47.378157,-15.575138],[-47.378255,-15.574845],[-47.378174,-15.57433],[-47.378279,-15.574255],[-47.378687,-15.574284],[-47.37885,-15.574231],[-47.378946,-15.574164],[-47.37897,-15.573897],[-47.37919,-15.573733],[-47.379268,-15.573619],[-47.379376,-15.573141],[-47.379357,-15.572724],[-47.379274,-15.572418],[-47.37957,-15.571931],[-47.379447,-15.571099],[-47.379692,-15.570313],[-47.379635,-15.569962],[-47.379325,-15.569303],[-47.379331,-15.569179],[-47.379473,-15.569082],[-47.379901,-15.568917],[-47.380011,-15.568948],[-47.380268,-15.569263],[-47.380385,-15.569259],[-47.380437,-15.569119],[-47.380422,-15.56886],[-47.380526,-15.568686],[-47.38055,-15.568511],[-47.380391,-15.567502],[-47.380552,-15.56697],[-47.380618,-15.5669],[-47.381055,-15.566851],[-47.381422,-15.566606],[-47.381665,-15.566588],[-47.381778,-15.566634],[-47.382011,-15.566881],[-47.382144,-15.566953],[-47.382529,-15.566985],[-47.383029,-15.567111],[-47.383648,-15.56706],[-47.383875,-15.567138],[-47.384439,-15.567528],[-47.384589,-15.567573],[-47.384751,-15.567462],[-47.384859,-15.5673],[-47.384932,-15.567065],[-47.384986,-15.566512],[-47.385181,-15.566437],[-47.3854,-15.566434],[-47.385454,-15.566503],[-47.385441,-15.566627],[-47.38555,-15.5667],[-47.385905,-15.566688],[-47.386119,-15.566873],[-47.386282,-15.566933],[-47.38694,-15.567025],[-47.387608,-15.567333],[-47.388452,-15.567474],[-47.388721,-15.567562],[-47.388875,-15.567521],[-47.389117,-15.567243],[-47.38939,-15.567294],[-47.389766,-15.567188],[-47.389855,-15.567114],[-47.389903,-15.566993],[-47.390113,-15.566837],[-47.390053,-15.566581],[-47.389942,-15.566429],[-47.389949,-15.566344],[-47.390339,-15.565524],[-47.39029,-15.565163],[-47.390329,-15.56495],[-47.390377,-15.564876],[-47.390438,-15.564868],[-47.390624,-15.565027],[-47.390775,-15.564978],[-47.390908,-15.564746],[-47.390896,-15.564355],[-47.390933,-15.564328],[-47.391199,-15.564472],[-47.39126,-15.564486],[-47.391316,-15.564434],[-47.391344,-15.564236],[-47.391103,-15.563946],[-47.391237,-15.563417],[-47.39141,-15.563093],[-47.391446,-15.562636],[-47.391498,-15.562598],[-47.391635,-15.562611],[-47.392071,-15.562831],[-47.392436,-15.562691],[-47.392644,-15.5624],[-47.39276,-15.56231],[-47.393189,-15.562218],[-47.393244,-15.562049],[-47.393178,-15.561574],[-47.393222,-15.561464],[-47.393393,-15.561539],[-47.393456,-15.561395],[-47.393467,-15.56108],[-47.393504,-15.561036],[-47.393818,-15.561065],[-47.39389,-15.561057],[-47.393953,-15.560987],[-47.393914,-15.560904],[-47.393648,-15.560756],[-47.393616,-15.56061],[-47.393818,-15.560418],[-47.393825,-15.560355],[-47.393604,-15.560197],[-47.393614,-15.560109],[-47.393779,-15.559928],[-47.393856,-15.559729],[-47.394027,-15.559515],[-47.394118,-15.559309],[-47.394127,-15.559112],[-47.394048,-15.558827],[-47.393915,-15.55863],[-47.393882,-15.558499],[-47.393926,-15.558357],[-47.394183,-15.558072],[-47.394311,-15.557968],[-47.394386,-15.55796],[-47.394636,-15.5581],[-47.394915,-15.558009],[-47.395338,-15.557982],[-47.395493,-15.55805],[-47.395665,-15.558224],[-47.395855,-15.55862],[-47.396137,-15.558621],[-47.396471,-15.558431],[-47.396781,-15.558124],[-47.397178,-15.557815],[-47.398376,-15.557595],[-47.398504,-15.557523],[-47.398757,-15.557246],[-47.399295,-15.557403],[-47.399467,-15.557249],[-47.399751,-15.55632],[-47.399735,-15.556222],[-47.399284,-15.556072],[-47.399091,-15.555764],[-47.399073,-15.555493],[-47.399181,-15.554797],[-47.398933,-15.55455],[-47.398749,-15.554201],[-47.398724,-15.55408],[-47.39892,-15.553746],[-47.398919,-15.553643],[-47.398617,-15.553266],[-47.398626,-15.553119],[-47.398788,-15.552773],[-47.398911,-15.552281],[-47.399118,-15.551862],[-47.399045,-15.551453],[-47.399319,-15.550956],[-47.399316,-15.550751],[-47.399367,-15.550641],[-47.399473,-15.550617],[-47.399774,-15.550808],[-47.399828,-15.550961],[-47.399832,-15.551313],[-47.399881,-15.55136],[-47.400526,-15.55158],[-47.400662,-15.551571],[-47.40095,-15.551359],[-47.401146,-15.551054],[-47.401586,-15.550818],[-47.401707,-15.550564],[-47.401823,-15.550446],[-47.402142,-15.550336],[-47.402355,-15.549806],[-47.402493,-15.549323],[-47.402507,-15.549183],[-47.402365,-15.548709],[-47.402443,-15.54791],[-47.402521,-15.547829],[-47.404086,-15.547296],[-47.404844,-15.546943],[-47.405848,-15.546969],[-47.406283,-15.546937],[-47.406978,-15.547056],[-47.40735,-15.547227],[-47.407682,-15.547509],[-47.408327,-15.548181],[-47.409087,-15.548299],[-47.409511,-15.548313],[-47.409818,-15.548163],[-47.410507,-15.547676],[-47.410873,-15.547357],[-47.411016,-15.547275],[-47.411174,-15.547262],[-47.411766,-15.547541],[-47.412476,-15.547522],[-47.414025,-15.548545],[-47.414223,-15.54847],[-47.414481,-15.548218],[-47.415428,-15.546857],[-47.415584,-15.546687],[-47.415824,-15.546534],[-47.415945,-15.546491],[-47.416231,-15.546471],[-47.416413,-15.546482],[-47.416715,-15.546553],[-47.417018,-15.546587],[-47.417199,-15.546589],[-47.417342,-15.546549],[-47.417485,-15.546509],[-47.417658,-15.54639],[-47.417729,-15.546317],[-47.417598,-15.530879],[-47.417338,-15.500257],[-47.492748,-15.501921],[-47.496034,-15.501926],[-47.511793,-15.501947],[-47.520817,-15.501978],[-47.524955,-15.501992],[-47.53248,-15.502018],[-47.563251,-15.50206],[-47.576582,-15.502078],[-47.579102,-15.502081],[-47.588019,-15.502084],[-47.588712,-15.502084],[-47.59503,-15.502086],[-47.607784,-15.50209],[-47.611686,-15.502092],[-47.614393,-15.502092],[-47.616853,-15.502093],[-47.660595,-15.502107],[-47.661766,-15.502107],[-47.688408,-15.502116],[-47.770476,-15.502142],[-47.770166,-15.507185],[-47.770298,-15.507346],[-47.770321,-15.507499],[-47.770304,-15.507942],[-47.770201,-15.508557],[-47.770226,-15.508774],[-47.770447,-15.509006],[-47.770848,-15.509145],[-47.771096,-15.509151],[-47.771296,-15.509049],[-47.771347,-15.508976],[-47.77137,-15.508741],[-47.771045,-15.508556],[-47.770968,-15.508331],[-47.771052,-15.508176],[-47.771343,-15.508308],[-47.771492,-15.508455],[-47.771605,-15.508567],[-47.771785,-15.509025],[-47.771754,-15.509567],[-47.771653,-15.509767],[-47.771243,-15.50989],[-47.771059,-15.510064],[-47.771005,-15.510281],[-47.771028,-15.510353],[-47.771238,-15.510567],[-47.771455,-15.510655],[-47.772217,-15.510835],[-47.772391,-15.510959],[-47.772494,-15.511116],[-47.772532,-15.511174],[-47.772549,-15.5114],[-47.772416,-15.512215],[-47.772202,-15.512515],[-47.771704,-15.513045],[-47.771455,-15.513617],[-47.77133,-15.513809],[-47.771136,-15.513929],[-47.771107,-15.514091],[-47.771203,-15.514226],[-47.771388,-15.514314],[-47.771683,-15.514373],[-47.771832,-15.514383],[-47.772393,-15.514418],[-47.772811,-15.51454],[-47.773052,-15.514672],[-47.773189,-15.514652],[-47.773185,-15.514553],[-47.77298,-15.51395],[-47.773587,-15.514431],[-47.774065,-15.514686],[-47.774134,-15.514902],[-47.773911,-15.514887],[-47.773688,-15.514781],[-47.773472,-15.514802],[-47.773049,-15.514988],[-47.772413,-15.515005],[-47.772027,-15.51492],[-47.771856,-15.514741],[-47.77175,-15.514896],[-47.771764,-15.515104],[-47.77194,-15.515237],[-47.772298,-15.515359],[-47.772348,-15.515449],[-47.772349,-15.515683],[-47.772227,-15.515911],[-47.77202,-15.516031],[-47.771786,-15.516052],[-47.77106,-15.515889],[-47.77092,-15.515738],[-47.770977,-15.515412],[-47.770555,-15.515941],[-47.770456,-15.515978],[-47.770388,-15.516151],[-47.770614,-15.516229],[-47.770752,-15.51639],[-47.770748,-15.516435],[-47.770638,-15.516635],[-47.770363,-15.516892],[-47.769808,-15.517233],[-47.769319,-15.517383],[-47.769087,-15.517377],[-47.768731,-15.517183],[-47.768491,-15.517195],[-47.768452,-15.517268],[-47.768486,-15.517547],[-47.768145,-15.518085],[-47.768068,-15.518302],[-47.768091,-15.518916],[-47.767979,-15.519044],[-47.767635,-15.51912],[-47.766959,-15.519066],[-47.766851,-15.519239],[-47.766985,-15.519391],[-47.767148,-15.519407],[-47.76744,-15.519349],[-47.76755,-15.51942],[-47.767661,-15.519662],[-47.767372,-15.519837],[-47.76743,-15.520207],[-47.767561,-15.520395],[-47.767702,-15.520501],[-47.768113,-15.52065],[-47.768032,-15.520804],[-47.767807,-15.520862],[-47.767651,-15.520836],[-47.767085,-15.520654],[-47.766488,-15.520553],[-47.766009,-15.520378],[-47.765772,-15.520372],[-47.765642,-15.520482],[-47.765666,-15.520843],[-47.766044,-15.521462],[-47.766035,-15.521769],[-47.765839,-15.521771],[-47.765713,-15.521601],[-47.76571,-15.521457],[-47.76563,-15.521241],[-47.765099,-15.520561],[-47.764843,-15.519887],[-47.764624,-15.519592],[-47.764419,-15.519486],[-47.764162,-15.519597],[-47.764124,-15.519652],[-47.764021,-15.520259],[-47.763767,-15.520235],[-47.76356,-15.52002],[-47.763357,-15.519924],[-47.762809,-15.519867],[-47.762438,-15.519881],[-47.762552,-15.520304],[-47.762502,-15.520485],[-47.761848,-15.520051],[-47.761785,-15.520241],[-47.762118,-15.520572],[-47.762217,-15.520787],[-47.762131,-15.520996],[-47.762013,-15.520799],[-47.761984,-15.520636],[-47.76183,-15.520467],[-47.761589,-15.52047],[-47.761465,-15.520643],[-47.76146,-15.52086],[-47.761628,-15.521327],[-47.761641,-15.522962],[-47.761877,-15.523239],[-47.762065,-15.523571],[-47.762296,-15.523541],[-47.762401,-15.52363],[-47.762073,-15.524149],[-47.762025,-15.524375],[-47.762206,-15.524481],[-47.762235,-15.524661],[-47.762467,-15.524676],[-47.762564,-15.524766],[-47.762907,-15.524626],[-47.762981,-15.524426],[-47.762857,-15.524365],[-47.762812,-15.524058],[-47.762922,-15.523867],[-47.763058,-15.523901],[-47.763525,-15.524257],[-47.763716,-15.524715],[-47.763874,-15.524885],[-47.764171,-15.525098],[-47.764229,-15.525205],[-47.764172,-15.525459],[-47.764088,-15.525496],[-47.763717,-15.525465],[-47.763679,-15.525574],[-47.763694,-15.525682],[-47.764007,-15.525994],[-47.764069,-15.526192],[-47.76381,-15.526439],[-47.764091,-15.526742],[-47.764015,-15.526893],[-47.763821,-15.527279],[-47.763728,-15.527885],[-47.76365,-15.528103],[-47.763482,-15.528256],[-47.763276,-15.528442],[-47.762935,-15.528572],[-47.76256,-15.528532],[-47.761979,-15.528377],[-47.761834,-15.528315],[-47.761671,-15.528173],[-47.761677,-15.528046],[-47.761965,-15.527492],[-47.761948,-15.527257],[-47.761333,-15.527346],[-47.760742,-15.527588],[-47.760627,-15.527481],[-47.760536,-15.527049],[-47.760395,-15.526879],[-47.760189,-15.527008],[-47.760181,-15.527108],[-47.760368,-15.527466],[-47.760415,-15.527674],[-47.760224,-15.528453],[-47.760041,-15.528464],[-47.759874,-15.527997],[-47.759823,-15.527618],[-47.759719,-15.52743],[-47.759623,-15.527413],[-47.759399,-15.527533],[-47.759355,-15.527606],[-47.759355,-15.527831],[-47.75941,-15.527966],[-47.75987,-15.528493],[-47.759974,-15.528682],[-47.75973,-15.528911],[-47.759664,-15.529029],[-47.759526,-15.529744],[-47.759292,-15.53028],[-47.759008,-15.530708],[-47.758811,-15.530819],[-47.758692,-15.530811],[-47.75848,-15.530696],[-47.758368,-15.530427],[-47.757863,-15.530388],[-47.757754,-15.530236],[-47.757582,-15.529678],[-47.757384,-15.529364],[-47.757369,-15.529175],[-47.757529,-15.528848],[-47.757536,-15.528667],[-47.757421,-15.528551],[-47.756918,-15.528494],[-47.756551,-15.528336],[-47.7564,-15.528528],[-47.756199,-15.528991],[-47.755955,-15.529256],[-47.755597,-15.529378],[-47.755371,-15.529417],[-47.755315,-15.52939],[-47.755376,-15.529028],[-47.755628,-15.528763],[-47.755488,-15.528602],[-47.755276,-15.528578],[-47.755129,-15.528751],[-47.754954,-15.529214],[-47.754758,-15.529533],[-47.75447,-15.529563],[-47.754398,-15.529338],[-47.75425,-15.529358],[-47.753773,-15.529617],[-47.753991,-15.529985],[-47.753929,-15.530031],[-47.753619,-15.530007],[-47.753681,-15.530187],[-47.754268,-15.53083],[-47.754439,-15.531162],[-47.75451,-15.531405],[-47.754322,-15.53157],[-47.754132,-15.531844],[-47.753817,-15.531784],[-47.753767,-15.531911],[-47.754036,-15.532098],[-47.754142,-15.532277],[-47.753777,-15.532372],[-47.753544,-15.532357],[-47.753457,-15.53243],[-47.753587,-15.532537],[-47.753668,-15.532698],[-47.753452,-15.532638],[-47.753267,-15.532694],[-47.75312,-15.53248],[-47.753154,-15.532253],[-47.752986,-15.532346],[-47.752948,-15.53296],[-47.753066,-15.532977],[-47.75329,-15.532929],[-47.75332,-15.532992],[-47.753164,-15.533156],[-47.753246,-15.533363],[-47.753197,-15.533481],[-47.752987,-15.533466],[-47.752862,-15.533395],[-47.752598,-15.533335],[-47.752366,-15.533365],[-47.752319,-15.533501],[-47.752376,-15.533645],[-47.752349,-15.533808],[-47.752134,-15.533865],[-47.751978,-15.534011],[-47.752085,-15.5341],[-47.752317,-15.534115],[-47.752231,-15.534279],[-47.752034,-15.534399],[-47.751868,-15.534807],[-47.751415,-15.534894],[-47.751249,-15.535077],[-47.751234,-15.535303],[-47.751435,-15.535607],[-47.751393,-15.535852],[-47.751153,-15.535882],[-47.750867,-15.53584],[-47.750837,-15.535904],[-47.750905,-15.536156],[-47.751034,-15.536308],[-47.751279,-15.536269],[-47.751402,-15.536303],[-47.751595,-15.536518],[-47.751567,-15.536708],[-47.751383,-15.53699],[-47.751215,-15.537471],[-47.751087,-15.537644],[-47.750991,-15.537609],[-47.750759,-15.537684],[-47.750461,-15.53795],[-47.750424,-15.538167],[-47.750698,-15.538417],[-47.750815,-15.538587],[-47.750805,-15.538641],[-47.750629,-15.538806],[-47.750505,-15.538834],[-47.750259,-15.538603],[-47.750009,-15.538813],[-47.749954,-15.539013],[-47.749989,-15.539166],[-47.750087,-15.539291],[-47.750214,-15.539597],[-47.750367,-15.539712],[-47.750591,-15.539773],[-47.7512,-15.53972],[-47.751412,-15.539817],[-47.751546,-15.539995],[-47.751608,-15.540537],[-47.751851,-15.540534],[-47.751901,-15.540614],[-47.751937,-15.540867],[-47.752148,-15.541117],[-47.751848,-15.541374],[-47.751776,-15.541636],[-47.751934,-15.542185],[-47.752029,-15.542744],[-47.752146,-15.542781],[-47.752309,-15.542707],[-47.752338,-15.542506],[-47.752581,-15.542457],[-47.752766,-15.542356],[-47.752912,-15.542182],[-47.752983,-15.542181],[-47.75311,-15.542369],[-47.7531,-15.542568],[-47.75319,-15.542748],[-47.753703,-15.542814],[-47.753646,-15.543221],[-47.753679,-15.543446],[-47.753818,-15.54376],[-47.754015,-15.543857],[-47.754679,-15.543714],[-47.754902,-15.543801],[-47.755076,-15.543943],[-47.755482,-15.544444],[-47.755716,-15.544622],[-47.755764,-15.54482],[-47.755663,-15.545011],[-47.755814,-15.545596],[-47.755773,-15.545994],[-47.755816,-15.546048],[-47.756281,-15.546214],[-47.756407,-15.54632],[-47.756654,-15.546877],[-47.756691,-15.547093],[-47.756455,-15.547494],[-47.756467,-15.54771],[-47.756709,-15.548421],[-47.756735,-15.548637],[-47.756604,-15.549145],[-47.756361,-15.549536],[-47.756169,-15.549674],[-47.755654,-15.549554],[-47.755409,-15.549566],[-47.754818,-15.550459],[-47.754649,-15.550912],[-47.754689,-15.551147],[-47.754837,-15.551307],[-47.755265,-15.551537],[-47.755425,-15.55167],[-47.755403,-15.551923],[-47.755241,-15.552314],[-47.755193,-15.552567],[-47.755266,-15.552738],[-47.755677,-15.552895],[-47.75579,-15.553075],[-47.755893,-15.553913],[-47.755972,-15.554247],[-47.756074,-15.554444],[-47.756144,-15.554497],[-47.756358,-15.554531],[-47.756869,-15.554515],[-47.757194,-15.554611],[-47.757705,-15.55483],[-47.758559,-15.555379],[-47.759115,-15.555598],[-47.75927,-15.555768],[-47.75933,-15.555993],[-47.759324,-15.556743],[-47.759388,-15.556931],[-47.759484,-15.55703],[-47.759683,-15.557126],[-47.760616,-15.557368],[-47.760819,-15.557473],[-47.760987,-15.557616],[-47.76132,-15.558144],[-47.761475,-15.558305],[-47.761677,-15.558384],[-47.762155,-15.558441],[-47.762534,-15.558545],[-47.763426,-15.559139],[-47.76367,-15.559208],[-47.763886,-15.559196],[-47.763993,-15.55905],[-47.76393,-15.558645],[-47.763997,-15.558328],[-47.764122,-15.5582],[-47.764343,-15.558107],[-47.7646,-15.558076],[-47.764852,-15.558109],[-47.76565,-15.558515],[-47.765802,-15.558557],[-47.766204,-15.55867],[-47.766362,-15.558795],[-47.766404,-15.558912],[-47.766395,-15.559147],[-47.766138,-15.559629],[-47.766331,-15.560141],[-47.766479,-15.560302],[-47.766661,-15.560399],[-47.767126,-15.560564],[-47.767292,-15.560689],[-47.767355,-15.560833],[-47.767355,-15.561311],[-47.76728,-15.561872],[-47.76712,-15.562208],[-47.766816,-15.562618],[-47.766786,-15.562808],[-47.767057,-15.563085],[-47.767186,-15.563282],[-47.767177,-15.563445],[-47.767027,-15.563636],[-47.766568,-15.563724],[-47.766508,-15.563778],[-47.76643,-15.563996],[-47.766695,-15.564499],[-47.766631,-15.56477],[-47.766491,-15.564917],[-47.76628,-15.565028],[-47.765929,-15.565159],[-47.765696,-15.565198],[-47.765474,-15.565173],[-47.765021,-15.56489],[-47.764775,-15.564821],[-47.764564,-15.564878],[-47.76418,-15.565244],[-47.764069,-15.565453],[-47.764014,-15.56567],[-47.763997,-15.566149],[-47.76382,-15.566567],[-47.763583,-15.566832],[-47.763182,-15.567081],[-47.762837,-15.56722],[-47.762603,-15.567458],[-47.762552,-15.567685],[-47.762564,-15.568299],[-47.762429,-15.568969],[-47.762449,-15.56942],[-47.762628,-15.569806],[-47.763165,-15.570414],[-47.763414,-15.570808],[-47.763536,-15.571249],[-47.763476,-15.571448],[-47.763393,-15.571531],[-47.762785,-15.571782],[-47.762623,-15.571947],[-47.762541,-15.572255],[-47.762474,-15.572301],[-47.762138,-15.572359],[-47.761585,-15.572285],[-47.761465,-15.572584],[-47.761223,-15.572922],[-47.761036,-15.573051],[-47.760712,-15.573091],[-47.760345,-15.573267],[-47.760165,-15.573405],[-47.760116,-15.573532],[-47.760176,-15.573847],[-47.760588,-15.57433],[-47.760649,-15.574871],[-47.760583,-15.575504],[-47.760443,-15.57612],[-47.760402,-15.576752],[-47.760267,-15.577368],[-47.760258,-15.578001],[-47.760464,-15.57835],[-47.760833,-15.57924],[-47.760954,-15.579428],[-47.761032,-15.579463],[-47.761964,-15.579569],[-47.762236,-15.579701],[-47.76286,-15.579783],[-47.76378,-15.580106],[-47.764368,-15.580379],[-47.76493,-15.580859],[-47.765068,-15.581038],[-47.765275,-15.581632],[-47.765653,-15.582259],[-47.766011,-15.583185],[-47.766058,-15.583536],[-47.766049,-15.584945],[-47.765854,-15.585544],[-47.76593,-15.585859],[-47.766521,-15.586294],[-47.766839,-15.586742],[-47.767867,-15.587264],[-47.774831,-15.600263],[-47.751445,-15.631272],[-47.74262,-15.672367],[-47.74199,-15.675303],[-47.742197,-15.67531],[-47.742551,-15.675486],[-47.74279,-15.675709],[-47.742883,-15.675861],[-47.743071,-15.67594],[-47.743616,-15.675825],[-47.743829,-15.67584],[-47.744194,-15.676188],[-47.744711,-15.676488],[-47.745242,-15.677177],[-47.74575,-15.678264],[-47.746254,-15.678953],[-47.746345,-15.679159],[-47.746574,-15.680159],[-47.746681,-15.681395],[-47.746712,-15.682876],[-47.746905,-15.684174],[-47.746883,-15.68431],[-47.746649,-15.684674],[-47.746386,-15.686267],[-47.746314,-15.686358],[-47.745928,-15.686462],[-47.745574,-15.686647],[-47.74488,-15.687171],[-47.744675,-15.687273],[-47.744306,-15.687314],[-47.743603,-15.687584],[-47.743594,-15.687747],[-47.74347,-15.68792],[-47.743355,-15.687994],[-47.742936,-15.688207],[-47.742473,-15.688294],[-47.742252,-15.688558],[-47.742247,-15.68873],[-47.741378,-15.689066],[-47.741178,-15.689186],[-47.740403,-15.690415],[-47.740175,-15.690861],[-47.739938,-15.691144],[-47.739242,-15.691757],[-47.739111,-15.691732],[-47.738856,-15.691807],[-47.738203,-15.692511],[-47.73664,-15.693669],[-47.735656,-15.694638],[-47.73543,-15.69493],[-47.734985,-15.695658],[-47.734713,-15.695896],[-47.733644,-15.696651],[-47.73254,-15.697748],[-47.732112,-15.697844],[-47.731701,-15.697849],[-47.731359,-15.697989],[-47.731387,-15.698196],[-47.731347,-15.698395],[-47.731254,-15.69846],[-47.73021,-15.6984],[-47.729251,-15.69839],[-47.728432,-15.698382],[-47.728249,-15.69838],[-47.72788,-15.69833],[-47.727597,-15.698266],[-47.727041,-15.69814],[-47.726198,-15.697949],[-47.725915,-15.697885],[-47.724892,-15.697498],[-47.724622,-15.697396],[-47.724036,-15.697234],[-47.723682,-15.697136],[-47.722791,-15.697031],[-47.722511,-15.696997],[-47.72208,-15.69699],[-47.721252,-15.696977],[-47.720888,-15.697009],[-47.720195,-15.697279],[-47.719925,-15.697475],[-47.719878,-15.697509],[-47.71975,-15.697555],[-47.719695,-15.697567],[-47.719305,-15.697648],[-47.718915,-15.697729],[-47.718703,-15.697713],[-47.71862,-15.697674],[-47.718499,-15.697616],[-47.717979,-15.697602],[-47.717819,-15.697598],[-47.717593,-15.697546],[-47.717221,-15.697363],[-47.717093,-15.6973],[-47.717015,-15.697219],[-47.716828,-15.697211],[-47.71671,-15.697205],[-47.71658,-15.697243],[-47.716236,-15.697464],[-47.716203,-15.697582],[-47.716288,-15.697662],[-47.716257,-15.697879],[-47.715892,-15.6981],[-47.715665,-15.698347],[-47.715107,-15.698345],[-47.714927,-15.698392],[-47.714269,-15.698726],[-47.713737,-15.698895],[-47.71318,-15.698947],[-47.713107,-15.698984],[-47.712682,-15.699197],[-47.711256,-15.699612],[-47.710424,-15.700011],[-47.709359,-15.70034],[-47.709176,-15.700306],[-47.708495,-15.700007],[-47.708127,-15.699967],[-47.707756,-15.699999],[-47.707024,-15.700143],[-47.706467,-15.700186],[-47.705908,-15.700175],[-47.705166,-15.700094],[-47.704438,-15.700238],[-47.70351,-15.700196],[-47.702967,-15.700067],[-47.702462,-15.699733],[-47.702389,-15.699674],[-47.702321,-15.699642],[-47.7018,-15.699386],[-47.70163,-15.699307],[-47.701265,-15.699239],[-47.699027,-15.699249],[-47.69847,-15.699301],[-47.697741,-15.699445],[-47.697183,-15.699452],[-47.696999,-15.699481],[-47.696654,-15.699621],[-47.69587,-15.700389],[-47.695023,-15.700761],[-47.694666,-15.700874],[-47.694513,-15.700975],[-47.694331,-15.701014],[-47.693667,-15.701338],[-47.693108,-15.701345],[-47.69295,-15.701247],[-47.69277,-15.701205],[-47.692661,-15.70135],[-47.69262,-15.701532],[-47.692648,-15.701883],[-47.692276,-15.70187],[-47.691934,-15.70173],[-47.691762,-15.701795],[-47.691347,-15.702107],[-47.690674,-15.702395],[-47.690458,-15.70257],[-47.690115,-15.702953],[-47.68988,-15.703092],[-47.688809,-15.703213],[-47.688466,-15.70329],[-47.688006,-15.703214],[-47.687399,-15.703312],[-47.686736,-15.703257],[-47.686584,-15.70334],[-47.686347,-15.703253],[-47.686113,-15.703255],[-47.685381,-15.7034],[-47.685042,-15.703567],[-47.684929,-15.703593],[-47.684374,-15.70372],[-47.683885,-15.703933],[-47.683527,-15.704371],[-47.683421,-15.704436],[-47.682938,-15.70436],[-47.682384,-15.704566],[-47.682038,-15.70457],[-47.681933,-15.704924],[-47.681748,-15.70508],[-47.681115,-15.705105],[-47.680539,-15.705284],[-47.680465,-15.705375],[-47.679913,-15.705418],[-47.679749,-15.705574],[-47.679659,-15.705828],[-47.679505,-15.706001],[-47.67938,-15.706057],[-47.679138,-15.70606],[-47.678691,-15.7064],[-47.678428,-15.706872],[-47.678002,-15.707284],[-47.677761,-15.707296],[-47.677228,-15.707086],[-47.676921,-15.707099],[-47.67669,-15.707056],[-47.676302,-15.707088],[-47.675738,-15.707014],[-47.675561,-15.707094],[-47.675382,-15.707389],[-47.674887,-15.7079],[-47.674818,-15.708118],[-47.674784,-15.70885],[-47.674646,-15.70924],[-47.67459,-15.709756],[-47.674439,-15.709911],[-47.674189,-15.70976],[-47.674135,-15.709626],[-47.674194,-15.708939],[-47.673545,-15.70929],[-47.673297,-15.709482],[-47.673198,-15.7098],[-47.673378,-15.710204],[-47.673369,-15.71043],[-47.673293,-15.710521],[-47.673014,-15.710534],[-47.672886,-15.710598],[-47.672958,-15.710733],[-47.673814,-15.71103],[-47.674136,-15.711215],[-47.674305,-15.711367],[-47.67483,-15.712327],[-47.675046,-15.712622],[-47.675671,-15.713012],[-47.675948,-15.713831],[-47.675967,-15.714553],[-47.675924,-15.71477],[-47.675854,-15.71488],[-47.675617,-15.714982],[-47.675404,-15.715002],[-47.67532,-15.715112],[-47.675259,-15.715329],[-47.675173,-15.715818],[-47.675006,-15.715992],[-47.674948,-15.716011],[-47.674811,-15.715904],[-47.674613,-15.715834],[-47.674201,-15.716435],[-47.674109,-15.716482],[-47.673938,-15.716348],[-47.67386,-15.716846],[-47.673916,-15.717143],[-47.674087,-15.717295],[-47.674157,-15.717303],[-47.674515,-15.716973],[-47.674722,-15.717061],[-47.674852,-15.717403],[-47.675028,-15.717446],[-47.675282,-15.717343],[-47.675458,-15.717197],[-47.675562,-15.717231],[-47.675792,-15.717581],[-47.675861,-15.717788],[-47.675871,-15.718312],[-47.676217,-15.718443],[-47.676467,-15.718711],[-47.676446,-15.71881],[-47.67618,-15.71894],[-47.67625,-15.719219],[-47.676164,-15.71941],[-47.675917,-15.719684],[-47.675818,-15.720001],[-47.675752,-15.720038],[-47.675499,-15.719815],[-47.675696,-15.719551],[-47.675579,-15.719589],[-47.675345,-15.719853],[-47.67511,-15.720443],[-47.675179,-15.720659],[-47.675284,-15.720739],[-47.675831,-15.721013],[-47.676316,-15.721169],[-47.676507,-15.721311],[-47.676604,-15.721455],[-47.676514,-15.721799],[-47.676618,-15.72252],[-47.676543,-15.722639],[-47.676327,-15.722741],[-47.676195,-15.722715],[-47.676007,-15.722564],[-47.675781,-15.722269],[-47.675455,-15.722101],[-47.675318,-15.722103],[-47.675108,-15.722232],[-47.674876,-15.722226],[-47.674296,-15.722052],[-47.674173,-15.722063],[-47.674518,-15.72223],[-47.67459,-15.722356],[-47.674565,-15.722952],[-47.674657,-15.723032],[-47.675239,-15.72326],[-47.675521,-15.723491],[-47.675894,-15.723496],[-47.676041,-15.723539],[-47.676193,-15.723709],[-47.676163,-15.723877],[-47.676128,-15.724071],[-47.676234,-15.724783],[-47.676714,-15.72522],[-47.676769,-15.725346],[-47.676777,-15.72558],[-47.676559,-15.725944],[-47.676336,-15.726317],[-47.676169,-15.726482],[-47.675853,-15.726667],[-47.675791,-15.726803],[-47.675814,-15.727028],[-47.675906,-15.727117],[-47.676271,-15.727285],[-47.676417,-15.727454],[-47.676419,-15.727581],[-47.676308,-15.727799],[-47.676203,-15.727891],[-47.675855,-15.728021],[-47.675487,-15.727972],[-47.674974,-15.727653],[-47.674827,-15.727636],[-47.674609,-15.727721],[-47.674436,-15.728048],[-47.674081,-15.728151],[-47.673804,-15.728399],[-47.673678,-15.728734],[-47.673673,-15.72887],[-47.673723,-15.72924],[-47.673808,-15.729446],[-47.673907,-15.729536],[-47.67514,-15.730008],[-47.675328,-15.730177],[-47.675401,-15.730321],[-47.675398,-15.730529],[-47.675303,-15.730611],[-47.674443,-15.730965],[-47.674552,-15.731135],[-47.674731,-15.731278],[-47.675254,-15.731569],[-47.675435,-15.731883],[-47.675697,-15.732169],[-47.675756,-15.732462]],[[-47.655765,-15.671826],[-47.655789,-15.671966],[-47.65584,-15.672191],[-47.655953,-15.672235],[-47.656213,-15.672156],[-47.656473,-15.6721],[-47.656693,-15.672085],[-47.656814,-15.672097],[-47.656878,-15.672164],[-47.656921,-15.67227],[-47.656977,-15.672297],[-47.657061,-15.672268],[-47.657154,-15.672172],[-47.6572,-15.672163],[-47.657278,-15.672218],[-47.657342,-15.672327],[-47.657436,-15.67235],[-47.6575,-15.672317],[-47.657514,-15.672244],[-47.657498,-15.672206],[-47.657576,-15.672149],[-47.657677,-15.672108],[-47.657734,-15.672154],[-47.657742,-15.672247],[-47.657702,-15.672363],[-47.657753,-15.672479],[-47.657728,-15.672585],[-47.657793,-15.672725],[-47.657782,-15.67282],[-47.657846,-15.672965],[-47.657932,-15.673022],[-47.658104,-15.673035],[-47.658175,-15.673035],[-47.658268,-15.673035],[-47.658386,-15.673045],[-47.658555,-15.67313],[-47.658643,-15.673249],[-47.658619,-15.673404],[-47.65856,-15.673577],[-47.658589,-15.673719],[-47.658691,-15.673759],[-47.659024,-15.673693],[-47.659303,-15.673711],[-47.659587,-15.673783],[-47.659818,-15.673887],[-47.659914,-15.674342],[-47.659957,-15.67483],[-47.66014,-15.675152],[-47.660239,-15.675209],[-47.660368,-15.675256],[-47.660462,-15.675263],[-47.660636,-15.675305],[-47.660757,-15.675258],[-47.66091,-15.675354],[-47.661036,-15.675393],[-47.661186,-15.675315],[-47.661325,-15.675359],[-47.661443,-15.675403],[-47.661628,-15.675498],[-47.661875,-15.675687],[-47.662009,-15.675769],[-47.662074,-15.675873],[-47.662114,-15.676023],[-47.662479,-15.676056],[-47.662908,-15.676077],[-47.663831,-15.676325],[-47.664625,-15.675829],[-47.665214,-15.676459],[-47.666051,-15.676944],[-47.666856,-15.676087],[-47.667822,-15.675591],[-47.669152,-15.675364],[-47.669238,-15.674445],[-47.668353,-15.672993],[-47.668117,-15.672213],[-47.668701,-15.671557],[-47.669147,-15.671754],[-47.669951,-15.672084],[-47.670665,-15.671284],[-47.671008,-15.670932],[-47.671007,-15.669788],[-47.67137,-15.669433],[-47.668494,-15.666783],[-47.666756,-15.664435],[-47.665323,-15.662603],[-47.662809,-15.661584],[-47.661331,-15.648177],[-47.663632,-15.648345],[-47.666361,-15.648328],[-47.667981,-15.648655],[-47.669666,-15.64946],[-47.671208,-15.649661],[-47.672279,-15.649649],[-47.67482,-15.6484],[-47.675372,-15.647947],[-47.675937,-15.647623],[-47.675911,-15.647458],[-47.67492,-15.646871],[-47.671781,-15.643246],[-47.669002,-15.638204],[-47.667253,-15.63526],[-47.666298,-15.63364],[-47.666268,-15.633149],[-47.666174,-15.633263],[-47.666067,-15.633281],[-47.665939,-15.633322],[-47.665805,-15.633301],[-47.665494,-15.632961],[-47.665106,-15.632846],[-47.664567,-15.632933],[-47.663424,-15.63341],[-47.663092,-15.633629],[-47.662923,-15.633715],[-47.662637,-15.633803],[-47.661902,-15.634116],[-47.660549,-15.634753],[-47.65977,-15.635141],[-47.659061,-15.635278],[-47.658275,-15.63543],[-47.656771,-15.635208],[-47.656487,-15.635217],[-47.656174,-15.635253],[-47.655906,-15.635138],[-47.655815,-15.635001],[-47.655745,-15.634928],[-47.655657,-15.634895],[-47.655118,-15.634802],[-47.655022,-15.634752],[-47.654871,-15.634639],[-47.654668,-15.634624],[-47.654274,-15.634527],[-47.654176,-15.634458],[-47.654038,-15.634361],[-47.653575,-15.634163],[-47.653188,-15.633993],[-47.652806,-15.633795],[-47.652534,-15.633621],[-47.652358,-15.633458],[-47.652296,-15.633362],[-47.652252,-15.633212],[-47.652124,-15.633037],[-47.651966,-15.632954],[-47.651772,-15.632826],[-47.651542,-15.632674],[-47.650855,-15.632575],[-47.650658,-15.632572],[-47.650478,-15.632568],[-47.650101,-15.632494],[-47.649511,-15.6321],[-47.649037,-15.631767],[-47.648749,-15.631571],[-47.648627,-15.631402],[-47.648501,-15.63127],[-47.648366,-15.631141],[-47.648312,-15.63107],[-47.648245,-15.631002],[-47.647948,-15.630812],[-47.64773,-15.630709],[-47.647517,-15.630683],[-47.647087,-15.630602],[-47.64674,-15.63051],[-47.646412,-15.630453],[-47.645859,-15.630344],[-47.645507,-15.630226],[-47.644937,-15.630111],[-47.644605,-15.630027],[-47.644283,-15.629883],[-47.643945,-15.62978],[-47.643677,-15.629765],[-47.643393,-15.629699],[-47.643023,-15.62961],[-47.642629,-15.629487],[-47.64047,-15.628989],[-47.64002,-15.628985],[-47.639474,-15.629146],[-47.638829,-15.629442],[-47.638188,-15.629599],[-47.637761,-15.629758],[-47.637403,-15.629826],[-47.636453,-15.629733],[-47.635835,-15.629823],[-47.63453,-15.630118],[-47.63289,-15.630363],[-47.632554,-15.63052],[-47.632363,-15.63082],[-47.631795,-15.630886],[-47.631463,-15.630999],[-47.630998,-15.631009],[-47.630466,-15.630928],[-47.630167,-15.630829],[-47.629821,-15.630795],[-47.629788,-15.63039],[-47.629629,-15.629609],[-47.629517,-15.629288],[-47.629464,-15.628925],[-47.629422,-15.628846],[-47.629089,-15.627986],[-47.628926,-15.627761],[-47.628772,-15.627603],[-47.628622,-15.627392],[-47.628245,-15.627172],[-47.627643,-15.627102],[-47.62718,-15.626804],[-47.62661,-15.626459],[-47.625659,-15.625982],[-47.624927,-15.625692],[-47.623887,-15.625285],[-47.62258,-15.624631],[-47.621534,-15.624461],[-47.619775,-15.623926],[-47.618111,-15.623408],[-47.617257,-15.623292],[-47.613507,-15.622587],[-47.612557,-15.622495],[-47.610726,-15.622231],[-47.609063,-15.622179],[-47.608163,-15.621969],[-47.606122,-15.621962],[-47.604741,-15.622005],[-47.603555,-15.622272],[-47.601487,-15.622057],[-47.599326,-15.622122],[-47.598552,-15.622358],[-47.596962,-15.6227],[-47.623039,-15.640553],[-47.622594,-15.646956],[-47.621458,-15.6479],[-47.621183,-15.650844],[-47.619746,-15.651989],[-47.602778,-15.658278],[-47.601759,-15.658701],[-47.601395,-15.658809],[-47.601597,-15.659013],[-47.601734,-15.659242],[-47.601687,-15.659415],[-47.601725,-15.659378],[-47.601732,-15.659465],[-47.601265,-15.659709],[-47.601199,-15.659918],[-47.60125,-15.660073],[-47.601584,-15.660068],[-47.60177,-15.659915],[-47.602038,-15.66006],[-47.602419,-15.660101],[-47.60267,-15.659949],[-47.602719,-15.659813],[-47.602815,-15.659722],[-47.602828,-15.659517],[-47.603061,-15.659527],[-47.603329,-15.659579],[-47.603458,-15.659857],[-47.603597,-15.660136],[-47.603803,-15.660427],[-47.603996,-15.660427],[-47.604137,-15.660345],[-47.604211,-15.660303],[-47.604522,-15.66021],[-47.604713,-15.660198],[-47.604853,-15.660147],[-47.604962,-15.660055],[-47.605067,-15.660116],[-47.60523,-15.660334],[-47.605466,-15.660396],[-47.605861,-15.660395],[-47.606367,-15.66053],[-47.606689,-15.660571],[-47.606989,-15.660478],[-47.608663,-15.660416],[-47.609232,-15.660323],[-47.609478,-15.660344],[-47.609972,-15.660478],[-47.610723,-15.660437],[-47.611399,-15.66021],[-47.612021,-15.659652],[-47.612665,-15.659404],[-47.613362,-15.659332],[-47.614058,-15.659021],[-47.614682,-15.658505],[-47.615336,-15.658371],[-47.615798,-15.65834],[-47.61627,-15.658257],[-47.616935,-15.65804],[-47.617525,-15.657916],[-47.618019,-15.657746],[-47.61835,-15.657657],[-47.618516,-15.657714],[-47.61872,-15.657812],[-47.618945,-15.657915],[-47.619118,-15.657968],[-47.61936,-15.658056],[-47.619557,-15.658024],[-47.619741,-15.657906],[-47.62003,-15.657792],[-47.620334,-15.657745],[-47.620567,-15.657622],[-47.620819,-15.657529],[-47.621012,-15.657451],[-47.621162,-15.657451],[-47.6212,-15.657627],[-47.621203,-15.657766],[-47.621296,-15.657916],[-47.621409,-15.65803],[-47.621623,-15.658061],[-47.6218,-15.658045],[-47.621988,-15.657947],[-47.622235,-15.657891],[-47.622421,-15.657843],[-47.622702,-15.657715],[-47.623131,-15.65757],[-47.623596,-15.657481],[-47.62386,-15.657436],[-47.624236,-15.657529],[-47.624406,-15.657621],[-47.624477,-15.65773],[-47.624601,-15.65787],[-47.624762,-15.657927],[-47.624933,-15.657916],[-47.625071,-15.657869],[-47.625071,-15.657636],[-47.625132,-15.657591],[-47.625314,-15.657606],[-47.625515,-15.657664],[-47.625722,-15.657684],[-47.625951,-15.657714],[-47.626124,-15.657844],[-47.626232,-15.657994],[-47.626371,-15.658226],[-47.626586,-15.658324],[-47.626917,-15.658396],[-47.62717,-15.658464],[-47.627362,-15.65837],[-47.627753,-15.658137],[-47.628039,-15.658014],[-47.62827,-15.657772],[-47.628501,-15.657586],[-47.628649,-15.657419],[-47.628903,-15.65725],[-47.62916,-15.657265],[-47.629429,-15.657312],[-47.629879,-15.657415],[-47.630194,-15.657414],[-47.630613,-15.657652],[-47.630984,-15.657875],[-47.631258,-15.657916],[-47.631612,-15.658056],[-47.631966,-15.658087],[-47.632417,-15.657994],[-47.63283,-15.658025],[-47.633211,-15.658133],[-47.633811,-15.658118],[-47.634155,-15.658205],[-47.634369,-15.658278],[-47.634509,-15.658267],[-47.634777,-15.658526],[-47.634775,-15.658623],[-47.634707,-15.658686],[-47.634706,-15.65884],[-47.63475,-15.658944],[-47.634877,-15.65916],[-47.635142,-15.659259],[-47.635489,-15.659413],[-47.635775,-15.659523],[-47.636031,-15.659671],[-47.636317,-15.659869],[-47.63629,-15.660075],[-47.636311,-15.66023],[-47.636342,-15.660286],[-47.636451,-15.660323],[-47.636524,-15.660462],[-47.636735,-15.660525],[-47.636953,-15.660694],[-47.637261,-15.660861],[-47.637465,-15.661],[-47.637581,-15.661175],[-47.637883,-15.661341],[-47.638049,-15.66147],[-47.638334,-15.661682],[-47.638629,-15.661873],[-47.638827,-15.662136],[-47.638987,-15.66243],[-47.639174,-15.662693],[-47.639378,-15.663044],[-47.639471,-15.663221],[-47.63953,-15.663438],[-47.63953,-15.66367],[-47.639541,-15.663841],[-47.639641,-15.663917],[-47.639802,-15.66415],[-47.639943,-15.66429],[-47.640081,-15.664346],[-47.640152,-15.664321],[-47.640253,-15.664145],[-47.640371,-15.663995],[-47.640483,-15.663809],[-47.640558,-15.663649],[-47.640673,-15.663521],[-47.640902,-15.663525],[-47.641155,-15.663603],[-47.641332,-15.663665],[-47.641456,-15.663696],[-47.641583,-15.663695],[-47.641681,-15.663598],[-47.641847,-15.663588],[-47.641944,-15.663665],[-47.642024,-15.663779],[-47.642116,-15.663763],[-47.642432,-15.663758],[-47.64248,-15.663727],[-47.642473,-15.663633],[-47.64242,-15.663499],[-47.642334,-15.663437],[-47.642244,-15.663422],[-47.642243,-15.663323],[-47.64233,-15.663252],[-47.642491,-15.663221],[-47.642588,-15.663221],[-47.642915,-15.663314],[-47.643028,-15.663267],[-47.643199,-15.663237],[-47.643312,-15.663113],[-47.643519,-15.663065],[-47.643664,-15.663122],[-47.643723,-15.663168],[-47.643827,-15.66334],[-47.6438,-15.663464],[-47.64389,-15.663556],[-47.644031,-15.663634],[-47.644111,-15.663665],[-47.644227,-15.66368],[-47.644331,-15.663722],[-47.644401,-15.663851],[-47.64447,-15.664063],[-47.644544,-15.66416],[-47.644776,-15.664295],[-47.6449,-15.664481],[-47.645018,-15.664693],[-47.645066,-15.664915],[-47.645139,-15.664986],[-47.645204,-15.664945],[-47.645329,-15.664822],[-47.645436,-15.664838],[-47.645527,-15.664895],[-47.645638,-15.664992],[-47.645812,-15.665096],[-47.645967,-15.665256],[-47.646035,-15.665451],[-47.646192,-15.665535],[-47.646304,-15.665549],[-47.646434,-15.665674],[-47.646411,-15.665828],[-47.646353,-15.665969],[-47.646352,-15.666071],[-47.646466,-15.666139],[-47.646616,-15.666165],[-47.646734,-15.666243],[-47.646781,-15.666304],[-47.64674,-15.666449],[-47.646783,-15.666604],[-47.646901,-15.666821],[-47.647051,-15.666821],[-47.647151,-15.666805],[-47.647206,-15.666728],[-47.647253,-15.666619],[-47.647167,-15.666381],[-47.647157,-15.666133],[-47.647228,-15.666041],[-47.647378,-15.666057],[-47.647452,-15.666185],[-47.647555,-15.666398],[-47.647688,-15.66665],[-47.647877,-15.66694],[-47.648074,-15.66713],[-47.648183,-15.667296],[-47.648181,-15.667486],[-47.648252,-15.667689],[-47.648365,-15.667906],[-47.648456,-15.668371],[-47.648589,-15.668561],[-47.648746,-15.668763],[-47.648848,-15.668763],[-47.649007,-15.668809],[-47.649084,-15.668965],[-47.649111,-15.66912],[-47.649175,-15.669306],[-47.649395,-15.66946],[-47.649576,-15.669361],[-47.649678,-15.669227],[-47.649744,-15.669089],[-47.64984,-15.668867],[-47.650066,-15.668758],[-47.65027,-15.668639],[-47.650506,-15.668655],[-47.650708,-15.668664],[-47.650763,-15.668763],[-47.650672,-15.668872],[-47.650581,-15.668949],[-47.650493,-15.669057],[-47.650414,-15.669238],[-47.650425,-15.6693],[-47.650473,-15.669409],[-47.650742,-15.669378],[-47.651019,-15.669273],[-47.651235,-15.669176],[-47.651518,-15.668995],[-47.651745,-15.668872],[-47.651968,-15.668809],[-47.652201,-15.668732],[-47.65248,-15.668686],[-47.652592,-15.668965],[-47.652624,-15.669269],[-47.652651,-15.669409],[-47.652624,-15.669548],[-47.652635,-15.669688],[-47.65293,-15.669734],[-47.653106,-15.669723],[-47.653218,-15.669645],[-47.653327,-15.669491],[-47.653515,-15.669362],[-47.653558,-15.669476],[-47.653585,-15.6696],[-47.653499,-15.669739],[-47.653472,-15.669987],[-47.653622,-15.670065],[-47.653841,-15.670095],[-47.653985,-15.670002],[-47.654277,-15.669786],[-47.654432,-15.669734],[-47.654577,-15.669966],[-47.65471,-15.669966],[-47.654899,-15.670034],[-47.654956,-15.670203],[-47.655027,-15.670235],[-47.655097,-15.670343],[-47.655049,-15.670545],[-47.654979,-15.670948],[-47.655022,-15.671277],[-47.655178,-15.671388],[-47.655403,-15.671432],[-47.655639,-15.671558],[-47.655744,-15.671702],[-47.655765,-15.671826]]]}},{"type":"Feature","properties":{"nome":"Recanto das Emas","osm_id":3359479},"geometry":{"type":"Polygon","coordinates":[[[-48.254488,-15.957355],[-48.254689,-15.957371],[-48.254655,-15.957597],[-48.254598,-15.957766],[-48.254494,-15.957992],[-48.254427,-15.958099],[-48.254337,-15.958278],[-48.254329,-15.958393],[-48.254354,-15.958499],[-48.25439,-15.958608],[-48.254478,-15.958803],[-48.254552,-15.958956],[-48.25465,-15.959099],[-48.25483,-15.959244],[-48.255025,-15.959346],[-48.255126,-15.959377],[-48.25523,-15.959378],[-48.255352,-15.959366],[-48.25557,-15.959329],[-48.255717,-15.95937],[-48.256101,-15.959528],[-48.256229,-15.959666],[-48.256315,-15.959827],[-48.256366,-15.95988],[-48.25638,-15.959928],[-48.256348,-15.959998],[-48.256188,-15.96011],[-48.256031,-15.960183],[-48.255891,-15.960267],[-48.255596,-15.960359],[-48.25548,-15.960413],[-48.255352,-15.960485],[-48.255239,-15.960577],[-48.255255,-15.960956],[-48.255255,-15.961133],[-48.255238,-15.961318],[-48.255124,-15.961973],[-48.255142,-15.962083],[-48.255177,-15.962158],[-48.255273,-15.962268],[-48.255334,-15.962276],[-48.255419,-15.962248],[-48.25549,-15.962204],[-48.255567,-15.962111],[-48.255605,-15.961987],[-48.255684,-15.961856],[-48.255789,-15.961814],[-48.255996,-15.961783],[-48.256083,-15.961749],[-48.256276,-15.961643],[-48.256529,-15.961536],[-48.256764,-15.961469],[-48.256812,-15.961441],[-48.257073,-15.96135],[-48.257254,-15.9613],[-48.257421,-15.961295],[-48.257559,-15.961309],[-48.257661,-15.961334],[-48.257731,-15.961435],[-48.257752,-15.961533],[-48.257731,-15.961828],[-48.257574,-15.961981],[-48.257504,-15.962057],[-48.257422,-15.962124],[-48.256932,-15.962348],[-48.256638,-15.962388],[-48.256484,-15.962452],[-48.256376,-15.962511],[-48.256271,-15.962603],[-48.256192,-15.96271],[-48.256122,-15.962816],[-48.256041,-15.963029],[-48.256071,-15.963174],[-48.256134,-15.963261],[-48.25624,-15.963299],[-48.256536,-15.963334],[-48.257055,-15.963446],[-48.257191,-15.963496],[-48.257396,-15.963597],[-48.257471,-15.96365],[-48.257512,-15.963729],[-48.257544,-15.963818],[-48.257584,-15.964014],[-48.25757,-15.96441],[-48.257596,-15.964641],[-48.257686,-15.964837],[-48.257967,-15.965199],[-48.258715,-15.965892],[-48.25907,-15.966132],[-48.259383,-15.966331],[-48.260184,-15.966719],[-48.260252,-15.966843],[-48.260271,-15.966982],[-48.260343,-15.9673],[-48.260343,-15.967637],[-48.260188,-15.967997],[-48.260204,-15.968223],[-48.260367,-15.968473],[-48.260519,-15.968591],[-48.260581,-15.96878],[-48.260384,-15.969107],[-48.260223,-15.969273],[-48.259788,-15.969652],[-48.259665,-15.969761],[-48.258982,-15.971112],[-48.258168,-15.972494],[-48.258073,-15.972725],[-48.258053,-15.972981],[-48.258093,-15.973172],[-48.258341,-15.973433],[-48.258522,-15.973555],[-48.258681,-15.9736],[-48.258839,-15.973532],[-48.258957,-15.973403],[-48.259039,-15.973385],[-48.259139,-15.973365],[-48.259305,-15.973418],[-48.259471,-15.973684],[-48.25963,-15.973988],[-48.259645,-15.974163],[-48.25963,-15.974429],[-48.259408,-15.974756],[-48.259211,-15.975053],[-48.259178,-15.975599],[-48.259203,-15.976117],[-48.259187,-15.976315],[-48.259116,-15.976474],[-48.258926,-15.976543],[-48.258752,-15.976505],[-48.258344,-15.976262],[-48.258153,-15.976206],[-48.257982,-15.976237],[-48.257897,-15.976387],[-48.258198,-15.976953],[-48.258333,-15.977083],[-48.258491,-15.977181],[-48.258752,-15.977334],[-48.25926,-15.978334],[-48.259363,-15.978399],[-48.259176,-15.97842],[-48.258748,-15.978291],[-48.257542,-15.977605],[-48.257164,-15.977467],[-48.256841,-15.977165],[-48.256573,-15.977006],[-48.256148,-15.977004],[-48.255813,-15.97718],[-48.255504,-15.97723],[-48.255281,-15.977215],[-48.254995,-15.977003],[-48.254408,-15.976921],[-48.254268,-15.976933],[-48.25399,-15.977099],[-48.253768,-15.977085],[-48.253593,-15.976916],[-48.253534,-15.97679],[-48.253559,-15.976537],[-48.253701,-15.976409],[-48.253953,-15.976296],[-48.254024,-15.976205],[-48.253985,-15.976079],[-48.253898,-15.975999],[-48.253727,-15.975867],[-48.253584,-15.975824],[-48.252362,-15.975959],[-48.25225,-15.976006],[-48.251761,-15.976005],[-48.251659,-15.975943],[-48.251469,-15.975603],[-48.251212,-15.975543],[-48.250648,-15.975732],[-48.250485,-15.975609],[-48.250187,-15.975532],[-48.249726,-15.975557],[-48.249178,-15.975466],[-48.248808,-15.975535],[-48.248716,-15.975635],[-48.248594,-15.975646],[-48.248464,-15.975639],[-48.248462,-15.975531],[-48.248383,-15.975478],[-48.247541,-15.9755],[-48.247349,-15.975457],[-48.247078,-15.975073],[-48.246934,-15.974443],[-48.246851,-15.974363],[-48.246451,-15.974406],[-48.246419,-15.974352],[-48.246645,-15.973906],[-48.246429,-15.973756],[-48.246159,-15.973643],[-48.2461,-15.973544],[-48.246144,-15.973354],[-48.246011,-15.973211],[-48.245855,-15.973187],[-48.245742,-15.97308],[-48.245734,-15.972963],[-48.245793,-15.972818],[-48.246042,-15.97257],[-48.246076,-15.972317],[-48.245795,-15.972204],[-48.245393,-15.972264],[-48.245108,-15.972476],[-48.244598,-15.972718],[-48.244347,-15.97321],[-48.244275,-15.973238],[-48.244111,-15.973204],[-48.243939,-15.973035],[-48.243425,-15.972799],[-48.24332,-15.972819],[-48.243243,-15.973009],[-48.243038,-15.972886],[-48.242986,-15.972598],[-48.242937,-15.972536],[-48.241677,-15.972058],[-48.241318,-15.971621],[-48.241198,-15.971587],[-48.241042,-15.971625],[-48.240763,-15.971837],[-48.240508,-15.971922],[-48.240341,-15.971916],[-48.240195,-15.971855],[-48.240017,-15.971623],[-48.240262,-15.971384],[-48.240364,-15.971175],[-48.240268,-15.970879],[-48.240178,-15.970817],[-48.239545,-15.97107],[-48.238915,-15.971775],[-48.238794,-15.971777],[-48.238593,-15.97168],[-48.238444,-15.97171],[-48.238253,-15.972191],[-48.238196,-15.972472],[-48.238077,-15.972482],[-48.23789,-15.972413],[-48.237723,-15.972387],[-48.237158,-15.972298],[-48.236417,-15.972092],[-48.23618,-15.972005],[-48.235756,-15.971732],[-48.235455,-15.97198],[-48.235313,-15.972028],[-48.234893,-15.971754],[-48.234662,-15.971712],[-48.234305,-15.971709],[-48.234143,-15.971747],[-48.233782,-15.971699],[-48.233464,-15.97183],[-48.233387,-15.971822],[-48.233227,-15.971698],[-48.233014,-15.971665],[-48.232725,-15.971886],[-48.232609,-15.971879],[-48.23239,-15.971737],[-48.231487,-15.971498],[-48.231275,-15.971285],[-48.231104,-15.970926],[-48.230599,-15.970961],[-48.230335,-15.970902],[-48.229853,-15.97071],[-48.229667,-15.970551],[-48.229394,-15.970446],[-48.229275,-15.970448],[-48.22917,-15.970504],[-48.229113,-15.970776],[-48.229038,-15.970867],[-48.228867,-15.97096],[-48.228558,-15.971028],[-48.228501,-15.971065],[-48.228476,-15.971173],[-48.2284,-15.971202],[-48.228206,-15.97115],[-48.227792,-15.97094],[-48.227573,-15.970961],[-48.227293,-15.971056],[-48.227039,-15.970888],[-48.226872,-15.970899],[-48.226626,-15.97103],[-48.22638,-15.971349],[-48.226238,-15.971243],[-48.226149,-15.971064],[-48.225937,-15.97095],[-48.225632,-15.970963],[-48.225482,-15.971119],[-48.225243,-15.971159],[-48.225155,-15.971025],[-48.22513,-15.970871],[-48.224743,-15.970787],[-48.224627,-15.970762],[-48.224597,-15.970572],[-48.22478,-15.970353],[-48.224732,-15.970011],[-48.224499,-15.969879],[-48.223774,-15.969664],[-48.223633,-15.969702],[-48.223535,-15.969812],[-48.223499,-15.970038],[-48.223427,-15.970066],[-48.223486,-15.970318],[-48.223435,-15.970418],[-48.22314,-15.970558],[-48.222962,-15.970606],[-48.222803,-15.97059],[-48.222695,-15.970547],[-48.222596,-15.970413],[-48.22234,-15.970363],[-48.221918,-15.970504],[-48.221505,-15.970501],[-48.221315,-15.97045],[-48.221225,-15.970352],[-48.220779,-15.96942],[-48.220703,-15.969376],[-48.22027,-15.969527],[-48.219901,-15.96956],[-48.219812,-15.969516],[-48.219709,-15.969366],[-48.219584,-15.969185],[-48.21939,-15.969143],[-48.219046,-15.969184],[-48.218921,-15.96924],[-48.218688,-15.969478],[-48.218579,-15.96948],[-48.218264,-15.968952],[-48.217878,-15.968849],[-48.217836,-15.968778],[-48.217899,-15.968524],[-48.21782,-15.968336],[-48.217689,-15.968311],[-48.216939,-15.968367],[-48.216872,-15.968287],[-48.216876,-15.968223],[-48.217015,-15.968113],[-48.216987,-15.96805],[-48.217022,-15.967923],[-48.216959,-15.967888],[-48.216779,-15.9679],[-48.21645,-15.967715],[-48.216301,-15.967862],[-48.216109,-15.967838],[-48.216059,-15.967766],[-48.21622,-15.967583],[-48.21625,-15.967493],[-48.216153,-15.967395],[-48.215525,-15.967422],[-48.215226,-15.967508],[-48.214793,-15.967361],[-48.214559,-15.967111],[-48.214324,-15.966673],[-48.214348,-15.966519],[-48.214611,-15.966172],[-48.214571,-15.966082],[-48.21341,-15.965964],[-48.213236,-15.96592],[-48.212764,-15.965802],[-48.212572,-15.966058],[-48.212479,-15.966095],[-48.212364,-15.966079],[-48.211945,-15.96595],[-48.211508,-15.965676],[-48.211317,-15.965219],[-48.211237,-15.965094],[-48.211134,-15.965041],[-48.210914,-15.965053],[-48.210734,-15.965173],[-48.210519,-15.965195],[-48.210434,-15.96516],[-48.210188,-15.964866],[-48.210094,-15.964831],[-48.209631,-15.964883],[-48.209302,-15.96477],[-48.209132,-15.964827],[-48.209018,-15.965036],[-48.20893,-15.965092],[-48.208706,-15.965077],[-48.208552,-15.964854],[-48.20844,-15.964792],[-48.207858,-15.964828],[-48.207632,-15.964768],[-48.207457,-15.964608],[-48.207328,-15.964357],[-48.20723,-15.964305],[-48.207091,-15.964551],[-48.206969,-15.96467],[-48.206898,-15.964662],[-48.206886,-15.964608],[-48.206916,-15.964336],[-48.206691,-15.964222],[-48.206361,-15.964363],[-48.206253,-15.964545],[-48.206172,-15.964519],[-48.206148,-15.96433],[-48.205951,-15.964225],[-48.205834,-15.964226],[-48.205695,-15.964373],[-48.204876,-15.964241],[-48.204505,-15.964255],[-48.204415,-15.964211],[-48.20378,-15.963544],[-48.203632,-15.96351],[-48.203414,-15.963368],[-48.203197,-15.963318],[-48.20272,-15.963325],[-48.202371,-15.963528],[-48.20227,-15.963458],[-48.202155,-15.963152],[-48.201623,-15.962989],[-48.201441,-15.962712],[-48.201195,-15.96276],[-48.200942,-15.962475],[-48.200811,-15.962233],[-48.200682,-15.962172],[-48.199999,-15.962507],[-48.199822,-15.963323],[-48.199752,-15.963396],[-48.199204,-15.963341],[-48.198896,-15.963535],[-48.198687,-15.963836],[-48.198585,-15.963892],[-48.198405,-15.963894],[-48.198121,-15.963736],[-48.197953,-15.963583],[-48.197732,-15.963381],[-48.197572,-15.963302],[-48.197456,-15.963295],[-48.197312,-15.96336],[-48.196926,-15.963275],[-48.196833,-15.963187],[-48.196051,-15.962864],[-48.195781,-15.96266],[-48.195561,-15.962591],[-48.195135,-15.962733],[-48.194988,-15.962952],[-48.194682,-15.963137],[-48.194514,-15.963149],[-48.194362,-15.962988],[-48.194189,-15.963018],[-48.193749,-15.963485],[-48.193807,-15.963737],[-48.193594,-15.963812],[-48.193174,-15.96381],[-48.192774,-15.963355],[-48.19266,-15.963384],[-48.192559,-15.96334],[-48.192424,-15.963089],[-48.192565,-15.962952],[-48.192633,-15.962797],[-48.192576,-15.962473],[-48.19261,-15.962067],[-48.192496,-15.961788],[-48.19246,-15.961455],[-48.192395,-15.961356],[-48.192285,-15.961349],[-48.192098,-15.961469],[-48.192009,-15.961425],[-48.191823,-15.960877],[-48.192041,-15.960802],[-48.192127,-15.960719],[-48.192129,-15.960638],[-48.191921,-15.960434],[-48.191859,-15.960191],[-48.191527,-15.960141],[-48.191425,-15.960089],[-48.191341,-15.959927],[-48.191209,-15.959803],[-48.190813,-15.959691],[-48.190602,-15.959135],[-48.190475,-15.959028],[-48.190261,-15.958725],[-48.189676,-15.958372],[-48.189388,-15.958097],[-48.188898,-15.957264],[-48.188441,-15.956711],[-48.18849,-15.956259],[-48.188421,-15.956116],[-48.188083,-15.955723],[-48.187892,-15.955428],[-48.187119,-15.953598],[-48.187024,-15.952028],[-48.186738,-15.950931],[-48.1866,-15.949434],[-48.186633,-15.949136],[-48.186838,-15.948835],[-48.186931,-15.948599],[-48.187064,-15.947938],[-48.186645,-15.947637],[-48.186413,-15.947595],[-48.185432,-15.947167],[-48.185224,-15.947008],[-48.184725,-15.946799],[-48.184148,-15.946636],[-48.17306,-15.94724],[-48.170803,-15.939338],[-48.166631,-15.941296],[-48.164095,-15.942706],[-48.164189,-15.942118],[-48.164776,-15.940646],[-48.165387,-15.940168],[-48.166259,-15.939695],[-48.166281,-15.93964],[-48.16487,-15.939264],[-48.163689,-15.938884],[-48.162799,-15.938662],[-48.162485,-15.938522],[-48.161211,-15.93771],[-48.159526,-15.936995],[-48.158546,-15.936639],[-48.15799,-15.936466],[-48.157556,-15.9364],[-48.157191,-15.936388],[-48.156761,-15.936502],[-48.156424,-15.936381],[-48.156362,-15.936418],[-48.153484,-15.946852],[-48.153413,-15.946898],[-48.152558,-15.946667],[-48.151918,-15.946442],[-48.151595,-15.94623],[-48.150829,-15.9456],[-48.149868,-15.945253],[-48.149392,-15.945034],[-48.148707,-15.944629],[-48.147393,-15.943736],[-48.146082,-15.943195],[-48.144883,-15.942518],[-48.144684,-15.942483],[-48.144337,-15.942588],[-48.144072,-15.942905],[-48.143598,-15.94316],[-48.143566,-15.949339],[-48.143518,-15.949912],[-48.143265,-15.950526],[-48.142886,-15.951002],[-48.14247,-15.951298],[-48.135114,-15.95461],[-48.134673,-15.954888],[-48.133696,-15.955827],[-48.133149,-15.956776],[-48.121577,-15.9794],[-48.11754,-15.975193],[-48.117576,-15.974923],[-48.117957,-15.974601],[-48.118232,-15.974281],[-48.118304,-15.974018],[-48.118544,-15.973762],[-48.118426,-15.973312],[-48.118649,-15.973092],[-48.11881,-15.973009],[-48.118943,-15.972826],[-48.118952,-15.9727],[-48.118799,-15.972413],[-48.11907,-15.972048],[-48.119,-15.971751],[-48.119237,-15.97172],[-48.119355,-15.971619],[-48.119523,-15.971418],[-48.119755,-15.970945],[-48.120243,-15.970379],[-48.120498,-15.969996],[-48.120791,-15.969856],[-48.120929,-15.969718],[-48.120955,-15.969519],[-48.120812,-15.969007],[-48.120991,-15.968968],[-48.121154,-15.968993],[-48.122106,-15.968699],[-48.122105,-15.968618],[-48.121886,-15.968188],[-48.121856,-15.968017],[-48.121919,-15.967889],[-48.122187,-15.967723],[-48.122239,-15.967614],[-48.122234,-15.967505],[-48.122024,-15.967104],[-48.121967,-15.966995],[-48.121966,-15.966923],[-48.122089,-15.966776],[-48.122532,-15.966445],[-48.122578,-15.966345],[-48.12252,-15.96612],[-48.122547,-15.965993],[-48.122642,-15.96592],[-48.122836,-15.965881],[-48.123125,-15.965958],[-48.123486,-15.965763],[-48.123907,-15.965838],[-48.124083,-15.965817],[-48.124086,-15.965718],[-48.123856,-15.965342],[-48.123848,-15.964963],[-48.123766,-15.964892],[-48.123292,-15.964736],[-48.123142,-15.964621],[-48.12313,-15.964314],[-48.122962,-15.963947],[-48.123003,-15.963901],[-48.123117,-15.963926],[-48.123433,-15.964147],[-48.123475,-15.963795],[-48.123401,-15.96348],[-48.123368,-15.962965],[-48.123235,-15.962796],[-48.123115,-15.962779],[-48.12309,-15.962997],[-48.122995,-15.962998],[-48.122946,-15.962953],[-48.1228,-15.962269],[-48.122253,-15.961185],[-48.12235,-15.960985],[-48.122751,-15.960564],[-48.122791,-15.960346],[-48.122759,-15.960221],[-48.122558,-15.959943],[-48.122334,-15.959884],[-48.121996,-15.959898],[-48.121886,-15.959791],[-48.121865,-15.959683],[-48.121893,-15.95924],[-48.121948,-15.959125],[-48.122016,-15.958979],[-48.122117,-15.958857],[-48.122236,-15.958865],[-48.122423,-15.959052],[-48.122537,-15.959032],[-48.122856,-15.958269],[-48.122884,-15.958115],[-48.122644,-15.957477],[-48.122591,-15.956611],[-48.122383,-15.956018],[-48.122067,-15.955526],[-48.121901,-15.955375],[-48.121607,-15.955325],[-48.121259,-15.955367],[-48.121138,-15.955016],[-48.121224,-15.954735],[-48.120527,-15.954736],[-48.120324,-15.954694],[-48.120234,-15.954614],[-48.119807,-15.954006],[-48.119912,-15.953905],[-48.120035,-15.953913],[-48.120119,-15.953857],[-48.120079,-15.953722],[-48.119651,-15.953638],[-48.118875,-15.953695],[-48.118579,-15.953636],[-48.118207,-15.953388],[-48.117606,-15.952765],[-48.117489,-15.952767],[-48.117394,-15.952949],[-48.117399,-15.953021],[-48.1173,-15.95304],[-48.11719,-15.952988],[-48.117011,-15.952674],[-48.116908,-15.952604],[-48.116773,-15.952669],[-48.116632,-15.952842],[-48.116524,-15.952844],[-48.116431,-15.952791],[-48.116187,-15.952506],[-48.115987,-15.952427],[-48.115884,-15.952122],[-48.115787,-15.952069],[-48.11541,-15.952075],[-48.11522,-15.952014],[-48.114654,-15.951399],[-48.114471,-15.951257],[-48.114086,-15.951064],[-48.113395,-15.951219],[-48.112927,-15.951478],[-48.112811,-15.951489],[-48.112476,-15.951367],[-48.112241,-15.951407],[-48.11213,-15.951372],[-48.11184,-15.950916],[-48.111344,-15.950562],[-48.111113,-15.950114],[-48.110604,-15.949426],[-48.110412,-15.949284],[-48.109739,-15.948996],[-48.109085,-15.948527],[-48.109052,-15.948483],[-48.10905,-15.94813],[-48.108945,-15.947924],[-48.108779,-15.947755],[-48.108306,-15.947464],[-48.108249,-15.947347],[-48.108285,-15.947121],[-48.108251,-15.947058],[-48.107708,-15.946714],[-48.107419,-15.946411],[-48.107132,-15.945792],[-48.106758,-15.945382],[-48.106485,-15.94461],[-48.106414,-15.944521],[-48.105599,-15.944307],[-48.10547,-15.944236],[-48.105375,-15.944048],[-48.10524,-15.943102],[-48.105147,-15.942896],[-48.104945,-15.942628],[-48.104531,-15.942309],[-48.103859,-15.942011],[-48.103555,-15.941149],[-48.103419,-15.940898],[-48.103541,-15.940309],[-48.103497,-15.940066],[-48.103069,-15.939386],[-48.102544,-15.937958],[-48.102145,-15.937223],[-48.1019,-15.937064],[-48.101364,-15.936892],[-48.101064,-15.936688],[-48.100205,-15.935861],[-48.100082,-15.935529],[-48.099885,-15.935459],[-48.099498,-15.93542],[-48.099187,-15.935261],[-48.098904,-15.935076],[-48.098488,-15.934531],[-48.098306,-15.934389],[-48.097329,-15.933708],[-48.096773,-15.933554],[-48.09662,-15.933366],[-48.096391,-15.932909],[-48.095874,-15.932808],[-48.09559,-15.932654],[-48.095053,-15.932368],[-48.094645,-15.93232],[-48.094521,-15.932232],[-48.094001,-15.931661],[-48.093855,-15.930742],[-48.093622,-15.930375],[-48.092887,-15.929637],[-48.092784,-15.929584],[-48.092447,-15.929625],[-48.092229,-15.929474],[-48.092059,-15.928953],[-48.091746,-15.928461],[-48.091527,-15.928004],[-48.091212,-15.927593],[-48.090958,-15.927037],[-48.090874,-15.92674],[-48.090711,-15.926453],[-48.090406,-15.926169],[-48.090268,-15.925954],[-48.090147,-15.925875],[-48.089916,-15.925842],[-48.089633,-15.92571],[-48.089295,-15.925643],[-48.089149,-15.925492],[-48.089037,-15.925502],[-48.088815,-15.925686],[-48.088512,-15.925537],[-48.088122,-15.925615],[-48.087295,-15.925428],[-48.08718,-15.925655],[-48.087198,-15.925935],[-48.087311,-15.92634],[-48.086739,-15.926935],[-48.086563,-15.927009],[-48.085341,-15.927009],[-48.084696,-15.92728],[-48.083639,-15.927458],[-48.083317,-15.927363],[-48.081915,-15.926615],[-48.081728,-15.926645],[-48.08151,-15.926757],[-48.0813,-15.926976],[-48.079485,-15.92823],[-48.078607,-15.928712],[-48.078466,-15.928877],[-48.078319,-15.929159],[-48.078093,-15.929352],[-48.077603,-15.929529],[-48.077675,-15.933618],[-48.077681,-15.938775],[-48.076808,-15.938955],[-48.074727,-15.940003],[-48.063029,-15.947275],[-48.062037,-15.947859],[-48.06155,-15.948004],[-48.054816,-15.952143],[-48.053076,-15.952828],[-48.051487,-15.953158],[-48.049837,-15.953221],[-48.048862,-15.95315],[-48.048082,-15.953008],[-48.044704,-15.951917],[-48.043923,-15.951567],[-48.042894,-15.950943],[-48.041995,-15.950266],[-48.041147,-15.949508],[-48.039935,-15.948077],[-48.038281,-15.945293],[-48.040155,-15.942552],[-48.040844,-15.941336],[-48.042062,-15.938846],[-48.042671,-15.93733],[-48.045098,-15.92992],[-48.048367,-15.919588],[-48.051208,-15.91081],[-48.058036,-15.889398],[-48.060188,-15.88289],[-48.060344,-15.882423],[-48.061915,-15.882887],[-48.064761,-15.883563],[-48.13754,-15.905558],[-48.140291,-15.906532],[-48.161096,-15.912872],[-48.161775,-15.913216],[-48.162275,-15.91355],[-48.162794,-15.914011],[-48.163281,-15.914554],[-48.163678,-15.915168],[-48.164023,-15.915871],[-48.166287,-15.923497],[-48.169377,-15.922788],[-48.169773,-15.922601],[-48.170032,-15.922382],[-48.171896,-15.919526],[-48.172391,-15.918955],[-48.173226,-15.918396],[-48.174178,-15.918043],[-48.174808,-15.917981],[-48.175412,-15.917994],[-48.176012,-15.918101],[-48.178088,-15.918757],[-48.178635,-15.919116],[-48.179245,-15.919756],[-48.179638,-15.920844],[-48.179778,-15.921869],[-48.180046,-15.922471],[-48.180598,-15.923051],[-48.181288,-15.923419],[-48.18189,-15.923528],[-48.182543,-15.923464],[-48.183271,-15.923137],[-48.186071,-15.920511],[-48.186775,-15.919926],[-48.187575,-15.919602],[-48.188112,-15.91951],[-48.188818,-15.919575],[-48.18951,-15.919787],[-48.198286,-15.923168],[-48.200159,-15.923992],[-48.200997,-15.92449],[-48.205884,-15.927754],[-48.211686,-15.931349],[-48.21275,-15.931949],[-48.219305,-15.934796],[-48.218072,-15.936344],[-48.216698,-15.937747],[-48.215239,-15.93979],[-48.213694,-15.94272],[-48.217707,-15.943926],[-48.214767,-15.94894],[-48.213029,-15.949734],[-48.211784,-15.95155],[-48.210797,-15.952974],[-48.212364,-15.954511],[-48.213211,-15.95646],[-48.214971,-15.957832],[-48.216773,-15.958441],[-48.220303,-15.958461],[-48.222116,-15.957863],[-48.222427,-15.957523],[-48.222899,-15.956182],[-48.223181,-15.955521],[-48.224004,-15.954634],[-48.224289,-15.953954],[-48.225061,-15.95367],[-48.22618,-15.952674],[-48.227531,-15.952757],[-48.228797,-15.953066],[-48.229269,-15.952922],[-48.231029,-15.953438],[-48.23311,-15.953211],[-48.234419,-15.952984],[-48.235557,-15.953169],[-48.236479,-15.952943],[-48.237659,-15.952592],[-48.239033,-15.952551],[-48.242614,-15.953714],[-48.243861,-15.954119],[-48.245706,-15.954799],[-48.24609,-15.954692],[-48.246264,-15.954695],[-48.246736,-15.954511],[-48.24768,-15.954201],[-48.248667,-15.954511],[-48.249182,-15.954511],[-48.24974,-15.955191],[-48.251434,-15.955046],[-48.251387,-15.955223],[-48.251328,-15.955409],[-48.251338,-15.955509],[-48.25137,-15.95557],[-48.251507,-15.955713],[-48.251658,-15.955794],[-48.251886,-15.955876],[-48.252104,-15.955918],[-48.252209,-15.955909],[-48.252349,-15.955842],[-48.252559,-15.955764],[-48.252778,-15.955722],[-48.252906,-15.955708],[-48.25304,-15.955708],[-48.25322,-15.955759],[-48.253402,-15.955898],[-48.253646,-15.956176],[-48.253734,-15.956358],[-48.253787,-15.956439],[-48.253833,-15.956574],[-48.253933,-15.956711],[-48.254013,-15.956808],[-48.254102,-15.956865],[-48.254228,-15.957016],[-48.254488,-15.957355]]]}},{"type":"Feature","properties":{"nome":"Riacho Fundo II","osm_id":3359480},"geometry":{"type":"Polygon","coordinates":[[[-48.001584,-15.945448],[-47.999815,-15.947239],[-47.99975,-15.947305],[-48.020717,-15.966103],[-48.024331,-15.961822],[-48.038281,-15.945293],[-48.040155,-15.942552],[-48.040844,-15.941336],[-48.042062,-15.938846],[-48.042671,-15.93733],[-48.045098,-15.92992],[-48.048367,-15.919588],[-48.051208,-15.91081],[-48.058036,-15.889398],[-48.060188,-15.88289],[-48.060344,-15.882423],[-48.058723,-15.881937],[-48.055712,-15.880806],[-48.055306,-15.880617],[-48.05412,-15.879858],[-48.049881,-15.888462],[-48.049681,-15.889123],[-48.049034,-15.891319],[-48.048222,-15.891655],[-48.047064,-15.892343],[-48.046357,-15.892909],[-48.04492,-15.894272],[-48.044354,-15.89495],[-48.044024,-15.895528],[-48.043389,-15.897056],[-48.042454,-15.897326],[-48.039007,-15.89893],[-48.031752,-15.899009],[-48.031224,-15.898751],[-48.030491,-15.896893],[-48.030091,-15.89652],[-48.02814,-15.895494],[-48.027238,-15.895303],[-48.026727,-15.89532],[-48.024974,-15.895875],[-48.023828,-15.896624],[-48.023361,-15.896489],[-48.023221,-15.896284],[-48.022755,-15.897151],[-48.022377,-15.897098],[-48.022065,-15.896939],[-48.021832,-15.897014],[-48.021495,-15.89727],[-48.021295,-15.897576],[-48.02111,-15.898168],[-48.021012,-15.898591],[-48.019633,-15.899276],[-48.018791,-15.900144],[-48.018323,-15.900186],[-48.018029,-15.900529],[-48.017835,-15.900887],[-48.017733,-15.901252],[-48.017609,-15.901561],[-48.017505,-15.901649],[-48.017466,-15.901865],[-48.017323,-15.902078],[-48.016941,-15.902079],[-48.016118,-15.902403],[-48.014158,-15.904413],[-48.013111,-15.905085],[-48.011581,-15.905984],[-48.01136,-15.906006],[-48.010701,-15.90607],[-48.010083,-15.906155],[-48.009758,-15.907222],[-48.007423,-15.908844],[-48.005662,-15.91052],[-48.003488,-15.910989],[-48.001911,-15.914145],[-48.000508,-15.916405],[-48.000836,-15.917298],[-48.000569,-15.917673],[-48.000311,-15.917868],[-47.999766,-15.918143],[-47.99778,-15.919782],[-47.998494,-15.921496],[-47.999108,-15.921727],[-47.999707,-15.922215],[-48.001697,-15.924631],[-48.003543,-15.927198],[-48.005081,-15.928897],[-48.005077,-15.930002],[-48.005524,-15.931061],[-48.006378,-15.931921],[-48.008882,-15.933777],[-48.011122,-15.933766],[-48.011691,-15.934092],[-48.009574,-15.936225],[-48.008072,-15.937822],[-48.00639,-15.939612],[-48.006761,-15.939939],[-48.004264,-15.942511],[-48.003712,-15.943916],[-48.002795,-15.944904],[-48.001825,-15.945113],[-48.001584,-15.945448]]]}},{"type":"Feature","properties":{"nome":"Riacho Fundo","osm_id":3359481},"geometry":{"type":"Polygon","coordinates":[[[-48.023221,-15.896284],[-48.023361,-15.896489],[-48.023828,-15.896624],[-48.024974,-15.895875],[-48.026727,-15.89532],[-48.027238,-15.895303],[-48.02814,-15.895494],[-48.030091,-15.89652],[-48.030491,-15.896893],[-48.031224,-15.898751],[-48.031752,-15.899009],[-48.039007,-15.89893],[-48.042454,-15.897326],[-48.043389,-15.897056],[-48.044024,-15.895528],[-48.044354,-15.89495],[-48.04492,-15.894272],[-48.046357,-15.892909],[-48.047064,-15.892343],[-48.048222,-15.891655],[-48.049034,-15.891319],[-48.049681,-15.889123],[-48.049881,-15.888462],[-48.05412,-15.879858],[-48.045846,-15.87437],[-48.04466,-15.873897],[-48.043169,-15.873701],[-48.02738,-15.875887],[-48.02554,-15.876138],[-48.024857,-15.876232],[-48.018743,-15.877067],[-48.01188,-15.877927],[-48.010777,-15.877734],[-48.000065,-15.876857],[-47.99461,-15.876363],[-47.992256,-15.876018],[-47.992209,-15.876011],[-47.992141,-15.876001],[-47.989943,-15.875679],[-47.989767,-15.875653],[-47.989626,-15.875633],[-47.98308,-15.874673],[-47.978569,-15.87248],[-47.979091,-15.873657],[-47.979288,-15.874099],[-47.979673,-15.874969],[-47.979884,-15.875446],[-47.980055,-15.87597],[-47.980201,-15.876868],[-47.980214,-15.87724],[-47.980215,-15.877257],[-47.980188,-15.877611],[-47.979957,-15.878711],[-47.979825,-15.878978],[-47.979457,-15.879733],[-47.978965,-15.880544],[-47.979113,-15.88064],[-47.979405,-15.880752],[-47.979596,-15.880755],[-47.979735,-15.880712],[-47.97988,-15.880676],[-47.980383,-15.880735],[-47.980739,-15.881065],[-47.981038,-15.881288],[-47.98135,-15.881453],[-47.981862,-15.881726],[-47.982204,-15.881857],[-47.982604,-15.882131],[-47.982914,-15.882272],[-47.983076,-15.882278],[-47.983398,-15.882057],[-47.983721,-15.881972],[-47.983955,-15.881959],[-47.984136,-15.882011],[-47.984486,-15.88225],[-47.985423,-15.883077],[-47.985977,-15.883403],[-47.986436,-15.883602],[-47.986666,-15.88347],[-47.987136,-15.883771],[-47.987425,-15.884213],[-47.987462,-15.884374],[-47.987567,-15.884521],[-47.98771,-15.884498],[-47.987811,-15.884346],[-47.987899,-15.884383],[-47.987972,-15.884567],[-47.988174,-15.884816],[-47.988548,-15.885643],[-47.988593,-15.88619],[-47.988759,-15.886609],[-47.988763,-15.886811],[-47.988846,-15.886986],[-47.988728,-15.88797],[-47.988763,-15.888078],[-47.988894,-15.888212],[-47.988844,-15.888321],[-47.988676,-15.888324],[-47.98868,-15.888563],[-47.988827,-15.888632],[-47.98901,-15.888599],[-47.989082,-15.888688],[-47.989054,-15.888812],[-47.989049,-15.888833],[-47.988944,-15.888907],[-47.988555,-15.888867],[-47.988415,-15.889013],[-47.988419,-15.889113],[-47.988529,-15.889165],[-47.988777,-15.889144],[-47.988852,-15.889242],[-47.98877,-15.889604],[-47.988951,-15.889755],[-47.989003,-15.889854],[-47.988859,-15.890904],[-47.988639,-15.891575],[-47.988684,-15.891764],[-47.988988,-15.891904],[-47.98914,-15.892101],[-47.989081,-15.892228],[-47.988822,-15.892448],[-47.988917,-15.892754],[-47.988913,-15.893296],[-47.989167,-15.894096],[-47.989205,-15.894484],[-47.988865,-15.895193],[-47.988819,-15.895825],[-47.988546,-15.896398],[-47.988334,-15.896997],[-47.98781,-15.897925],[-47.987612,-15.899021],[-47.987311,-15.898808],[-47.987197,-15.898873],[-47.9872,-15.899411],[-47.987443,-15.899513],[-47.987591,-15.899434],[-47.987747,-15.899462],[-47.987853,-15.899595],[-47.987828,-15.899876],[-47.987701,-15.900087],[-47.987837,-15.900309],[-47.987887,-15.900859],[-47.987669,-15.901304],[-47.987622,-15.901504],[-47.987621,-15.90173],[-47.987768,-15.902052],[-47.987768,-15.902161],[-47.987654,-15.902524],[-47.987618,-15.902858],[-47.987517,-15.903076],[-47.986996,-15.903716],[-47.986739,-15.903981],[-47.98636,-15.904275],[-47.985736,-15.904952],[-47.985714,-15.905061],[-47.986046,-15.906248],[-47.986241,-15.906688],[-47.986283,-15.906913],[-47.985874,-15.907587],[-47.985124,-15.908672],[-47.984513,-15.9098],[-47.98414,-15.911521],[-47.983895,-15.912319],[-47.983834,-15.913476],[-47.983855,-15.914035],[-47.983752,-15.914253],[-47.983409,-15.914737],[-47.983223,-15.915263],[-47.983032,-15.915654],[-47.98229,-15.916324],[-47.982049,-15.917031],[-47.981992,-15.917366],[-47.981955,-15.917953],[-47.982074,-15.918503],[-47.982058,-15.918656],[-47.981758,-15.919248],[-47.981562,-15.919801],[-47.981553,-15.919976],[-47.981852,-15.920646],[-47.981842,-15.920791],[-47.981773,-15.920891],[-47.981806,-15.92101],[-47.981686,-15.921581],[-47.981819,-15.921802],[-47.981942,-15.921891],[-47.982043,-15.92207],[-47.98227,-15.922293],[-47.982291,-15.922527],[-47.982352,-15.922671],[-47.982764,-15.923126],[-47.983128,-15.923762],[-47.983671,-15.92454],[-47.983819,-15.924885],[-47.983792,-15.925125],[-47.983677,-15.925237],[-47.983608,-15.92542],[-47.983594,-15.925618],[-47.98364,-15.926046],[-47.98381,-15.926335],[-47.983804,-15.926452],[-47.983731,-15.926643],[-47.983457,-15.927062],[-47.983392,-15.927532],[-47.983414,-15.927903],[-47.983464,-15.928001],[-47.983685,-15.928197],[-47.983828,-15.928457],[-47.984579,-15.929096],[-47.984975,-15.929597],[-47.985246,-15.929846],[-47.986601,-15.930676],[-47.987884,-15.93166],[-47.988619,-15.932282],[-47.989375,-15.932732],[-47.991037,-15.933549],[-47.991309,-15.933726],[-47.992314,-15.93457],[-47.992624,-15.935008],[-47.993174,-15.935434],[-47.993997,-15.93637],[-47.994693,-15.93674],[-47.994887,-15.936909],[-47.995226,-15.937328],[-47.995646,-15.937548],[-47.99581,-15.937718],[-47.996563,-15.93805],[-47.996683,-15.93822],[-47.996818,-15.939031],[-47.997019,-15.939308],[-47.997557,-15.939933],[-47.998337,-15.940581],[-47.998988,-15.941042],[-47.999474,-15.941522],[-47.999784,-15.942367],[-48.000017,-15.942842],[-48.000567,-15.943539],[-48.001146,-15.944551],[-48.001424,-15.9449],[-48.001584,-15.945448],[-48.001825,-15.945113],[-48.002795,-15.944904],[-48.003712,-15.943916],[-48.004264,-15.942511],[-48.006761,-15.939939],[-48.00639,-15.939612],[-48.008072,-15.937822],[-48.009574,-15.936225],[-48.011691,-15.934092],[-48.011122,-15.933766],[-48.008882,-15.933777],[-48.006378,-15.931921],[-48.005524,-15.931061],[-48.005077,-15.930002],[-48.005081,-15.928897],[-48.003543,-15.927198],[-48.001697,-15.924631],[-47.999707,-15.922215],[-47.999108,-15.921727],[-47.998494,-15.921496],[-47.99778,-15.919782],[-47.999766,-15.918143],[-48.000311,-15.917868],[-48.000569,-15.917673],[-48.000836,-15.917298],[-48.000508,-15.916405],[-48.001911,-15.914145],[-48.003488,-15.910989],[-48.005662,-15.91052],[-48.007423,-15.908844],[-48.009758,-15.907222],[-48.010083,-15.906155],[-48.010701,-15.90607],[-48.01136,-15.906006],[-48.011581,-15.905984],[-48.013111,-15.905085],[-48.014158,-15.904413],[-48.016118,-15.902403],[-48.016941,-15.902079],[-48.017323,-15.902078],[-48.017466,-15.901865],[-48.017505,-15.901649],[-48.017609,-15.901561],[-48.017733,-15.901252],[-48.017835,-15.900887],[-48.018029,-15.900529],[-48.018323,-15.900186],[-48.018791,-15.900144],[-48.019633,-15.899276],[-48.021012,-15.898591],[-48.02111,-15.898168],[-48.021295,-15.897576],[-48.021495,-15.89727],[-48.021832,-15.897014],[-48.022065,-15.896939],[-48.022377,-15.897098],[-48.022755,-15.897151],[-48.023221,-15.896284]]]}},{"type":"Feature","properties":{"nome":"Samambaia","osm_id":3359482},"geometry":{"type":"Polygon","coordinates":[[[-48.254907,-15.915244],[-48.255081,-15.915675],[-48.25509,-15.915892],[-48.254986,-15.916137],[-48.254219,-15.915968],[-48.254119,-15.916042],[-48.253877,-15.91637],[-48.253716,-15.916671],[-48.253702,-15.916815],[-48.253748,-15.916923],[-48.25411,-15.917215],[-48.255173,-15.917371],[-48.25561,-15.917373],[-48.255796,-15.917307],[-48.255934,-15.917188],[-48.256105,-15.91714],[-48.256224,-15.917202],[-48.25626,-15.917318],[-48.256095,-15.917664],[-48.256123,-15.917808],[-48.256179,-15.91787],[-48.256431,-15.918002],[-48.256731,-15.918061],[-48.257667,-15.918065],[-48.257913,-15.918106],[-48.258134,-15.918337],[-48.258095,-15.918464],[-48.257773,-15.918839],[-48.25787,-15.918982],[-48.258103,-15.919701],[-48.25834,-15.920203],[-48.2585,-15.920408],[-48.258671,-15.920442],[-48.258768,-15.920513],[-48.259255,-15.921047],[-48.259335,-15.921271],[-48.259367,-15.921686],[-48.259445,-15.921938],[-48.259393,-15.922011],[-48.259102,-15.922114],[-48.259037,-15.922206],[-48.258985,-15.922667],[-48.258422,-15.923136],[-48.258416,-15.923226],[-48.258473,-15.923478],[-48.258785,-15.924268],[-48.259003,-15.924508],[-48.259215,-15.92465],[-48.259103,-15.924787],[-48.25864,-15.924722],[-48.25843,-15.924851],[-48.258396,-15.92496],[-48.25849,-15.925229],[-48.258638,-15.925399],[-48.258681,-15.925615],[-48.258784,-15.926462],[-48.258727,-15.92705],[-48.258772,-15.927356],[-48.258919,-15.927579],[-48.259172,-15.927702],[-48.259181,-15.927927],[-48.258962,-15.928481],[-48.258988,-15.92868],[-48.259129,-15.929048],[-48.259135,-15.929372],[-48.25869,-15.929933],[-48.258511,-15.930338],[-48.258785,-15.931052],[-48.258799,-15.931344],[-48.258695,-15.931617],[-48.258285,-15.931981],[-48.258089,-15.932139],[-48.257849,-15.932272],[-48.257636,-15.932322],[-48.257437,-15.932304],[-48.25722,-15.932147],[-48.257024,-15.931936],[-48.256882,-15.931893],[-48.25673,-15.931889],[-48.25585,-15.932154],[-48.255779,-15.932283],[-48.255753,-15.932675],[-48.25559,-15.93311],[-48.255339,-15.934015],[-48.255106,-15.934371],[-48.254769,-15.935579],[-48.254702,-15.936083],[-48.254718,-15.936451],[-48.254718,-15.936587],[-48.254673,-15.936687],[-48.25456,-15.936804],[-48.254433,-15.936861],[-48.254277,-15.936801],[-48.254132,-15.936723],[-48.253806,-15.936503],[-48.253472,-15.936299],[-48.252791,-15.935908],[-48.252575,-15.935851],[-48.252336,-15.935836],[-48.252211,-15.935931],[-48.252307,-15.935452],[-48.250349,-15.933837],[-48.247372,-15.93393],[-48.246514,-15.933548],[-48.246068,-15.932042],[-48.244701,-15.93198],[-48.242673,-15.932083],[-48.240731,-15.931227],[-48.239679,-15.929545],[-48.238253,-15.929545],[-48.235109,-15.933187],[-48.234578,-15.935116],[-48.233819,-15.935385],[-48.232569,-15.934448],[-48.232067,-15.93425],[-48.231354,-15.933822],[-48.230469,-15.933579],[-48.229482,-15.932465],[-48.227792,-15.932083],[-48.226445,-15.934069],[-48.224793,-15.934642],[-48.223849,-15.934766],[-48.222696,-15.93588],[-48.220298,-15.933987],[-48.219305,-15.934796],[-48.21275,-15.931949],[-48.211686,-15.931349],[-48.205884,-15.927754],[-48.200997,-15.92449],[-48.200159,-15.923992],[-48.198286,-15.923168],[-48.18951,-15.919787],[-48.188818,-15.919575],[-48.188112,-15.91951],[-48.187575,-15.919602],[-48.186775,-15.919926],[-48.186071,-15.920511],[-48.183271,-15.923137],[-48.182543,-15.923464],[-48.18189,-15.923528],[-48.181288,-15.923419],[-48.180598,-15.923051],[-48.180046,-15.922471],[-48.179778,-15.921869],[-48.179638,-15.920844],[-48.179245,-15.919756],[-48.178635,-15.919116],[-48.178088,-15.918757],[-48.176012,-15.918101],[-48.175412,-15.917994],[-48.174808,-15.917981],[-48.174178,-15.918043],[-48.173226,-15.918396],[-48.172391,-15.918955],[-48.171896,-15.919526],[-48.170032,-15.922382],[-48.169773,-15.922601],[-48.169377,-15.922788],[-48.166287,-15.923497],[-48.164023,-15.915871],[-48.163678,-15.915168],[-48.163281,-15.914554],[-48.162794,-15.914011],[-48.162275,-15.91355],[-48.161775,-15.913216],[-48.161096,-15.912872],[-48.140291,-15.906532],[-48.13754,-15.905558],[-48.064761,-15.883563],[-48.061915,-15.882887],[-48.060344,-15.882423],[-48.058723,-15.881937],[-48.055712,-15.880806],[-48.055306,-15.880617],[-48.05412,-15.879858],[-48.045846,-15.87437],[-48.042724,-15.872073],[-48.037957,-15.868877],[-48.037699,-15.868757],[-48.037189,-15.868361],[-48.039931,-15.863123],[-48.040624,-15.863467],[-48.044272,-15.863339],[-48.044505,-15.863272],[-48.044701,-15.863143],[-48.044949,-15.862851],[-48.045132,-15.862722],[-48.045729,-15.862108],[-48.046077,-15.861517],[-48.046419,-15.861286],[-48.046829,-15.86082],[-48.047052,-15.860347],[-48.047902,-15.859676],[-48.048051,-15.859483],[-48.048938,-15.859745],[-48.049578,-15.860043],[-48.050138,-15.860439],[-48.050845,-15.861047],[-48.054068,-15.856559],[-48.055815,-15.857349],[-48.056251,-15.857546],[-48.05715,-15.857616],[-48.059543,-15.858581],[-48.060209,-15.858767],[-48.061225,-15.85894],[-48.062486,-15.85827],[-48.062654,-15.85818],[-48.064614,-15.857137],[-48.065557,-15.856313],[-48.066162,-15.855323],[-48.0663,-15.854628],[-48.067937,-15.852268],[-48.067966,-15.851518],[-48.068163,-15.851543],[-48.068426,-15.851577],[-48.068436,-15.85158],[-48.068979,-15.851804],[-48.071249,-15.848052],[-48.072548,-15.846945],[-48.074554,-15.847796],[-48.074955,-15.846722],[-48.075146,-15.846017],[-48.07531,-15.844934],[-48.07533,-15.84359],[-48.076071,-15.843648],[-48.076404,-15.843724],[-48.076965,-15.844104],[-48.077107,-15.844313],[-48.077089,-15.844589],[-48.077193,-15.844684],[-48.077383,-15.84476],[-48.077592,-15.844998],[-48.077876,-15.845105],[-48.078087,-15.845254],[-48.0788,-15.845368],[-48.079351,-15.845587],[-48.079693,-15.846072],[-48.079855,-15.846053],[-48.080121,-15.84592],[-48.080349,-15.84591],[-48.08053,-15.846024],[-48.080882,-15.84612],[-48.081566,-15.846462],[-48.081833,-15.846642],[-48.082318,-15.846861],[-48.08284,-15.84688],[-48.083394,-15.847433],[-48.083496,-15.847698],[-48.083506,-15.84804],[-48.083278,-15.848154],[-48.083211,-15.848268],[-48.083249,-15.848392],[-48.083354,-15.848468],[-48.083858,-15.84842],[-48.084048,-15.848449],[-48.084228,-15.84861],[-48.084314,-15.849029],[-48.084438,-15.849266],[-48.085103,-15.849656],[-48.085597,-15.850074],[-48.085959,-15.85017],[-48.086054,-15.850303],[-48.08612,-15.85054],[-48.086263,-15.850683],[-48.086843,-15.850664],[-48.087898,-15.851463],[-48.088638,-15.852089],[-48.088802,-15.852187],[-48.089357,-15.85247],[-48.090701,-15.852595],[-48.091142,-15.852765],[-48.091532,-15.853096],[-48.091792,-15.853383],[-48.092361,-15.853402],[-48.092876,-15.853238],[-48.09318,-15.853207],[-48.093391,-15.853289],[-48.093795,-15.853659],[-48.094928,-15.853745],[-48.095563,-15.853907],[-48.096027,-15.854234],[-48.096528,-15.85467],[-48.096761,-15.854677],[-48.097015,-15.854623],[-48.097245,-15.85475],[-48.097801,-15.855075],[-48.098323,-15.855335],[-48.098861,-15.855359],[-48.099065,-15.855244],[-48.099246,-15.855179],[-48.099471,-15.855341],[-48.099548,-15.855688],[-48.099703,-15.855833],[-48.099898,-15.855938],[-48.100312,-15.856169],[-48.100655,-15.856432],[-48.100977,-15.856327],[-48.101608,-15.856565],[-48.101846,-15.856463],[-48.102034,-15.856479],[-48.102157,-15.856649],[-48.102433,-15.857114],[-48.102628,-15.857352],[-48.102862,-15.85743],[-48.103031,-15.857367],[-48.103148,-15.857284],[-48.103415,-15.857091],[-48.103668,-15.857035],[-48.103933,-15.857021],[-48.104326,-15.857188],[-48.1048,-15.857384],[-48.105258,-15.85733],[-48.105538,-15.857303],[-48.105718,-15.857506],[-48.105828,-15.857925],[-48.105941,-15.858127],[-48.106202,-15.858379],[-48.106491,-15.858541],[-48.107008,-15.858739],[-48.107135,-15.858992],[-48.107407,-15.859498],[-48.107554,-15.859755],[-48.107929,-15.859936],[-48.108188,-15.86019],[-48.108724,-15.860969],[-48.10944,-15.861624],[-48.109721,-15.862029],[-48.109793,-15.862272],[-48.109782,-15.862642],[-48.10968,-15.86286],[-48.109483,-15.863133],[-48.10949,-15.863381],[-48.109647,-15.863905],[-48.110279,-15.865091],[-48.110382,-15.86541],[-48.110395,-15.865927],[-48.110599,-15.866356],[-48.110809,-15.866708],[-48.111016,-15.866859],[-48.111483,-15.866881],[-48.111805,-15.866988],[-48.112035,-15.867228],[-48.112329,-15.867387],[-48.112367,-15.867402],[-48.1127,-15.867543],[-48.113057,-15.867636],[-48.113411,-15.867754],[-48.1139,-15.867749],[-48.114391,-15.867674],[-48.114618,-15.867484],[-48.115182,-15.867453],[-48.115552,-15.867453],[-48.116186,-15.867534],[-48.116604,-15.867443],[-48.117143,-15.867154],[-48.117576,-15.866886],[-48.117693,-15.866943],[-48.118724,-15.86729],[-48.118951,-15.867241],[-48.119231,-15.867047],[-48.119345,-15.867019],[-48.119652,-15.867041],[-48.120176,-15.86698],[-48.12043,-15.866868],[-48.120632,-15.866648],[-48.120824,-15.866122],[-48.121032,-15.865712],[-48.121099,-15.865621],[-48.12127,-15.865546],[-48.121519,-15.865606],[-48.121933,-15.865916],[-48.12251,-15.866215],[-48.12292,-15.866371],[-48.123223,-15.866403],[-48.123483,-15.86649],[-48.123859,-15.866981],[-48.124533,-15.867494],[-48.124723,-15.867461],[-48.124871,-15.867219],[-48.125415,-15.866696],[-48.126452,-15.86614],[-48.126688,-15.865829],[-48.126792,-15.865756],[-48.127213,-15.865578],[-48.127933,-15.865513],[-48.128469,-15.865316],[-48.128594,-15.865242],[-48.128991,-15.86474],[-48.129085,-15.864675],[-48.129257,-15.864682],[-48.129475,-15.86476],[-48.129559,-15.864731],[-48.129943,-15.864428],[-48.13022,-15.864117],[-48.130348,-15.864079],[-48.130794,-15.864488],[-48.130919,-15.864549],[-48.131073,-15.86452],[-48.131398,-15.864289],[-48.131673,-15.864024],[-48.131899,-15.863506],[-48.132078,-15.863286],[-48.13229,-15.86313],[-48.132405,-15.86311],[-48.132658,-15.863107],[-48.132972,-15.863219],[-48.133671,-15.864049],[-48.134264,-15.864185],[-48.134698,-15.864187],[-48.134811,-15.864213],[-48.135056,-15.86439],[-48.135176,-15.864424],[-48.13529,-15.864396],[-48.135545,-15.864175],[-48.135729,-15.863902],[-48.135823,-15.863837],[-48.136597,-15.863772],[-48.137184,-15.863655],[-48.137707,-15.862961],[-48.138295,-15.86243],[-48.138984,-15.862498],[-48.139141,-15.862456],[-48.139798,-15.86198],[-48.140302,-15.861755],[-48.14053,-15.861556],[-48.141074,-15.861565],[-48.141284,-15.861274],[-48.141979,-15.861123],[-48.142389,-15.860976],[-48.142509,-15.860852],[-48.142717,-15.860735],[-48.142943,-15.860684],[-48.142998,-15.860469],[-48.143038,-15.860378],[-48.143134,-15.860162],[-48.143388,-15.860241],[-48.143519,-15.860141],[-48.143377,-15.859868],[-48.143371,-15.859635],[-48.143525,-15.859108],[-48.143986,-15.858886],[-48.144043,-15.858732],[-48.144211,-15.858564],[-48.144336,-15.858541],[-48.144415,-15.858738],[-48.144557,-15.858907],[-48.145156,-15.858678],[-48.145278,-15.858556],[-48.145298,-15.858353],[-48.145429,-15.85818],[-48.14554,-15.857844],[-48.145748,-15.857542],[-48.145859,-15.857215],[-48.146036,-15.856953],[-48.146235,-15.856876],[-48.146562,-15.856887],[-48.147234,-15.857075],[-48.147476,-15.856939],[-48.147892,-15.856133],[-48.147933,-15.856093],[-48.148131,-15.855902],[-48.148432,-15.855826],[-48.149056,-15.855853],[-48.149213,-15.855914],[-48.149608,-15.855914],[-48.149872,-15.855832],[-48.14997,-15.855768],[-48.150012,-15.855552],[-48.149879,-15.855094],[-48.149873,-15.854937],[-48.149924,-15.854781],[-48.15067,-15.854226],[-48.151014,-15.8541],[-48.151251,-15.854098],[-48.151757,-15.854177],[-48.152566,-15.854112],[-48.152964,-15.854285],[-48.15334,-15.854604],[-48.153514,-15.855063],[-48.15366,-15.8551],[-48.154268,-15.85504],[-48.154909,-15.854536],[-48.155134,-15.854496],[-48.155453,-15.854508],[-48.155808,-15.854738],[-48.155899,-15.854664],[-48.156164,-15.854664],[-48.157633,-15.854786],[-48.158174,-15.854903],[-48.158629,-15.854872],[-48.158675,-15.854764],[-48.158968,-15.85469],[-48.159068,-15.854431],[-48.159398,-15.854323],[-48.159466,-15.854254],[-48.159589,-15.853927],[-48.159748,-15.853711],[-48.160004,-15.853531],[-48.160315,-15.853212],[-48.160474,-15.853187],[-48.160557,-15.853403],[-48.160671,-15.853437],[-48.160972,-15.853252],[-48.160998,-15.853093],[-48.16114,-15.852774],[-48.161357,-15.852472],[-48.161485,-15.852452],[-48.161735,-15.852512],[-48.162265,-15.852744],[-48.16254,-15.852776],[-48.162874,-15.852313],[-48.163312,-15.852037],[-48.16346,-15.851766],[-48.163611,-15.851689],[-48.163808,-15.851706],[-48.164195,-15.85192],[-48.164355,-15.852033],[-48.164419,-15.852317],[-48.164376,-15.852551],[-48.16447,-15.852882],[-48.164679,-15.853021],[-48.164854,-15.853057],[-48.165074,-15.853227],[-48.165237,-15.853226],[-48.165452,-15.853129],[-48.165701,-15.852931],[-48.165834,-15.852944],[-48.166152,-15.853122],[-48.166409,-15.853318],[-48.166603,-15.853335],[-48.166738,-15.853314],[-48.166979,-15.853175],[-48.167377,-15.852808],[-48.167574,-15.852683],[-48.167807,-15.852634],[-48.168107,-15.852717],[-48.16837,-15.852495],[-48.168584,-15.85252],[-48.16865,-15.852864],[-48.168778,-15.852968],[-48.169028,-15.853096],[-48.169044,-15.853326],[-48.168934,-15.853713],[-48.168949,-15.85391],[-48.169356,-15.853944],[-48.169811,-15.854123],[-48.170426,-15.854197],[-48.170566,-15.854303],[-48.171205,-15.854555],[-48.171427,-15.854696],[-48.171667,-15.855083],[-48.172003,-15.85548],[-48.172451,-15.855566],[-48.172803,-15.855393],[-48.173302,-15.855379],[-48.173669,-15.855444],[-48.174284,-15.855669],[-48.174648,-15.855965],[-48.175044,-15.856265],[-48.175333,-15.856553],[-48.175651,-15.857569],[-48.175967,-15.857666],[-48.176234,-15.857578],[-48.176358,-15.85734],[-48.17679,-15.857142],[-48.177006,-15.857201],[-48.176978,-15.857395],[-48.177183,-15.85759],[-48.177275,-15.857797],[-48.177252,-15.85833],[-48.177317,-15.858862],[-48.17803,-15.860269],[-48.178239,-15.86077],[-48.177822,-15.861229],[-48.177623,-15.861417],[-48.177538,-15.861836],[-48.177624,-15.862052],[-48.177818,-15.862148],[-48.178016,-15.862066],[-48.178618,-15.861858],[-48.179019,-15.861816],[-48.179439,-15.861661],[-48.180154,-15.861163],[-48.180453,-15.861112],[-48.181702,-15.860668],[-48.182092,-15.860577],[-48.182212,-15.860665],[-48.182357,-15.861477],[-48.182393,-15.861856],[-48.182613,-15.862253],[-48.183015,-15.862679],[-48.183285,-15.862927],[-48.183281,-15.863147],[-48.183368,-15.863323],[-48.183517,-15.863475],[-48.183643,-15.863771],[-48.183672,-15.863964],[-48.183886,-15.864041],[-48.183894,-15.864135],[-48.183601,-15.864238],[-48.183485,-15.864341],[-48.183562,-15.864621],[-48.183739,-15.864616],[-48.183809,-15.864733],[-48.183871,-15.864992],[-48.184142,-15.865288],[-48.184139,-15.865497],[-48.184223,-15.865712],[-48.184328,-15.865783],[-48.184777,-15.865671],[-48.184854,-15.865872],[-48.184646,-15.866092],[-48.184641,-15.866356],[-48.184989,-15.866586],[-48.185241,-15.866752],[-48.185408,-15.867005],[-48.185394,-15.867392],[-48.185595,-15.867465],[-48.185915,-15.867449],[-48.186075,-15.867571],[-48.186447,-15.867884],[-48.186657,-15.868376],[-48.186957,-15.868431],[-48.187148,-15.868486],[-48.187316,-15.868607],[-48.187467,-15.868742],[-48.187589,-15.869035],[-48.187684,-15.869073],[-48.187926,-15.869062],[-48.188068,-15.869028],[-48.188192,-15.869041],[-48.188229,-15.869229],[-48.188409,-15.86934],[-48.18866,-15.86931],[-48.188768,-15.869426],[-48.18875,-15.869813],[-48.18875,-15.869898],[-48.189202,-15.870216],[-48.18928,-15.870333],[-48.189335,-15.870449],[-48.189293,-15.870784],[-48.18945,-15.870998],[-48.189773,-15.87112],[-48.190298,-15.871121],[-48.190428,-15.87121],[-48.190696,-15.871585],[-48.190878,-15.871681],[-48.191055,-15.871661],[-48.191431,-15.87142],[-48.191745,-15.871301],[-48.192146,-15.871352],[-48.192515,-15.871648],[-48.19257,-15.871711],[-48.192621,-15.871902],[-48.192338,-15.872181],[-48.191898,-15.872199],[-48.191797,-15.8723],[-48.191681,-15.872527],[-48.191708,-15.872644],[-48.191776,-15.872743],[-48.191896,-15.872723],[-48.192043,-15.87254],[-48.192145,-15.872511],[-48.19264,-15.873271],[-48.192844,-15.873323],[-48.193219,-15.873263],[-48.193292,-15.873415],[-48.193277,-15.873578],[-48.193077,-15.873717],[-48.193076,-15.873879],[-48.193745,-15.87442],[-48.194273,-15.874767],[-48.194739,-15.875073],[-48.194831,-15.875189],[-48.194853,-15.875243],[-48.194513,-15.875393],[-48.194423,-15.87552],[-48.194721,-15.876003],[-48.194787,-15.876219],[-48.195592,-15.877083],[-48.195682,-15.877244],[-48.195746,-15.877659],[-48.195819,-15.877721],[-48.195955,-15.877701],[-48.196147,-15.877589],[-48.196231,-15.877633],[-48.196294,-15.877813],[-48.196244,-15.878229],[-48.196663,-15.878557],[-48.196483,-15.878713],[-48.196055,-15.878954],[-48.195998,-15.879027],[-48.196018,-15.879162],[-48.196272,-15.879375],[-48.196382,-15.879401],[-48.196692,-15.879369],[-48.196809,-15.879421],[-48.196908,-15.879637],[-48.196863,-15.879971],[-48.196895,-15.880061],[-48.197228,-15.880363],[-48.197659,-15.880556],[-48.197725,-15.880654],[-48.19776,-15.880843],[-48.197729,-15.881403],[-48.197766,-15.882134],[-48.197965,-15.883233],[-48.1981,-15.883339],[-48.198188,-15.883292],[-48.198466,-15.882864],[-48.198611,-15.882817],[-48.198761,-15.882824],[-48.199195,-15.883169],[-48.200227,-15.884337],[-48.200217,-15.884436],[-48.199925,-15.884648],[-48.199897,-15.88473],[-48.199924,-15.884883],[-48.200096,-15.885133],[-48.200578,-15.885388],[-48.200739,-15.885647],[-48.200641,-15.886145],[-48.200707,-15.88721],[-48.200659,-15.88731],[-48.20028,-15.887658],[-48.200324,-15.887992],[-48.200452,-15.888324],[-48.200602,-15.888574],[-48.200957,-15.888804],[-48.201315,-15.889259],[-48.201848,-15.889323],[-48.20201,-15.889438],[-48.202142,-15.889725],[-48.202343,-15.890454],[-48.202289,-15.89087],[-48.202166,-15.891269],[-48.202169,-15.891413],[-48.202244,-15.891511],[-48.202399,-15.891563],[-48.202889,-15.891547],[-48.203684,-15.891607],[-48.203806,-15.892039],[-48.203849,-15.89212],[-48.203954,-15.892145],[-48.204158,-15.892016],[-48.204423,-15.891562],[-48.204652,-15.89138],[-48.204965,-15.891471],[-48.205414,-15.891528],[-48.205832,-15.891494],[-48.205947,-15.891583],[-48.206013,-15.891826],[-48.205954,-15.892133],[-48.205778,-15.892488],[-48.205786,-15.89256],[-48.206057,-15.892791],[-48.206187,-15.893159],[-48.206717,-15.893774],[-48.206859,-15.893799],[-48.207094,-15.893498],[-48.207895,-15.892971],[-48.208112,-15.892905],[-48.208226,-15.892921],[-48.208252,-15.893156],[-48.208197,-15.893364],[-48.207796,-15.894101],[-48.207745,-15.894599],[-48.207801,-15.894751],[-48.208243,-15.895566],[-48.208327,-15.895646],[-48.208627,-15.895741],[-48.209214,-15.895651],[-48.209517,-15.895656],[-48.209602,-15.895817],[-48.209611,-15.896079],[-48.209686,-15.896339],[-48.209927,-15.896661],[-48.210253,-15.896972],[-48.2104,-15.897051],[-48.210618,-15.897039],[-48.210766,-15.896964],[-48.210913,-15.896746],[-48.210905,-15.896628],[-48.210398,-15.896347],[-48.21035,-15.896285],[-48.210419,-15.896193],[-48.210888,-15.896168],[-48.211955,-15.895584],[-48.212062,-15.895627],[-48.212224,-15.896058],[-48.212515,-15.896306],[-48.212599,-15.896432],[-48.212515,-15.897155],[-48.212608,-15.897298],[-48.212936,-15.897573],[-48.213342,-15.897639],[-48.214033,-15.89743],[-48.214449,-15.897758],[-48.214536,-15.897757],[-48.214599,-15.897684],[-48.214638,-15.897485],[-48.214732,-15.897384],[-48.215371,-15.897374],[-48.216586,-15.897248],[-48.217051,-15.897494],[-48.217173,-15.897474],[-48.217372,-15.897363],[-48.217492,-15.897397],[-48.218135,-15.897685],[-48.218174,-15.898253],[-48.218527,-15.899079],[-48.218639,-15.899149],[-48.218756,-15.899121],[-48.218894,-15.899001],[-48.21942,-15.898262],[-48.219527,-15.898215],[-48.219623,-15.898259],[-48.219875,-15.898761],[-48.21983,-15.899231],[-48.219876,-15.899474],[-48.220387,-15.899755],[-48.220562,-15.899924],[-48.220569,-15.900042],[-48.220339,-15.900424],[-48.220321,-15.900542],[-48.220463,-15.901154],[-48.220542,-15.901279],[-48.220651,-15.901322],[-48.220843,-15.901292],[-48.22165,-15.900883],[-48.221714,-15.900666],[-48.221575,-15.900379],[-48.221588,-15.900288],[-48.22174,-15.900141],[-48.221801,-15.900113],[-48.221892,-15.900139],[-48.222047,-15.900372],[-48.222335,-15.901117],[-48.223096,-15.900916],[-48.223189,-15.900905],[-48.22324,-15.900959],[-48.223166,-15.901149],[-48.222917,-15.901433],[-48.222997,-15.901649],[-48.223292,-15.902014],[-48.2237,-15.902279],[-48.224496,-15.902439],[-48.224717,-15.902399],[-48.224842,-15.902253],[-48.224853,-15.902144],[-48.224723,-15.901939],[-48.224128,-15.90165],[-48.224015,-15.901516],[-48.223972,-15.901246],[-48.224105,-15.90091],[-48.224338,-15.900708],[-48.224454,-15.900688],[-48.22453,-15.900732],[-48.224616,-15.9012],[-48.224733,-15.901298],[-48.225074,-15.901166],[-48.225367,-15.901108],[-48.225735,-15.901075],[-48.226469,-15.901118],[-48.226535,-15.900982],[-48.226384,-15.900135],[-48.226445,-15.899963],[-48.22652,-15.899907],[-48.226925,-15.900046],[-48.227463,-15.900525],[-48.22755,-15.900497],[-48.227646,-15.900315],[-48.227732,-15.900251],[-48.227956,-15.900175],[-48.22857,-15.900238],[-48.2288,-15.900307],[-48.228842,-15.900378],[-48.228826,-15.900469],[-48.228573,-15.900744],[-48.228362,-15.900891],[-48.227976,-15.901005],[-48.227889,-15.901142],[-48.227949,-15.901403],[-48.228209,-15.901661],[-48.228469,-15.90182],[-48.229395,-15.901747],[-48.230466,-15.901627],[-48.230668,-15.901543],[-48.230739,-15.901415],[-48.230691,-15.901236],[-48.230486,-15.90104],[-48.230097,-15.900829],[-48.230529,-15.900597],[-48.230652,-15.900604],[-48.230806,-15.90071],[-48.231303,-15.901533],[-48.231488,-15.901711],[-48.231633,-15.901754],[-48.231774,-15.901716],[-48.231833,-15.901616],[-48.231793,-15.900966],[-48.231867,-15.900721],[-48.232404,-15.900713],[-48.232868,-15.900562],[-48.233238,-15.900502],[-48.233728,-15.900513],[-48.233922,-15.900564],[-48.234142,-15.900714],[-48.234249,-15.900975],[-48.234357,-15.901054],[-48.234567,-15.900979],[-48.234812,-15.900813],[-48.23525,-15.90077],[-48.235288,-15.900571],[-48.234912,-15.90036],[-48.234878,-15.900252],[-48.235023,-15.89969],[-48.234998,-15.899176],[-48.235136,-15.899093],[-48.23527,-15.89909],[-48.235339,-15.899207],[-48.235466,-15.899837],[-48.235574,-15.900007],[-48.235658,-15.900042],[-48.235861,-15.899939],[-48.236086,-15.89962],[-48.236426,-15.899353],[-48.236759,-15.899213],[-48.237013,-15.899254],[-48.237065,-15.899343],[-48.236999,-15.899435],[-48.236472,-15.899768],[-48.236359,-15.899959],[-48.236356,-15.900121],[-48.236457,-15.900418],[-48.236876,-15.90108],[-48.236859,-15.901342],[-48.236794,-15.901559],[-48.2366,-15.901869],[-48.235947,-15.902439],[-48.235781,-15.902685],[-48.235835,-15.902928],[-48.236315,-15.903183],[-48.236782,-15.903627],[-48.237008,-15.903669],[-48.238014,-15.903681],[-48.23859,-15.903853],[-48.238698,-15.903806],[-48.238871,-15.903632],[-48.239473,-15.903361],[-48.239815,-15.903094],[-48.240185,-15.902727],[-48.240369,-15.902643],[-48.240444,-15.902705],[-48.240396,-15.902833],[-48.240035,-15.903271],[-48.239996,-15.903525],[-48.240223,-15.903964],[-48.240414,-15.904232],[-48.240753,-15.904597],[-48.241028,-15.904809],[-48.241451,-15.904929],[-48.241844,-15.904905],[-48.242216,-15.904818],[-48.24238,-15.904816],[-48.242595,-15.904903],[-48.243121,-15.905211],[-48.243643,-15.905582],[-48.24422,-15.906323],[-48.24445,-15.906527],[-48.244932,-15.906741],[-48.24579,-15.907121],[-48.246438,-15.907581],[-48.246601,-15.907578],[-48.2468,-15.907322],[-48.247067,-15.90712],[-48.247108,-15.907201],[-48.246786,-15.908063],[-48.246753,-15.908993],[-48.246827,-15.909254],[-48.246932,-15.909316],[-48.247043,-15.909278],[-48.247347,-15.908876],[-48.247437,-15.908803],[-48.247507,-15.908801],[-48.247554,-15.908837],[-48.247801,-15.90951],[-48.247921,-15.909599],[-48.248154,-15.909523],[-48.248426,-15.909257],[-48.248534,-15.909093],[-48.248666,-15.908676],[-48.248747,-15.908629],[-48.249424,-15.908881],[-48.249638,-15.908896],[-48.250449,-15.908739],[-48.250628,-15.908746],[-48.250777,-15.908861],[-48.250918,-15.90912],[-48.251074,-15.909145],[-48.251337,-15.909015],[-48.251492,-15.909021],[-48.251884,-15.909349],[-48.252437,-15.909693],[-48.252597,-15.909853],[-48.252698,-15.910123],[-48.252461,-15.910487],[-48.252451,-15.910605],[-48.252565,-15.910782],[-48.253184,-15.91174],[-48.253392,-15.911837],[-48.253466,-15.911781],[-48.253597,-15.911536],[-48.253528,-15.911004],[-48.253642,-15.910885],[-48.253791,-15.910819],[-48.253908,-15.910827],[-48.254381,-15.911424],[-48.254559,-15.911584],[-48.254606,-15.91152],[-48.254711,-15.911492],[-48.254818,-15.911481],[-48.254934,-15.911533],[-48.254971,-15.911704],[-48.254922,-15.912229],[-48.25517,-15.912342],[-48.255381,-15.91252],[-48.255443,-15.912654],[-48.255442,-15.912772],[-48.254957,-15.913077],[-48.254775,-15.913278],[-48.25473,-15.913387],[-48.254867,-15.913683],[-48.254894,-15.91399],[-48.254717,-15.914335],[-48.254364,-15.914792],[-48.254216,-15.914903],[-48.254179,-15.915084],[-48.254429,-15.915423],[-48.254512,-15.915413],[-48.254674,-15.915284],[-48.254907,-15.915244]]]}},{"type":"Feature","properties":{"nome":"Santa Maria","osm_id":3359483},"geometry":{"type":"Polygon","coordinates":[[[-47.962499,-16.049909],[-47.978074,-16.049894],[-47.977963,-16.049188],[-47.977946,-16.049086],[-47.981086,-16.049083],[-47.994891,-16.04907],[-48.00483,-16.048982],[-48.008029,-16.049051],[-48.017021,-16.049062],[-48.017221,-16.049062],[-48.030693,-16.049002],[-48.030694,-16.049391],[-48.030694,-16.049402],[-48.030556,-16.049674],[-48.030593,-16.049815],[-48.030826,-16.050027],[-48.031609,-16.050024],[-48.03304,-16.050019],[-48.038588,-16.049999],[-48.038549,-16.049957],[-48.037183,-16.048495],[-48.037898,-16.04821],[-48.038845,-16.047625],[-48.039816,-16.046886],[-48.040503,-16.046182],[-48.040696,-16.045979],[-48.047148,-16.037355],[-48.047677,-16.036797],[-48.048294,-16.03635],[-48.048827,-16.03609],[-48.049839,-16.035876],[-48.050759,-16.035879],[-48.051631,-16.036106],[-48.052628,-16.036594],[-48.053988,-16.03743],[-48.054101,-16.037267],[-48.054104,-16.037009],[-48.053865,-16.03648],[-48.053558,-16.036222],[-48.053409,-16.035619],[-48.05285,-16.03504],[-48.052371,-16.034198],[-48.052223,-16.033812],[-48.051824,-16.033457],[-48.051595,-16.033108],[-48.051443,-16.032613],[-48.051177,-16.032021],[-48.050849,-16.030879],[-48.050056,-16.030457],[-48.049589,-16.029922],[-48.049522,-16.029553],[-48.049301,-16.02924],[-48.049324,-16.029059],[-48.049514,-16.028632],[-48.049372,-16.028426],[-48.04917,-16.028402],[-48.049139,-16.028285],[-48.04925,-16.027796],[-48.049244,-16.027606],[-48.049074,-16.027428],[-48.048681,-16.027181],[-48.048486,-16.027138],[-48.048279,-16.027187],[-48.048166,-16.027098],[-48.048049,-16.02682],[-48.047982,-16.026089],[-48.047892,-16.026],[-48.047779,-16.025514],[-48.047432,-16.025104],[-48.047133,-16.024846],[-48.046959,-16.024451],[-48.046485,-16.023907],[-48.046164,-16.023099],[-48.045914,-16.022724],[-48.045734,-16.021904],[-48.045657,-16.020849],[-48.045406,-16.020509],[-48.044912,-16.020146],[-48.043956,-16.019708],[-48.043674,-16.019514],[-48.043288,-16.0196],[-48.043008,-16.019875],[-48.042811,-16.01977],[-48.042526,-16.019792],[-48.042252,-16.019669],[-48.042046,-16.019663],[-48.041354,-16.020007],[-48.040793,-16.020114],[-48.040693,-16.020233],[-48.040564,-16.020298],[-48.040444,-16.020282],[-48.040179,-16.020096],[-48.040076,-16.020107],[-48.039922,-16.020307],[-48.039816,-16.020309],[-48.039611,-16.02014],[-48.03951,-16.019952],[-48.039347,-16.01981],[-48.039287,-16.019648],[-48.039142,-16.019461],[-48.038663,-16.019052],[-48.038283,-16.018832],[-48.038016,-16.018456],[-48.037565,-16.018156],[-48.037313,-16.017879],[-48.036926,-16.017686],[-48.036358,-16.017324],[-48.0363,-16.017225],[-48.035743,-16.016836],[-48.0351,-16.016014],[-48.034563,-16.015877],[-48.033989,-16.015362],[-48.033556,-16.014899],[-48.032843,-16.014584],[-48.032347,-16.014229],[-48.032094,-16.01379],[-48.031891,-16.013324],[-48.03163,-16.013192],[-48.031461,-16.012806],[-48.030744,-16.012365],[-48.030546,-16.012079],[-48.03044,-16.012026],[-48.030224,-16.012029],[-48.030077,-16.011941],[-48.02979,-16.011484],[-48.029732,-16.011133],[-48.029607,-16.010909],[-48.029348,-16.01071],[-48.028987,-16.010511],[-48.028454,-16.010375],[-48.028377,-16.010312],[-48.028282,-16.01016],[-48.028187,-16.009746],[-48.028138,-16.009684],[-48.027668,-16.00941],[-48.027349,-16.009036],[-48.0268,-16.008547],[-48.026508,-16.008388],[-48.026258,-16.008428],[-48.026161,-16.008366],[-48.025952,-16.008098],[-48.025681,-16.007894],[-48.024559,-16.007188],[-48.023594,-16.006696],[-48.023356,-16.006491],[-48.023114,-16.006179],[-48.022765,-16.006012],[-48.022481,-16.005799],[-48.022242,-16.005694],[-48.021852,-16.005438],[-48.021416,-16.004984],[-48.021039,-16.004422],[-48.020822,-16.004098],[-48.020547,-16.003858],[-48.020271,-16.003708],[-48.019804,-16.003543],[-48.019289,-16.003208],[-48.019191,-16.003119],[-48.019146,-16.002939],[-48.018994,-16.002814],[-48.018802,-16.002754],[-48.018552,-16.002857],[-48.018434,-16.002849],[-48.018148,-16.0027],[-48.018064,-16.002611],[-48.017906,-16.002089],[-48.017787,-16.001892],[-48.016341,-16.000585],[-48.016101,-16.000173],[-48.015017,-15.999448],[-48.014553,-15.999328],[-48.013965,-15.999066],[-48.013449,-15.998495],[-48.013302,-15.998172],[-48.013296,-15.997937],[-48.012912,-15.997906],[-48.012854,-15.997691],[-48.012566,-15.997776],[-48.012421,-15.997706],[-48.012238,-15.997392],[-48.011801,-15.997227],[-48.011219,-15.996332],[-48.011229,-15.995862],[-48.011093,-15.995521],[-48.011018,-15.995025],[-48.010868,-15.994603],[-48.010809,-15.994098],[-48.010536,-15.993208],[-48.010349,-15.992019],[-48.010009,-15.991084],[-48.009656,-15.990412],[-48.008572,-15.988992],[-48.008345,-15.988399],[-48.008205,-15.988184],[-48.008048,-15.98806],[-48.007716,-15.987496],[-48.007048,-15.986087],[-48.004571,-15.977986],[-48.004524,-15.977831],[-48.003408,-15.978036],[-48.002148,-15.978181],[-48.000748,-15.978254],[-47.99969,-15.97825],[-47.998272,-15.978171],[-47.996815,-15.977988],[-47.990739,-15.976828],[-47.990442,-15.976812],[-47.990114,-15.976793],[-47.989947,-15.976784],[-47.989795,-15.976755],[-47.989443,-15.976687],[-47.98933,-15.976665],[-47.978828,-15.974651],[-47.977312,-15.974484],[-47.97699,-15.974448],[-47.975213,-15.974372],[-47.97345,-15.974399],[-47.970672,-15.974621],[-47.968387,-15.975049],[-47.966318,-15.975592],[-47.962252,-15.977012],[-47.955854,-15.979267],[-47.954171,-15.979843],[-47.945782,-15.982772],[-47.942942,-15.983448],[-47.939737,-15.983882],[-47.936761,-15.983962],[-47.933576,-15.983651],[-47.929899,-15.982864],[-47.925431,-15.981314],[-47.879365,-15.964455],[-47.876848,-15.963268],[-47.874465,-15.961773],[-47.873265,-15.960876],[-47.836929,-15.930344],[-47.836506,-15.930052],[-47.835618,-15.92944],[-47.833402,-15.928411],[-47.833041,-15.92822],[-47.83268,-15.92803],[-47.832463,-15.928501],[-47.832364,-15.928716],[-47.827698,-15.938852],[-47.823647,-15.947346],[-47.818399,-15.958643],[-47.818053,-15.959987],[-47.817924,-15.960693],[-47.817879,-15.961394],[-47.819975,-15.980336],[-47.81999,-15.981473],[-47.819928,-15.982244],[-47.819217,-15.983661],[-47.818232,-15.985177],[-47.817391,-15.986103],[-47.815686,-15.98764],[-47.814981,-15.988517],[-47.812882,-15.991733],[-47.811232,-15.994404],[-47.809455,-15.997261],[-47.802696,-16.007887],[-47.801403,-16.010896],[-47.801119,-16.011887],[-47.800988,-16.012813],[-47.80155,-16.023163],[-47.802255,-16.025044],[-47.814697,-16.049933],[-47.831288,-16.04994],[-47.831047,-16.050263],[-47.938573,-16.050262],[-47.938727,-16.049399],[-47.953617,-16.049418],[-47.961832,-16.049277],[-47.962499,-16.049909]]]}},{"type":"Feature","properties":{"nome":"SCIA","osm_id":3359484},"geometry":{"type":"Polygon","coordinates":[[[-47.938482,-15.777137],[-47.937693,-15.774785],[-47.937038,-15.773008],[-47.935981,-15.770655],[-47.934104,-15.767579],[-47.927799,-15.757544],[-47.927757,-15.757478],[-47.925844,-15.754433],[-47.916897,-15.740062],[-47.917345,-15.740021],[-47.918511,-15.739914],[-47.919284,-15.739928],[-47.919824,-15.740402],[-47.920871,-15.742117],[-47.920763,-15.742261],[-47.920977,-15.742623],[-47.9209,-15.743039],[-47.920901,-15.7438],[-47.92112,-15.744137],[-47.927875,-15.740166],[-47.942355,-15.747921],[-47.948761,-15.747714],[-47.951774,-15.747501],[-47.952777,-15.747474],[-47.95495,-15.747581],[-47.956147,-15.747346],[-47.957228,-15.747231],[-47.958875,-15.747432],[-47.961606,-15.747879],[-47.962287,-15.748154],[-47.969685,-15.752575],[-47.972955,-15.756083],[-47.976191,-15.763357],[-47.976309,-15.764059],[-47.975865,-15.765293],[-47.975664,-15.771951],[-47.971218,-15.776587],[-47.978146,-15.782776],[-47.988926,-15.771349],[-48.003741,-15.755343],[-48.004207,-15.754979],[-48.006056,-15.75424],[-48.00594,-15.754604],[-48.005656,-15.755493],[-48.005778,-15.757632],[-48.006342,-15.760054],[-48.006765,-15.760982],[-48.00682,-15.761577],[-48.007199,-15.762989],[-48.007183,-15.763277],[-48.007011,-15.763716],[-48.007188,-15.764185],[-48.007081,-15.765],[-48.006965,-15.76538],[-48.006549,-15.766271],[-48.006513,-15.766434],[-48.006539,-15.766795],[-48.006692,-15.767362],[-48.006752,-15.767794],[-48.006593,-15.76925],[-48.006334,-15.770328],[-48.006207,-15.771712],[-48.006113,-15.772038],[-48.005987,-15.772211],[-48.005978,-15.772383],[-48.006055,-15.772599],[-48.006498,-15.77308],[-48.006651,-15.773385],[-48.006603,-15.773882],[-48.006455,-15.774616],[-48.006653,-15.775137],[-48.006661,-15.775435],[-48.006521,-15.776015],[-48.006386,-15.776215],[-48.006181,-15.776326],[-48.006062,-15.776599],[-48.005997,-15.777042],[-48.006103,-15.777845],[-48.006086,-15.77817],[-48.005811,-15.778517],[-48.005685,-15.779395],[-48.005555,-15.779712],[-48.005401,-15.780437],[-48.004947,-15.781193],[-48.00461,-15.781983],[-48.004432,-15.782581],[-48.004271,-15.782836],[-48.004236,-15.783171],[-48.004333,-15.783341],[-48.004555,-15.783573],[-48.004565,-15.783663],[-48.004533,-15.783745],[-48.004392,-15.783837],[-48.004343,-15.783919],[-48.00424,-15.784246],[-48.004083,-15.784546],[-48.003671,-15.784904],[-48.003423,-15.785295],[-48.003073,-15.785706],[-48.003002,-15.786244],[-48.001943,-15.786183],[-48.000037,-15.786151],[-47.997491,-15.786207],[-47.99507,-15.786403],[-47.992658,-15.786713],[-47.99075,-15.787054],[-47.989341,-15.787363],[-47.98658,-15.788078],[-47.983376,-15.789143],[-47.980013,-15.790565],[-47.977738,-15.791684],[-47.971795,-15.794918],[-47.970474,-15.795427],[-47.969954,-15.795576],[-47.96911,-15.795736],[-47.96771,-15.795837],[-47.965995,-15.795684],[-47.962433,-15.794992],[-47.958964,-15.794093],[-47.956768,-15.793321],[-47.955519,-15.792807],[-47.953151,-15.791553],[-47.94729,-15.787844],[-47.946013,-15.787219],[-47.944054,-15.78648],[-47.94136,-15.785798],[-47.938482,-15.777137]]]}},{"type":"Feature","properties":{"nome":"SIA","osm_id":3359485},"geometry":{"type":"Polygon","coordinates":[[[-47.983346,-15.805799],[-47.984313,-15.807149],[-47.991109,-15.806172],[-47.992099,-15.805974],[-47.991838,-15.803794],[-47.991721,-15.803358],[-47.99135,-15.800102],[-47.991228,-15.799637],[-47.990815,-15.796085],[-47.991001,-15.796062],[-47.990444,-15.791937],[-47.990188,-15.79004],[-47.989341,-15.787363],[-47.98658,-15.788078],[-47.983376,-15.789143],[-47.980013,-15.790565],[-47.977738,-15.791684],[-47.971795,-15.794918],[-47.970474,-15.795427],[-47.969954,-15.795576],[-47.96911,-15.795736],[-47.96771,-15.795837],[-47.965995,-15.795684],[-47.962433,-15.794992],[-47.958964,-15.794093],[-47.956768,-15.793321],[-47.955519,-15.792807],[-47.953151,-15.791553],[-47.94729,-15.787844],[-47.946013,-15.787219],[-47.944054,-15.78648],[-47.94136,-15.785798],[-47.94375,-15.792934],[-47.943792,-15.79306],[-47.944246,-15.794416],[-47.946175,-15.800173],[-47.946278,-15.800465],[-47.946717,-15.801698],[-47.946769,-15.801844],[-47.94755,-15.804627],[-47.947824,-15.806323],[-47.948084,-15.807933],[-47.948093,-15.807989],[-47.948422,-15.810024],[-47.948439,-15.810124],[-47.948458,-15.810246],[-47.948473,-15.810336],[-47.950059,-15.820176],[-47.950597,-15.82005],[-47.953549,-15.819598],[-47.953304,-15.818031],[-47.955135,-15.81777],[-47.955394,-15.817883],[-47.958966,-15.817334],[-47.958798,-15.816305],[-47.959513,-15.816196],[-47.970113,-15.820918],[-47.970275,-15.819645],[-47.970318,-15.818881],[-47.970855,-15.818716],[-47.970984,-15.817229],[-47.970039,-15.813307],[-47.970211,-15.810809],[-47.970619,-15.80957],[-47.971016,-15.808799],[-47.971165,-15.808524],[-47.971606,-15.80767],[-47.973025,-15.806893],[-47.975214,-15.806274],[-47.976756,-15.805668],[-47.979052,-15.805193],[-47.983346,-15.805799]]]}},{"type":"Feature","properties":{"nome":"Sobradinho II","osm_id":3359486},"geometry":{"type":"Polygon","coordinates":[[[-47.770752,-15.51639],[-47.770614,-15.516229],[-47.770388,-15.516151],[-47.770456,-15.515978],[-47.770555,-15.515941],[-47.770977,-15.515412],[-47.77092,-15.515738],[-47.77106,-15.515889],[-47.771786,-15.516052],[-47.77202,-15.516031],[-47.772227,-15.515911],[-47.772349,-15.515683],[-47.772348,-15.515449],[-47.772298,-15.515359],[-47.77194,-15.515237],[-47.771764,-15.515104],[-47.77175,-15.514896],[-47.771856,-15.514741],[-47.772027,-15.51492],[-47.772413,-15.515005],[-47.773049,-15.514988],[-47.773472,-15.514802],[-47.773688,-15.514781],[-47.773911,-15.514887],[-47.774134,-15.514902],[-47.774065,-15.514686],[-47.773587,-15.514431],[-47.77298,-15.51395],[-47.773185,-15.514553],[-47.773189,-15.514652],[-47.773052,-15.514672],[-47.772811,-15.51454],[-47.772393,-15.514418],[-47.771832,-15.514383],[-47.771683,-15.514373],[-47.771388,-15.514314],[-47.771203,-15.514226],[-47.771107,-15.514091],[-47.771136,-15.513929],[-47.77133,-15.513809],[-47.771455,-15.513617],[-47.771704,-15.513045],[-47.772202,-15.512515],[-47.772416,-15.512215],[-47.772549,-15.5114],[-47.772532,-15.511174],[-47.772494,-15.511116],[-47.772391,-15.510959],[-47.772217,-15.510835],[-47.771455,-15.510655],[-47.771238,-15.510567],[-47.771028,-15.510353],[-47.771005,-15.510281],[-47.771059,-15.510064],[-47.771243,-15.50989],[-47.771653,-15.509767],[-47.771754,-15.509567],[-47.771785,-15.509025],[-47.771605,-15.508567],[-47.771492,-15.508455],[-47.771343,-15.508308],[-47.771052,-15.508176],[-47.770968,-15.508331],[-47.771045,-15.508556],[-47.77137,-15.508741],[-47.771347,-15.508976],[-47.771296,-15.509049],[-47.771096,-15.509151],[-47.770848,-15.509145],[-47.770447,-15.509006],[-47.770226,-15.508774],[-47.770201,-15.508557],[-47.770304,-15.507942],[-47.770321,-15.507499],[-47.770298,-15.507346],[-47.770166,-15.507185],[-47.770476,-15.502142],[-47.772144,-15.502142],[-47.830274,-15.502161],[-47.853978,-15.502168],[-47.944363,-15.502197],[-47.97625,-15.502207],[-48.034835,-15.502226],[-48.034032,-15.503501],[-48.033931,-15.504295],[-48.034076,-15.504914],[-48.037266,-15.511416],[-48.039399,-15.517],[-48.039639,-15.518057],[-48.039614,-15.519755],[-48.03897,-15.524464],[-48.038763,-15.525537],[-48.038441,-15.526433],[-48.038055,-15.527178],[-48.03533,-15.531353],[-48.034851,-15.53153],[-48.034375,-15.531486],[-48.032718,-15.530584],[-48.03216,-15.530569],[-48.031725,-15.53083],[-48.031659,-15.531245],[-48.031704,-15.531549],[-48.032829,-15.533375],[-48.03349,-15.534044],[-48.04203,-15.54191],[-48.043326,-15.544446],[-48.043745,-15.546282],[-48.043678,-15.547652],[-48.042854,-15.549425],[-48.041428,-15.550771],[-48.03564,-15.554148],[-48.035036,-15.554689],[-48.034505,-15.555283],[-48.033741,-15.556753],[-48.033415,-15.558402],[-48.03396,-15.560736],[-48.034658,-15.562372],[-48.031175,-15.560634],[-48.028636,-15.559562],[-48.027047,-15.558406],[-48.025001,-15.557065],[-48.02455,-15.55677],[-48.022793,-15.556701],[-48.021147,-15.555675],[-48.020108,-15.55527],[-48.019145,-15.55502],[-48.017907,-15.553813],[-48.016578,-15.553445],[-48.015648,-15.552757],[-48.015425,-15.552119],[-48.014619,-15.55168],[-48.01389,-15.551493],[-48.013538,-15.551514],[-48.012534,-15.550952],[-48.011092,-15.550406],[-48.010882,-15.550053],[-48.009521,-15.5492],[-48.008659,-15.549202],[-48.008605,-15.548768],[-48.008361,-15.548533],[-48.008223,-15.547642],[-48.004437,-15.545421],[-48.003091,-15.544918],[-48.001568,-15.544585],[-48.000973,-15.543622],[-47.998088,-15.542851],[-47.998072,-15.542148],[-47.994519,-15.541199],[-47.993394,-15.540198],[-47.993146,-15.539682],[-47.992324,-15.539084],[-47.992112,-15.537953],[-47.990997,-15.537416],[-47.991318,-15.536481],[-47.990559,-15.536506],[-47.989528,-15.5342],[-47.988174,-15.532156],[-47.98701,-15.531178],[-47.986602,-15.531183],[-47.986032,-15.531599],[-47.98552,-15.532204],[-47.984749,-15.532091],[-47.984258,-15.531593],[-47.984573,-15.531349],[-47.984681,-15.530506],[-47.983892,-15.530183],[-47.982405,-15.530542],[-47.98229,-15.53047],[-47.981601,-15.530038],[-47.980552,-15.530089],[-47.980121,-15.53011],[-47.980488,-15.529371],[-47.980084,-15.5292],[-47.979019,-15.529663],[-47.977327,-15.529318],[-47.976909,-15.529537],[-47.977012,-15.530916],[-47.97691,-15.53165],[-47.976633,-15.531702],[-47.976098,-15.531916],[-47.975661,-15.531931],[-47.975352,-15.532101],[-47.974775,-15.532046],[-47.974294,-15.532228],[-47.973797,-15.532238],[-47.973008,-15.53278],[-47.971819,-15.532764],[-47.96907,-15.533816],[-47.966021,-15.535909],[-47.965665,-15.537232],[-47.965414,-15.537542],[-47.963139,-15.539439],[-47.95938,-15.541513],[-47.958203,-15.542403],[-47.956333,-15.544883],[-47.950837,-15.55041],[-47.950595,-15.550749],[-47.950515,-15.550999],[-47.950521,-15.551249],[-47.950614,-15.551475],[-47.950824,-15.551758],[-47.95207,-15.552931],[-47.9522,-15.553246],[-47.952218,-15.553615],[-47.952121,-15.554042],[-47.951005,-15.557271],[-47.9509,-15.558204],[-47.950944,-15.558684],[-47.95115,-15.559088],[-47.955461,-15.564179],[-47.95584,-15.565069],[-47.955813,-15.565904],[-47.954574,-15.569984],[-47.954257,-15.570721],[-47.951375,-15.575361],[-47.95115,-15.575575],[-47.950827,-15.575706],[-47.950465,-15.575783],[-47.950138,-15.575766],[-47.948379,-15.575106],[-47.948095,-15.574927],[-47.947822,-15.574578],[-47.947377,-15.573757],[-47.947131,-15.573504],[-47.946902,-15.573408],[-47.946683,-15.573417],[-47.946455,-15.573502],[-47.944234,-15.574742],[-47.943822,-15.574841],[-47.943463,-15.574816],[-47.938956,-15.573354],[-47.938641,-15.573297],[-47.938419,-15.57335],[-47.9381,-15.573568],[-47.937894,-15.573894],[-47.937009,-15.576965],[-47.936166,-15.578434],[-47.935598,-15.579073],[-47.934839,-15.57964],[-47.93137,-15.581884],[-47.930004,-15.583301],[-47.926099,-15.58267],[-47.9172,-15.584703],[-47.895377,-15.581658],[-47.866704,-15.557437],[-47.852639,-15.553346],[-47.843332,-15.551504],[-47.835957,-15.544947],[-47.818896,-15.544955],[-47.814374,-15.546931],[-47.8121,-15.551578],[-47.811701,-15.558818],[-47.84628,-15.575418],[-47.850238,-15.585515],[-47.854997,-15.593746],[-47.855057,-15.599304],[-47.860307,-15.614572],[-47.857982,-15.618681],[-47.8562,-15.620857],[-47.858159,-15.622148],[-47.85969,-15.621999],[-47.860685,-15.622008],[-47.861196,-15.621749],[-47.86244,-15.621961],[-47.86298,-15.622128],[-47.863587,-15.62271],[-47.864388,-15.623389],[-47.864842,-15.624125],[-47.865872,-15.625534],[-47.866021,-15.625693],[-47.866624,-15.626118],[-47.867633,-15.626517],[-47.867465,-15.626892],[-47.867297,-15.627134],[-47.867007,-15.627151],[-47.866655,-15.62704],[-47.866407,-15.627041],[-47.866327,-15.627363],[-47.866532,-15.627697],[-47.866814,-15.627699],[-47.867167,-15.627703],[-47.867311,-15.627793],[-47.867267,-15.628035],[-47.867119,-15.628179],[-47.866833,-15.628442],[-47.866868,-15.628885],[-47.867158,-15.629355],[-47.867126,-15.629728],[-47.866906,-15.630001],[-47.866487,-15.630134],[-47.865989,-15.630202],[-47.864819,-15.630378],[-47.864346,-15.630422],[-47.863827,-15.630471],[-47.863749,-15.630478],[-47.863653,-15.630487],[-47.862995,-15.63043],[-47.862352,-15.630368],[-47.859118,-15.630011],[-47.858742,-15.630078],[-47.857854,-15.63062],[-47.857316,-15.631237],[-47.856563,-15.632917],[-47.855524,-15.635071],[-47.85511,-15.635559],[-47.854523,-15.635914],[-47.852123,-15.637084],[-47.851487,-15.637538],[-47.850866,-15.63818],[-47.850485,-15.63868],[-47.850106,-15.639395],[-47.850072,-15.639591],[-47.848951,-15.64194],[-47.846355,-15.647149],[-47.845969,-15.648067],[-47.845915,-15.64848],[-47.846129,-15.651209],[-47.846521,-15.654889],[-47.846507,-15.655464],[-47.846305,-15.656381],[-47.844485,-15.654116],[-47.834991,-15.6423],[-47.834108,-15.641982],[-47.832592,-15.642896],[-47.832485,-15.643598],[-47.832013,-15.646695],[-47.831621,-15.64863],[-47.830561,-15.651476],[-47.828148,-15.653443],[-47.82634,-15.653661],[-47.820742,-15.653543],[-47.817484,-15.652632],[-47.816198,-15.651217],[-47.812752,-15.644841],[-47.812343,-15.64344],[-47.819511,-15.641356],[-47.820101,-15.641047],[-47.820525,-15.640645],[-47.820667,-15.640455],[-47.820828,-15.640141],[-47.821862,-15.636896],[-47.822157,-15.636252],[-47.822552,-15.63571],[-47.822717,-15.634824],[-47.822853,-15.634536],[-47.82392,-15.632821],[-47.824378,-15.631576],[-47.824717,-15.630084],[-47.824703,-15.628752],[-47.824692,-15.62679],[-47.824573,-15.625647],[-47.824282,-15.624745],[-47.82368,-15.623696],[-47.822937,-15.622947],[-47.821878,-15.622209],[-47.821263,-15.621939],[-47.819989,-15.621607],[-47.818847,-15.621576],[-47.816745,-15.621925],[-47.815953,-15.621614],[-47.815724,-15.621296],[-47.815643,-15.620802],[-47.818395,-15.615631],[-47.81945,-15.612141],[-47.819939,-15.611221],[-47.820307,-15.610842],[-47.82542,-15.607093],[-47.824038,-15.605859],[-47.814237,-15.610939],[-47.81407,-15.611029],[-47.814034,-15.61096],[-47.81125,-15.607191],[-47.808817,-15.601271],[-47.80742,-15.599947],[-47.806111,-15.599507],[-47.800236,-15.598449],[-47.794845,-15.598147],[-47.792431,-15.598265],[-47.78862,-15.596567],[-47.788545,-15.596533],[-47.780726,-15.597192],[-47.777484,-15.600135],[-47.774831,-15.600263],[-47.767867,-15.587264],[-47.766839,-15.586742],[-47.766521,-15.586294],[-47.76593,-15.585859],[-47.765854,-15.585544],[-47.766049,-15.584945],[-47.766058,-15.583536],[-47.766011,-15.583185],[-47.765653,-15.582259],[-47.765275,-15.581632],[-47.765068,-15.581038],[-47.76493,-15.580859],[-47.764368,-15.580379],[-47.76378,-15.580106],[-47.76286,-15.579783],[-47.762236,-15.579701],[-47.761964,-15.579569],[-47.761032,-15.579463],[-47.760954,-15.579428],[-47.760833,-15.57924],[-47.760464,-15.57835],[-47.760258,-15.578001],[-47.760267,-15.577368],[-47.760402,-15.576752],[-47.760443,-15.57612],[-47.760583,-15.575504],[-47.760649,-15.574871],[-47.760588,-15.57433],[-47.760176,-15.573847],[-47.760116,-15.573532],[-47.760165,-15.573405],[-47.760345,-15.573267],[-47.760712,-15.573091],[-47.761036,-15.573051],[-47.761223,-15.572922],[-47.761465,-15.572584],[-47.761585,-15.572285],[-47.762138,-15.572359],[-47.762474,-15.572301],[-47.762541,-15.572255],[-47.762623,-15.571947],[-47.762785,-15.571782],[-47.763393,-15.571531],[-47.763476,-15.571448],[-47.763536,-15.571249],[-47.763414,-15.570808],[-47.763165,-15.570414],[-47.762628,-15.569806],[-47.762449,-15.56942],[-47.762429,-15.568969],[-47.762564,-15.568299],[-47.762552,-15.567685],[-47.762603,-15.567458],[-47.762837,-15.56722],[-47.763182,-15.567081],[-47.763583,-15.566832],[-47.76382,-15.566567],[-47.763997,-15.566149],[-47.764014,-15.56567],[-47.764069,-15.565453],[-47.76418,-15.565244],[-47.764564,-15.564878],[-47.764775,-15.564821],[-47.765021,-15.56489],[-47.765474,-15.565173],[-47.765696,-15.565198],[-47.765929,-15.565159],[-47.76628,-15.565028],[-47.766491,-15.564917],[-47.766631,-15.56477],[-47.766695,-15.564499],[-47.76643,-15.563996],[-47.766508,-15.563778],[-47.766568,-15.563724],[-47.767027,-15.563636],[-47.767177,-15.563445],[-47.767186,-15.563282],[-47.767057,-15.563085],[-47.766786,-15.562808],[-47.766816,-15.562618],[-47.76712,-15.562208],[-47.76728,-15.561872],[-47.767355,-15.561311],[-47.767355,-15.560833],[-47.767292,-15.560689],[-47.767126,-15.560564],[-47.766661,-15.560399],[-47.766479,-15.560302],[-47.766331,-15.560141],[-47.766138,-15.559629],[-47.766395,-15.559147],[-47.766404,-15.558912],[-47.766362,-15.558795],[-47.766204,-15.55867],[-47.765802,-15.558557],[-47.76565,-15.558515],[-47.764852,-15.558109],[-47.7646,-15.558076],[-47.764343,-15.558107],[-47.764122,-15.5582],[-47.763997,-15.558328],[-47.76393,-15.558645],[-47.763993,-15.55905],[-47.763886,-15.559196],[-47.76367,-15.559208],[-47.763426,-15.559139],[-47.762534,-15.558545],[-47.762155,-15.558441],[-47.761677,-15.558384],[-47.761475,-15.558305],[-47.76132,-15.558144],[-47.760987,-15.557616],[-47.760819,-15.557473],[-47.760616,-15.557368],[-47.759683,-15.557126],[-47.759484,-15.55703],[-47.759388,-15.556931],[-47.759324,-15.556743],[-47.75933,-15.555993],[-47.75927,-15.555768],[-47.759115,-15.555598],[-47.758559,-15.555379],[-47.757705,-15.55483],[-47.757194,-15.554611],[-47.756869,-15.554515],[-47.756358,-15.554531],[-47.756144,-15.554497],[-47.756074,-15.554444],[-47.755972,-15.554247],[-47.755893,-15.553913],[-47.75579,-15.553075],[-47.755677,-15.552895],[-47.755266,-15.552738],[-47.755193,-15.552567],[-47.755241,-15.552314],[-47.755403,-15.551923],[-47.755425,-15.55167],[-47.755265,-15.551537],[-47.754837,-15.551307],[-47.754689,-15.551147],[-47.754649,-15.550912],[-47.754818,-15.550459],[-47.755409,-15.549566],[-47.755654,-15.549554],[-47.756169,-15.549674],[-47.756361,-15.549536],[-47.756604,-15.549145],[-47.756735,-15.548637],[-47.756709,-15.548421],[-47.756467,-15.54771],[-47.756455,-15.547494],[-47.756691,-15.547093],[-47.756654,-15.546877],[-47.756407,-15.54632],[-47.756281,-15.546214],[-47.755816,-15.546048],[-47.755773,-15.545994],[-47.755814,-15.545596],[-47.755663,-15.545011],[-47.755764,-15.54482],[-47.755716,-15.544622],[-47.755482,-15.544444],[-47.755076,-15.543943],[-47.754902,-15.543801],[-47.754679,-15.543714],[-47.754015,-15.543857],[-47.753818,-15.54376],[-47.753679,-15.543446],[-47.753646,-15.543221],[-47.753703,-15.542814],[-47.75319,-15.542748],[-47.7531,-15.542568],[-47.75311,-15.542369],[-47.752983,-15.542181],[-47.752912,-15.542182],[-47.752766,-15.542356],[-47.752581,-15.542457],[-47.752338,-15.542506],[-47.752309,-15.542707],[-47.752146,-15.542781],[-47.752029,-15.542744],[-47.751934,-15.542185],[-47.751776,-15.541636],[-47.751848,-15.541374],[-47.752148,-15.541117],[-47.751937,-15.540867],[-47.751901,-15.540614],[-47.751851,-15.540534],[-47.751608,-15.540537],[-47.751546,-15.539995],[-47.751412,-15.539817],[-47.7512,-15.53972],[-47.750591,-15.539773],[-47.750367,-15.539712],[-47.750214,-15.539597],[-47.750087,-15.539291],[-47.749989,-15.539166],[-47.749954,-15.539013],[-47.750009,-15.538813],[-47.750259,-15.538603],[-47.750505,-15.538834],[-47.750629,-15.538806],[-47.750805,-15.538641],[-47.750815,-15.538587],[-47.750698,-15.538417],[-47.750424,-15.538167],[-47.750461,-15.53795],[-47.750759,-15.537684],[-47.750991,-15.537609],[-47.751087,-15.537644],[-47.751215,-15.537471],[-47.751383,-15.53699],[-47.751567,-15.536708],[-47.751595,-15.536518],[-47.751402,-15.536303],[-47.751279,-15.536269],[-47.751034,-15.536308],[-47.750905,-15.536156],[-47.750837,-15.535904],[-47.750867,-15.53584],[-47.751153,-15.535882],[-47.751393,-15.535852],[-47.751435,-15.535607],[-47.751234,-15.535303],[-47.751249,-15.535077],[-47.751415,-15.534894],[-47.751868,-15.534807],[-47.752034,-15.534399],[-47.752231,-15.534279],[-47.752317,-15.534115],[-47.752085,-15.5341],[-47.751978,-15.534011],[-47.752134,-15.533865],[-47.752349,-15.533808],[-47.752376,-15.533645],[-47.752319,-15.533501],[-47.752366,-15.533365],[-47.752598,-15.533335],[-47.752862,-15.533395],[-47.752987,-15.533466],[-47.753197,-15.533481],[-47.753246,-15.533363],[-47.753164,-15.533156],[-47.75332,-15.532992],[-47.75329,-15.532929],[-47.753066,-15.532977],[-47.752948,-15.53296],[-47.752986,-15.532346],[-47.753154,-15.532253],[-47.75312,-15.53248],[-47.753267,-15.532694],[-47.753452,-15.532638],[-47.753668,-15.532698],[-47.753587,-15.532537],[-47.753457,-15.53243],[-47.753544,-15.532357],[-47.753777,-15.532372],[-47.754142,-15.532277],[-47.754036,-15.532098],[-47.753767,-15.531911],[-47.753817,-15.531784],[-47.754132,-15.531844],[-47.754322,-15.53157],[-47.75451,-15.531405],[-47.754439,-15.531162],[-47.754268,-15.53083],[-47.753681,-15.530187],[-47.753619,-15.530007],[-47.753929,-15.530031],[-47.753991,-15.529985],[-47.753773,-15.529617],[-47.75425,-15.529358],[-47.754398,-15.529338],[-47.75447,-15.529563],[-47.754758,-15.529533],[-47.754954,-15.529214],[-47.755129,-15.528751],[-47.755276,-15.528578],[-47.755488,-15.528602],[-47.755628,-15.528763],[-47.755376,-15.529028],[-47.755315,-15.52939],[-47.755371,-15.529417],[-47.755597,-15.529378],[-47.755955,-15.529256],[-47.756199,-15.528991],[-47.7564,-15.528528],[-47.756551,-15.528336],[-47.756918,-15.528494],[-47.757421,-15.528551],[-47.757536,-15.528667],[-47.757529,-15.528848],[-47.757369,-15.529175],[-47.757384,-15.529364],[-47.757582,-15.529678],[-47.757754,-15.530236],[-47.757863,-15.530388],[-47.758368,-15.530427],[-47.75848,-15.530696],[-47.758692,-15.530811],[-47.758811,-15.530819],[-47.759008,-15.530708],[-47.759292,-15.53028],[-47.759526,-15.529744],[-47.759664,-15.529029],[-47.75973,-15.528911],[-47.759974,-15.528682],[-47.75987,-15.528493],[-47.75941,-15.527966],[-47.759355,-15.527831],[-47.759355,-15.527606],[-47.759399,-15.527533],[-47.759623,-15.527413],[-47.759719,-15.52743],[-47.759823,-15.527618],[-47.759874,-15.527997],[-47.760041,-15.528464],[-47.760224,-15.528453],[-47.760415,-15.527674],[-47.760368,-15.527466],[-47.760181,-15.527108],[-47.760189,-15.527008],[-47.760395,-15.526879],[-47.760536,-15.527049],[-47.760627,-15.527481],[-47.760742,-15.527588],[-47.761333,-15.527346],[-47.761948,-15.527257],[-47.761965,-15.527492],[-47.761677,-15.528046],[-47.761671,-15.528173],[-47.761834,-15.528315],[-47.761979,-15.528377],[-47.76256,-15.528532],[-47.762935,-15.528572],[-47.763276,-15.528442],[-47.763482,-15.528256],[-47.76365,-15.528103],[-47.763728,-15.527885],[-47.763821,-15.527279],[-47.764015,-15.526893],[-47.764091,-15.526742],[-47.76381,-15.526439],[-47.764069,-15.526192],[-47.764007,-15.525994],[-47.763694,-15.525682],[-47.763679,-15.525574],[-47.763717,-15.525465],[-47.764088,-15.525496],[-47.764172,-15.525459],[-47.764229,-15.525205],[-47.764171,-15.525098],[-47.763874,-15.524885],[-47.763716,-15.524715],[-47.763525,-15.524257],[-47.763058,-15.523901],[-47.762922,-15.523867],[-47.762812,-15.524058],[-47.762857,-15.524365],[-47.762981,-15.524426],[-47.762907,-15.524626],[-47.762564,-15.524766],[-47.762467,-15.524676],[-47.762235,-15.524661],[-47.762206,-15.524481],[-47.762025,-15.524375],[-47.762073,-15.524149],[-47.762401,-15.52363],[-47.762296,-15.523541],[-47.762065,-15.523571],[-47.761877,-15.523239],[-47.761641,-15.522962],[-47.761628,-15.521327],[-47.76146,-15.52086],[-47.761465,-15.520643],[-47.761589,-15.52047],[-47.76183,-15.520467],[-47.761984,-15.520636],[-47.762013,-15.520799],[-47.762131,-15.520996],[-47.762217,-15.520787],[-47.762118,-15.520572],[-47.761785,-15.520241],[-47.761848,-15.520051],[-47.762502,-15.520485],[-47.762552,-15.520304],[-47.762438,-15.519881],[-47.762809,-15.519867],[-47.763357,-15.519924],[-47.76356,-15.52002],[-47.763767,-15.520235],[-47.764021,-15.520259],[-47.764124,-15.519652],[-47.764162,-15.519597],[-47.764419,-15.519486],[-47.764624,-15.519592],[-47.764843,-15.519887],[-47.765099,-15.520561],[-47.76563,-15.521241],[-47.76571,-15.521457],[-47.765713,-15.521601],[-47.765839,-15.521771],[-47.766035,-15.521769],[-47.766044,-15.521462],[-47.765666,-15.520843],[-47.765642,-15.520482],[-47.765772,-15.520372],[-47.766009,-15.520378],[-47.766488,-15.520553],[-47.767085,-15.520654],[-47.767651,-15.520836],[-47.767807,-15.520862],[-47.768032,-15.520804],[-47.768113,-15.52065],[-47.767702,-15.520501],[-47.767561,-15.520395],[-47.76743,-15.520207],[-47.767372,-15.519837],[-47.767661,-15.519662],[-47.76755,-15.51942],[-47.76744,-15.519349],[-47.767148,-15.519407],[-47.766985,-15.519391],[-47.766851,-15.519239],[-47.766959,-15.519066],[-47.767635,-15.51912],[-47.767979,-15.519044],[-47.768091,-15.518916],[-47.768068,-15.518302],[-47.768145,-15.518085],[-47.768486,-15.517547],[-47.768452,-15.517268],[-47.768491,-15.517195],[-47.768731,-15.517183],[-47.769087,-15.517377],[-47.769319,-15.517383],[-47.769808,-15.517233],[-47.770363,-15.516892],[-47.770638,-15.516635],[-47.770748,-15.516435],[-47.770752,-15.51639]]]}},{"type":"Feature","properties":{"nome":"Sobradinho","osm_id":3359487},"geometry":{"type":"Polygon","coordinates":[[[-47.774831,-15.600263],[-47.751445,-15.631272],[-47.74262,-15.672367],[-47.74199,-15.675303],[-47.742197,-15.67531],[-47.742551,-15.675486],[-47.74279,-15.675709],[-47.742883,-15.675861],[-47.743071,-15.67594],[-47.743616,-15.675825],[-47.743829,-15.67584],[-47.744194,-15.676188],[-47.744711,-15.676488],[-47.745242,-15.677177],[-47.74575,-15.678264],[-47.746254,-15.678953],[-47.746345,-15.679159],[-47.746574,-15.680159],[-47.746681,-15.681395],[-47.746712,-15.682876],[-47.746905,-15.684174],[-47.746883,-15.68431],[-47.746649,-15.684674],[-47.746386,-15.686267],[-47.746314,-15.686358],[-47.745928,-15.686462],[-47.745574,-15.686647],[-47.74488,-15.687171],[-47.744675,-15.687273],[-47.744306,-15.687314],[-47.743603,-15.687584],[-47.743594,-15.687747],[-47.74347,-15.68792],[-47.743355,-15.687994],[-47.742936,-15.688207],[-47.742473,-15.688294],[-47.742252,-15.688558],[-47.742247,-15.68873],[-47.741378,-15.689066],[-47.741178,-15.689186],[-47.740403,-15.690415],[-47.740175,-15.690861],[-47.739938,-15.691144],[-47.739242,-15.691757],[-47.739111,-15.691732],[-47.738856,-15.691807],[-47.738203,-15.692511],[-47.73664,-15.693669],[-47.735656,-15.694638],[-47.73543,-15.69493],[-47.734985,-15.695658],[-47.734713,-15.695896],[-47.733644,-15.696651],[-47.73254,-15.697748],[-47.732112,-15.697844],[-47.731701,-15.697849],[-47.731359,-15.697989],[-47.731387,-15.698196],[-47.731347,-15.698395],[-47.731254,-15.69846],[-47.73021,-15.6984],[-47.729251,-15.69839],[-47.728432,-15.698382],[-47.728249,-15.69838],[-47.72788,-15.69833],[-47.727597,-15.698266],[-47.727041,-15.69814],[-47.726198,-15.697949],[-47.725915,-15.697885],[-47.724892,-15.697498],[-47.724622,-15.697396],[-47.724036,-15.697234],[-47.723682,-15.697136],[-47.722791,-15.697031],[-47.722511,-15.696997],[-47.72208,-15.69699],[-47.721252,-15.696977],[-47.720888,-15.697009],[-47.720195,-15.697279],[-47.719925,-15.697475],[-47.719878,-15.697509],[-47.71975,-15.697555],[-47.719695,-15.697567],[-47.719305,-15.697648],[-47.718915,-15.697729],[-47.718703,-15.697713],[-47.71862,-15.697674],[-47.718499,-15.697616],[-47.717979,-15.697602],[-47.717819,-15.697598],[-47.717593,-15.697546],[-47.717221,-15.697363],[-47.717093,-15.6973],[-47.717015,-15.697219],[-47.716828,-15.697211],[-47.71671,-15.697205],[-47.71658,-15.697243],[-47.716236,-15.697464],[-47.716203,-15.697582],[-47.716288,-15.697662],[-47.716257,-15.697879],[-47.715892,-15.6981],[-47.715665,-15.698347],[-47.715107,-15.698345],[-47.714927,-15.698392],[-47.714269,-15.698726],[-47.713737,-15.698895],[-47.71318,-15.698947],[-47.713107,-15.698984],[-47.712682,-15.699197],[-47.711256,-15.699612],[-47.710424,-15.700011],[-47.709359,-15.70034],[-47.709176,-15.700306],[-47.708495,-15.700007],[-47.708127,-15.699967],[-47.707756,-15.699999],[-47.707024,-15.700143],[-47.706467,-15.700186],[-47.705908,-15.700175],[-47.705166,-15.700094],[-47.704438,-15.700238],[-47.70351,-15.700196],[-47.702967,-15.700067],[-47.702462,-15.699733],[-47.702389,-15.699674],[-47.702321,-15.699642],[-47.7018,-15.699386],[-47.70163,-15.699307],[-47.701265,-15.699239],[-47.699027,-15.699249],[-47.69847,-15.699301],[-47.697741,-15.699445],[-47.697183,-15.699452],[-47.696999,-15.699481],[-47.696654,-15.699621],[-47.69587,-15.700389],[-47.695023,-15.700761],[-47.694666,-15.700874],[-47.694513,-15.700975],[-47.694331,-15.701014],[-47.693667,-15.701338],[-47.693108,-15.701345],[-47.69295,-15.701247],[-47.69277,-15.701205],[-47.692661,-15.70135],[-47.69262,-15.701532],[-47.692648,-15.701883],[-47.692276,-15.70187],[-47.691934,-15.70173],[-47.691762,-15.701795],[-47.691347,-15.702107],[-47.690674,-15.702395],[-47.690458,-15.70257],[-47.690115,-15.702953],[-47.68988,-15.703092],[-47.688809,-15.703213],[-47.688466,-15.70329],[-47.688006,-15.703214],[-47.687399,-15.703312],[-47.686736,-15.703257],[-47.686584,-15.70334],[-47.686347,-15.703253],[-47.686113,-15.703255],[-47.685381,-15.7034],[-47.685042,-15.703567],[-47.684929,-15.703593],[-47.684374,-15.70372],[-47.683885,-15.703933],[-47.683527,-15.704371],[-47.683421,-15.704436],[-47.682938,-15.70436],[-47.682384,-15.704566],[-47.682038,-15.70457],[-47.681933,-15.704924],[-47.681748,-15.70508],[-47.681115,-15.705105],[-47.680539,-15.705284],[-47.680465,-15.705375],[-47.679913,-15.705418],[-47.679749,-15.705574],[-47.679659,-15.705828],[-47.679505,-15.706001],[-47.67938,-15.706057],[-47.679138,-15.70606],[-47.678691,-15.7064],[-47.678428,-15.706872],[-47.678002,-15.707284],[-47.677761,-15.707296],[-47.677228,-15.707086],[-47.676921,-15.707099],[-47.67669,-15.707056],[-47.676302,-15.707088],[-47.675738,-15.707014],[-47.675561,-15.707094],[-47.675382,-15.707389],[-47.674887,-15.7079],[-47.674818,-15.708118],[-47.674784,-15.70885],[-47.674646,-15.70924],[-47.67459,-15.709756],[-47.674439,-15.709911],[-47.674189,-15.70976],[-47.674135,-15.709626],[-47.674194,-15.708939],[-47.673545,-15.70929],[-47.673297,-15.709482],[-47.673198,-15.7098],[-47.673378,-15.710204],[-47.673369,-15.71043],[-47.673293,-15.710521],[-47.673014,-15.710534],[-47.672886,-15.710598],[-47.672958,-15.710733],[-47.673814,-15.71103],[-47.674136,-15.711215],[-47.674305,-15.711367],[-47.67483,-15.712327],[-47.675046,-15.712622],[-47.675671,-15.713012],[-47.675948,-15.713831],[-47.675967,-15.714553],[-47.675924,-15.71477],[-47.675854,-15.71488],[-47.675617,-15.714982],[-47.675404,-15.715002],[-47.67532,-15.715112],[-47.675259,-15.715329],[-47.675173,-15.715818],[-47.675006,-15.715992],[-47.674948,-15.716011],[-47.674811,-15.715904],[-47.674613,-15.715834],[-47.674201,-15.716435],[-47.674109,-15.716482],[-47.673938,-15.716348],[-47.67386,-15.716846],[-47.673916,-15.717143],[-47.674087,-15.717295],[-47.674157,-15.717303],[-47.674515,-15.716973],[-47.674722,-15.717061],[-47.674852,-15.717403],[-47.675028,-15.717446],[-47.675282,-15.717343],[-47.675458,-15.717197],[-47.675562,-15.717231],[-47.675792,-15.717581],[-47.675861,-15.717788],[-47.675871,-15.718312],[-47.676217,-15.718443],[-47.676467,-15.718711],[-47.676446,-15.71881],[-47.67618,-15.71894],[-47.67625,-15.719219],[-47.676164,-15.71941],[-47.675917,-15.719684],[-47.675818,-15.720001],[-47.675752,-15.720038],[-47.675499,-15.719815],[-47.675696,-15.719551],[-47.675579,-15.719589],[-47.675345,-15.719853],[-47.67511,-15.720443],[-47.675179,-15.720659],[-47.675284,-15.720739],[-47.675831,-15.721013],[-47.676316,-15.721169],[-47.676507,-15.721311],[-47.676604,-15.721455],[-47.676514,-15.721799],[-47.676618,-15.72252],[-47.676543,-15.722639],[-47.676327,-15.722741],[-47.676195,-15.722715],[-47.676007,-15.722564],[-47.675781,-15.722269],[-47.675455,-15.722101],[-47.675318,-15.722103],[-47.675108,-15.722232],[-47.674876,-15.722226],[-47.674296,-15.722052],[-47.674173,-15.722063],[-47.674518,-15.72223],[-47.67459,-15.722356],[-47.674565,-15.722952],[-47.674657,-15.723032],[-47.675239,-15.72326],[-47.675521,-15.723491],[-47.675894,-15.723496],[-47.676041,-15.723539],[-47.676193,-15.723709],[-47.676163,-15.723877],[-47.676128,-15.724071],[-47.676234,-15.724783],[-47.676714,-15.72522],[-47.676769,-15.725346],[-47.676777,-15.72558],[-47.676559,-15.725944],[-47.676336,-15.726317],[-47.676169,-15.726482],[-47.675853,-15.726667],[-47.675791,-15.726803],[-47.675814,-15.727028],[-47.675906,-15.727117],[-47.676271,-15.727285],[-47.676417,-15.727454],[-47.676419,-15.727581],[-47.676308,-15.727799],[-47.676203,-15.727891],[-47.675855,-15.728021],[-47.675487,-15.727972],[-47.674974,-15.727653],[-47.674827,-15.727636],[-47.674609,-15.727721],[-47.674436,-15.728048],[-47.674081,-15.728151],[-47.673804,-15.728399],[-47.673678,-15.728734],[-47.673673,-15.72887],[-47.673723,-15.72924],[-47.673808,-15.729446],[-47.673907,-15.729536],[-47.67514,-15.730008],[-47.675328,-15.730177],[-47.675401,-15.730321],[-47.675398,-15.730529],[-47.675303,-15.730611],[-47.674443,-15.730965],[-47.674552,-15.731135],[-47.674731,-15.731278],[-47.675254,-15.731569],[-47.675435,-15.731883],[-47.675697,-15.732169],[-47.675756,-15.732462],[-47.677169,-15.732155],[-47.678479,-15.733101],[-47.678412,-15.733947],[-47.680225,-15.734042],[-47.680915,-15.733546],[-47.681735,-15.732233],[-47.682632,-15.732166],[-47.683649,-15.731134],[-47.685118,-15.731092],[-47.685406,-15.730369],[-47.686201,-15.730007],[-47.687041,-15.729422],[-47.687571,-15.729326],[-47.688055,-15.728638],[-47.688389,-15.728693],[-47.688627,-15.727927],[-47.689384,-15.727039],[-47.690763,-15.726395],[-47.691465,-15.726515],[-47.691885,-15.726116],[-47.692454,-15.72626],[-47.692982,-15.725822],[-47.69352,-15.72613],[-47.694169,-15.725934],[-47.695289,-15.726369],[-47.696638,-15.727047],[-47.697623,-15.726972],[-47.698318,-15.727265],[-47.699193,-15.727265],[-47.69999,-15.727514],[-47.700881,-15.727396],[-47.700955,-15.728452],[-47.701259,-15.72842],[-47.702545,-15.728288],[-47.702975,-15.726483],[-47.703932,-15.726438],[-47.704436,-15.726822],[-47.706163,-15.72716],[-47.707655,-15.726972],[-47.708325,-15.727257],[-47.709655,-15.727288],[-47.711169,-15.727457],[-47.716447,-15.727251],[-47.718064,-15.726954],[-47.718928,-15.725503],[-47.719451,-15.725397],[-47.720324,-15.72587],[-47.721398,-15.726602],[-47.722769,-15.726893],[-47.724535,-15.72681],[-47.727239,-15.727574],[-47.729522,-15.728041],[-47.729936,-15.727937],[-47.730782,-15.727001],[-47.732152,-15.726765],[-47.732869,-15.726596],[-47.733035,-15.726371],[-47.733469,-15.726351],[-47.733918,-15.726719],[-47.735493,-15.726634],[-47.736818,-15.726864],[-47.738317,-15.72752],[-47.739879,-15.728113],[-47.741318,-15.728121],[-47.741649,-15.728049],[-47.742536,-15.727856],[-47.743318,-15.727217],[-47.743595,-15.726501],[-47.743736,-15.725854],[-47.74417,-15.725098],[-47.744532,-15.724718],[-47.744817,-15.724419],[-47.746069,-15.724052],[-47.747145,-15.724106],[-47.748092,-15.723684],[-47.749257,-15.722714],[-47.749984,-15.721997],[-47.750489,-15.72146],[-47.750632,-15.721308],[-47.751137,-15.720676],[-47.751561,-15.720118],[-47.752679,-15.719036],[-47.75357,-15.718457],[-47.754567,-15.718038],[-47.755515,-15.718144],[-47.755554,-15.718148],[-47.756453,-15.717991],[-47.756648,-15.717957],[-47.757315,-15.717585],[-47.757734,-15.717351],[-47.757868,-15.717214],[-47.758978,-15.716075],[-47.759524,-15.715516],[-47.759547,-15.715498],[-47.760417,-15.714837],[-47.761192,-15.714067],[-47.761758,-15.713505],[-47.761887,-15.713377],[-47.770004,-15.721932],[-47.771783,-15.723199],[-47.773583,-15.723982],[-47.775468,-15.724485],[-47.777815,-15.724601],[-47.780268,-15.724247],[-47.781059,-15.724297],[-47.788326,-15.726937],[-47.790212,-15.727542],[-47.790312,-15.727286],[-47.790451,-15.726928],[-47.791033,-15.725432],[-47.791375,-15.724678],[-47.791934,-15.723792],[-47.792773,-15.722776],[-47.793766,-15.721968],[-47.834388,-15.694175],[-47.836298,-15.693246],[-47.837279,-15.692944],[-47.838878,-15.692822],[-47.850454,-15.692749],[-47.8519,-15.692414],[-47.853035,-15.691889],[-47.853593,-15.691631],[-47.853817,-15.691515],[-47.856945,-15.689904],[-47.857062,-15.689844],[-47.857482,-15.689628],[-47.857524,-15.689606],[-47.85813,-15.689294],[-47.858453,-15.689053],[-47.858821,-15.68878],[-47.859497,-15.688276],[-47.859639,-15.68817],[-47.859712,-15.688116],[-47.860386,-15.687652],[-47.860422,-15.687628],[-47.860751,-15.687402],[-47.860837,-15.687343],[-47.860888,-15.687307],[-47.861084,-15.687173],[-47.881292,-15.669933],[-47.883949,-15.667727],[-47.958556,-15.612915],[-48.00151,-15.580309],[-48.002556,-15.579568],[-48.004437,-15.578648],[-48.005535,-15.578331],[-48.006626,-15.578133],[-48.007956,-15.578108],[-48.009086,-15.578171],[-48.009901,-15.578267],[-48.011791,-15.578858],[-48.012759,-15.57928],[-48.014357,-15.58033],[-48.015535,-15.581259],[-48.016863,-15.582376],[-48.024545,-15.57316],[-48.034608,-15.565687],[-48.035177,-15.564835],[-48.035287,-15.563848],[-48.034658,-15.562372],[-48.031175,-15.560634],[-48.028636,-15.559562],[-48.027047,-15.558406],[-48.025001,-15.557065],[-48.02455,-15.55677],[-48.022793,-15.556701],[-48.021147,-15.555675],[-48.020108,-15.55527],[-48.019145,-15.55502],[-48.017907,-15.553813],[-48.016578,-15.553445],[-48.015648,-15.552757],[-48.015425,-15.552119],[-48.014619,-15.55168],[-48.01389,-15.551493],[-48.013538,-15.551514],[-48.012534,-15.550952],[-48.011092,-15.550406],[-48.010882,-15.550053],[-48.009521,-15.5492],[-48.008659,-15.549202],[-48.008605,-15.548768],[-48.008361,-15.548533],[-48.008223,-15.547642],[-48.004437,-15.545421],[-48.003091,-15.544918],[-48.001568,-15.544585],[-48.000973,-15.543622],[-47.998088,-15.542851],[-47.998072,-15.542148],[-47.994519,-15.541199],[-47.993394,-15.540198],[-47.993146,-15.539682],[-47.992324,-15.539084],[-47.992112,-15.537953],[-47.990997,-15.537416],[-47.991318,-15.536481],[-47.990559,-15.536506],[-47.989528,-15.5342],[-47.988174,-15.532156],[-47.98701,-15.531178],[-47.986602,-15.531183],[-47.986032,-15.531599],[-47.98552,-15.532204],[-47.984749,-15.532091],[-47.984258,-15.531593],[-47.984573,-15.531349],[-47.984681,-15.530506],[-47.983892,-15.530183],[-47.982405,-15.530542],[-47.98229,-15.53047],[-47.981601,-15.530038],[-47.980552,-15.530089],[-47.980121,-15.53011],[-47.980488,-15.529371],[-47.980084,-15.5292],[-47.979019,-15.529663],[-47.977327,-15.529318],[-47.976909,-15.529537],[-47.977012,-15.530916],[-47.97691,-15.53165],[-47.976633,-15.531702],[-47.976098,-15.531916],[-47.975661,-15.531931],[-47.975352,-15.532101],[-47.974775,-15.532046],[-47.974294,-15.532228],[-47.973797,-15.532238],[-47.973008,-15.53278],[-47.971819,-15.532764],[-47.96907,-15.533816],[-47.966021,-15.535909],[-47.965665,-15.537232],[-47.965414,-15.537542],[-47.963139,-15.539439],[-47.95938,-15.541513],[-47.958203,-15.542403],[-47.956333,-15.544883],[-47.950837,-15.55041],[-47.950595,-15.550749],[-47.950515,-15.550999],[-47.950521,-15.551249],[-47.950614,-15.551475],[-47.950824,-15.551758],[-47.95207,-15.552931],[-47.9522,-15.553246],[-47.952218,-15.553615],[-47.952121,-15.554042],[-47.951005,-15.557271],[-47.9509,-15.558204],[-47.950944,-15.558684],[-47.95115,-15.559088],[-47.955461,-15.564179],[-47.95584,-15.565069],[-47.955813,-15.565904],[-47.954574,-15.569984],[-47.954257,-15.570721],[-47.951375,-15.575361],[-47.95115,-15.575575],[-47.950827,-15.575706],[-47.950465,-15.575783],[-47.950138,-15.575766],[-47.948379,-15.575106],[-47.948095,-15.574927],[-47.947822,-15.574578],[-47.947377,-15.573757],[-47.947131,-15.573504],[-47.946902,-15.573408],[-47.946683,-15.573417],[-47.946455,-15.573502],[-47.944234,-15.574742],[-47.943822,-15.574841],[-47.943463,-15.574816],[-47.938956,-15.573354],[-47.938641,-15.573297],[-47.938419,-15.57335],[-47.9381,-15.573568],[-47.937894,-15.573894],[-47.937009,-15.576965],[-47.936166,-15.578434],[-47.935598,-15.579073],[-47.934839,-15.57964],[-47.93137,-15.581884],[-47.930004,-15.583301],[-47.927884,-15.585427],[-47.92633,-15.586831],[-47.925562,-15.587251],[-47.924602,-15.587653],[-47.91383,-15.59124],[-47.903078,-15.593857],[-47.902071,-15.593921],[-47.901579,-15.593903],[-47.901013,-15.593779],[-47.900519,-15.593567],[-47.9001,-15.593319],[-47.896807,-15.590569],[-47.896527,-15.590407],[-47.896237,-15.590327],[-47.895913,-15.590306],[-47.895628,-15.590396],[-47.894989,-15.590734],[-47.891164,-15.592964],[-47.890478,-15.593304],[-47.88997,-15.593456],[-47.889516,-15.593486],[-47.88905,-15.593447],[-47.888277,-15.593213],[-47.887921,-15.59543],[-47.887861,-15.595739],[-47.888081,-15.596095],[-47.888422,-15.596363],[-47.888622,-15.596692],[-47.888589,-15.597231],[-47.887969,-15.597687],[-47.887004,-15.59815],[-47.886063,-15.598391],[-47.88592,-15.598587],[-47.885947,-15.599414],[-47.88566,-15.600169],[-47.885366,-15.600263],[-47.885107,-15.60018],[-47.884917,-15.60017],[-47.884812,-15.600505],[-47.884821,-15.60093],[-47.884937,-15.601476],[-47.884573,-15.602695],[-47.884185,-15.603346],[-47.883385,-15.603718],[-47.882537,-15.603915],[-47.881783,-15.603975],[-47.881439,-15.604021],[-47.881319,-15.604233],[-47.881417,-15.604404],[-47.881346,-15.604544],[-47.881139,-15.60458],[-47.880632,-15.60449],[-47.880262,-15.604467],[-47.879887,-15.604406],[-47.879404,-15.604429],[-47.878935,-15.604621],[-47.878705,-15.604893],[-47.878577,-15.605256],[-47.878664,-15.605437],[-47.878838,-15.605524],[-47.879283,-15.605498],[-47.879827,-15.605614],[-47.880308,-15.606063],[-47.880425,-15.606731],[-47.880291,-15.607115],[-47.880143,-15.607356],[-47.879576,-15.607721],[-47.879071,-15.608265],[-47.878948,-15.608519],[-47.879241,-15.608908],[-47.879237,-15.609123],[-47.878998,-15.609316],[-47.877662,-15.608845],[-47.87711,-15.608843],[-47.876907,-15.60898],[-47.876748,-15.609504],[-47.876422,-15.609574],[-47.876195,-15.609469],[-47.876173,-15.609357],[-47.876039,-15.609203],[-47.875903,-15.609278],[-47.875833,-15.609478],[-47.875872,-15.609814],[-47.875758,-15.610129],[-47.875568,-15.610224],[-47.875489,-15.610362],[-47.87567,-15.610653],[-47.876075,-15.610935],[-47.876061,-15.611271],[-47.875868,-15.611448],[-47.875473,-15.611463],[-47.875342,-15.611617],[-47.875291,-15.612164],[-47.875372,-15.612714],[-47.87538,-15.612768],[-47.875388,-15.61282],[-47.87539,-15.612838],[-47.875522,-15.613032],[-47.875578,-15.613281],[-47.875442,-15.613592],[-47.874868,-15.614008],[-47.874853,-15.614244],[-47.875208,-15.614604],[-47.875531,-15.614788],[-47.875824,-15.614877],[-47.876173,-15.615189],[-47.876202,-15.61549],[-47.876062,-15.615728],[-47.875628,-15.616039],[-47.875227,-15.616523],[-47.875183,-15.617097],[-47.875385,-15.6176],[-47.875721,-15.617908],[-47.875911,-15.618285],[-47.875906,-15.61856],[-47.875771,-15.618829],[-47.875737,-15.619075],[-47.876003,-15.619496],[-47.876154,-15.620371],[-47.876128,-15.620967],[-47.875952,-15.621114],[-47.875533,-15.62109],[-47.875028,-15.621032],[-47.874906,-15.621085],[-47.874835,-15.621229],[-47.874909,-15.621508],[-47.87509,-15.621669],[-47.875359,-15.62202],[-47.875342,-15.622288],[-47.875205,-15.622675],[-47.874916,-15.62292],[-47.874496,-15.622968],[-47.874243,-15.622841],[-47.873912,-15.622592],[-47.873801,-15.622599],[-47.87367,-15.622827],[-47.873668,-15.622833],[-47.873629,-15.622937],[-47.873561,-15.62312],[-47.873322,-15.623683],[-47.873411,-15.623824],[-47.874041,-15.62406],[-47.87415,-15.624226],[-47.874186,-15.624411],[-47.874059,-15.624543],[-47.873874,-15.624597],[-47.873113,-15.624379],[-47.872866,-15.624326],[-47.872433,-15.624448],[-47.872286,-15.62451],[-47.872252,-15.624685],[-47.872348,-15.624896],[-47.872342,-15.625021],[-47.872247,-15.625088],[-47.872163,-15.625141],[-47.871899,-15.625237],[-47.87156,-15.625452],[-47.87122,-15.625599],[-47.870557,-15.625565],[-47.870389,-15.625594],[-47.870301,-15.625656],[-47.870145,-15.625986],[-47.869942,-15.626103],[-47.86966,-15.626112],[-47.86908,-15.625948],[-47.868851,-15.625954],[-47.868229,-15.626173],[-47.867852,-15.626475],[-47.867633,-15.626517],[-47.867465,-15.626892],[-47.867297,-15.627134],[-47.867007,-15.627151],[-47.866655,-15.62704],[-47.866407,-15.627041],[-47.866327,-15.627363],[-47.866532,-15.627697],[-47.866814,-15.627699],[-47.867167,-15.627703],[-47.867311,-15.627793],[-47.867267,-15.628035],[-47.867119,-15.628179],[-47.866833,-15.628442],[-47.866868,-15.628885],[-47.867158,-15.629355],[-47.867126,-15.629728],[-47.866906,-15.630001],[-47.866487,-15.630134],[-47.865989,-15.630202],[-47.864819,-15.630378],[-47.864346,-15.630422],[-47.863827,-15.630471],[-47.863749,-15.630478],[-47.863653,-15.630487],[-47.862995,-15.63043],[-47.862352,-15.630368],[-47.859118,-15.630011],[-47.858742,-15.630078],[-47.857854,-15.63062],[-47.857316,-15.631237],[-47.856563,-15.632917],[-47.855524,-15.635071],[-47.85511,-15.635559],[-47.854523,-15.635914],[-47.852123,-15.637084],[-47.851487,-15.637538],[-47.850866,-15.63818],[-47.850485,-15.63868],[-47.850106,-15.639395],[-47.850072,-15.639591],[-47.848951,-15.64194],[-47.846355,-15.647149],[-47.845969,-15.648067],[-47.845915,-15.64848],[-47.846129,-15.651209],[-47.846521,-15.654889],[-47.846507,-15.655464],[-47.846305,-15.656381],[-47.844485,-15.654116],[-47.834991,-15.6423],[-47.834108,-15.641982],[-47.832592,-15.642896],[-47.832485,-15.643598],[-47.832013,-15.646695],[-47.831621,-15.64863],[-47.830561,-15.651476],[-47.828148,-15.653443],[-47.82634,-15.653661],[-47.820742,-15.653543],[-47.817484,-15.652632],[-47.816198,-15.651217],[-47.812752,-15.644841],[-47.812343,-15.64344],[-47.819511,-15.641356],[-47.820101,-15.641047],[-47.820525,-15.640645],[-47.820667,-15.640455],[-47.820828,-15.640141],[-47.821862,-15.636896],[-47.822157,-15.636252],[-47.822552,-15.63571],[-47.822717,-15.634824],[-47.822853,-15.634536],[-47.82392,-15.632821],[-47.824378,-15.631576],[-47.824717,-15.630084],[-47.824703,-15.628752],[-47.824692,-15.62679],[-47.824573,-15.625647],[-47.824282,-15.624745],[-47.82368,-15.623696],[-47.822937,-15.622947],[-47.821878,-15.622209],[-47.821263,-15.621939],[-47.819989,-15.621607],[-47.818847,-15.621576],[-47.816745,-15.621925],[-47.815953,-15.621614],[-47.815724,-15.621296],[-47.815643,-15.620802],[-47.818395,-15.615631],[-47.81945,-15.612141],[-47.819939,-15.611221],[-47.820307,-15.610842],[-47.82542,-15.607093],[-47.824038,-15.605859],[-47.814237,-15.610939],[-47.81407,-15.611029],[-47.814034,-15.61096],[-47.81125,-15.607191],[-47.808817,-15.601271],[-47.80742,-15.599947],[-47.806111,-15.599507],[-47.800236,-15.598449],[-47.794845,-15.598147],[-47.792431,-15.598265],[-47.78862,-15.596567],[-47.788545,-15.596533],[-47.780726,-15.597192],[-47.777484,-15.600135],[-47.774831,-15.600263]]]}},{"type":"Feature","properties":{"nome":"Sudoeste e Octogonal","osm_id":3359488},"geometry":{"type":"Polygon","coordinates":[[[-47.946175,-15.800173],[-47.945972,-15.800243],[-47.94507,-15.800514],[-47.944198,-15.800788],[-47.943867,-15.800889],[-47.942937,-15.801179],[-47.942023,-15.801473],[-47.941972,-15.801489],[-47.941221,-15.801762],[-47.94112,-15.801819],[-47.940799,-15.802007],[-47.940711,-15.802077],[-47.940668,-15.802111],[-47.940427,-15.802295],[-47.94035,-15.802246],[-47.939718,-15.801858],[-47.938621,-15.801161],[-47.938534,-15.801119],[-47.937748,-15.800625],[-47.937256,-15.800313],[-47.936456,-15.799809],[-47.93637,-15.799763],[-47.935218,-15.79905],[-47.934387,-15.798519],[-47.933656,-15.798053],[-47.933479,-15.797941],[-47.933516,-15.792931],[-47.933431,-15.792323],[-47.932375,-15.789111],[-47.932127,-15.788571],[-47.930884,-15.784916],[-47.929293,-15.780126],[-47.929264,-15.780038],[-47.929187,-15.780064],[-47.928901,-15.780153],[-47.925991,-15.78107],[-47.921178,-15.782595],[-47.917561,-15.783727],[-47.916363,-15.784104],[-47.913576,-15.784982],[-47.913667,-15.785244],[-47.914541,-15.78776],[-47.91455,-15.787787],[-47.91491,-15.788824],[-47.915965,-15.792134],[-47.916018,-15.792301],[-47.916332,-15.793286],[-47.916359,-15.793341],[-47.917518,-15.796953],[-47.915512,-15.797556],[-47.914404,-15.79789],[-47.913686,-15.798106],[-47.913926,-15.798538],[-47.914137,-15.798763],[-47.920931,-15.802747],[-47.922554,-15.803459],[-47.927821,-15.806484],[-47.92939,-15.807097],[-47.933633,-15.808581],[-47.935301,-15.809309],[-47.939393,-15.810765],[-47.940809,-15.81106],[-47.941776,-15.811084],[-47.948194,-15.810159],[-47.948439,-15.810124],[-47.948422,-15.810024],[-47.948093,-15.807989],[-47.948084,-15.807933],[-47.947824,-15.806323],[-47.94755,-15.804627],[-47.946769,-15.801844],[-47.946717,-15.801698],[-47.946278,-15.800465],[-47.946175,-15.800173]]]}},{"type":"Feature","properties":{"nome":"São Sebastião","osm_id":3359489},"geometry":{"type":"Polygon","coordinates":[[[-47.83268,-15.92803],[-47.832124,-15.927737],[-47.831942,-15.927641],[-47.822463,-15.910621],[-47.821868,-15.909433],[-47.821197,-15.907817],[-47.820673,-15.906327],[-47.820356,-15.905236],[-47.819859,-15.902924],[-47.81957,-15.900727],[-47.819503,-15.899138],[-47.819497,-15.897823],[-47.819626,-15.895814],[-47.819799,-15.894499],[-47.820263,-15.892226],[-47.821789,-15.885192],[-47.820037,-15.884745],[-47.819065,-15.884599],[-47.818194,-15.884553],[-47.81711,-15.884605],[-47.815535,-15.884962],[-47.800622,-15.889503],[-47.795739,-15.891112],[-47.793368,-15.890189],[-47.794995,-15.88623],[-47.796148,-15.884601],[-47.795915,-15.88402],[-47.795673,-15.882795],[-47.794763,-15.881686],[-47.794807,-15.881342],[-47.795178,-15.8811],[-47.795162,-15.88098],[-47.79502,-15.879956],[-47.795299,-15.879321],[-47.797736,-15.877795],[-47.800365,-15.876148],[-47.798281,-15.875076],[-47.796709,-15.874268],[-47.794829,-15.873302],[-47.793903,-15.872318],[-47.793786,-15.872253],[-47.793714,-15.872092],[-47.793747,-15.871125],[-47.793749,-15.871062],[-47.792857,-15.870226],[-47.791062,-15.870933],[-47.790986,-15.870963],[-47.790204,-15.869263],[-47.786671,-15.870504],[-47.788483,-15.875769],[-47.78855,-15.875994],[-47.787524,-15.87636],[-47.786834,-15.876986],[-47.786275,-15.877587],[-47.786137,-15.878118],[-47.785381,-15.878618],[-47.784875,-15.879345],[-47.78385,-15.879762],[-47.782783,-15.880684],[-47.782244,-15.880887],[-47.781714,-15.880673],[-47.781036,-15.880909],[-47.780384,-15.881374],[-47.78024,-15.88148],[-47.780011,-15.881536],[-47.779781,-15.88157],[-47.779553,-15.881653],[-47.779261,-15.881731],[-47.778959,-15.881914],[-47.778669,-15.882031],[-47.778361,-15.882174],[-47.778289,-15.882425],[-47.778268,-15.882498],[-47.778044,-15.883073],[-47.777987,-15.883095],[-47.777698,-15.883211],[-47.777194,-15.883731],[-47.776537,-15.884514],[-47.776174,-15.884702],[-47.775669,-15.884784],[-47.775235,-15.884767],[-47.774678,-15.884937],[-47.774359,-15.885039],[-47.774018,-15.885211],[-47.773372,-15.885914],[-47.772942,-15.886373],[-47.772707,-15.886857],[-47.772637,-15.887107],[-47.772477,-15.88739],[-47.772424,-15.887904],[-47.771948,-15.888725],[-47.771361,-15.889727],[-47.770995,-15.88997],[-47.770512,-15.890076],[-47.770191,-15.890266],[-47.770117,-15.890426],[-47.769788,-15.890493],[-47.76962,-15.890843],[-47.769456,-15.891215],[-47.769363,-15.891327],[-47.76928,-15.891356],[-47.769126,-15.891377],[-47.768417,-15.892003],[-47.767608,-15.892862],[-47.765053,-15.890001],[-47.762075,-15.886302],[-47.761764,-15.886433],[-47.75721,-15.891503],[-47.755767,-15.890238],[-47.755504,-15.890168],[-47.755057,-15.890135],[-47.753907,-15.889885],[-47.753585,-15.889766],[-47.753121,-15.889352],[-47.752791,-15.888787],[-47.752475,-15.88862],[-47.752365,-15.888451],[-47.752298,-15.888257],[-47.752567,-15.887872],[-47.751715,-15.887845],[-47.751662,-15.887666],[-47.751703,-15.88711],[-47.751955,-15.886338],[-47.75197,-15.885233],[-47.751623,-15.88381],[-47.751514,-15.88174],[-47.751176,-15.880064],[-47.751135,-15.877663],[-47.751034,-15.876565],[-47.751277,-15.875719],[-47.751495,-15.874977],[-47.751765,-15.874673],[-47.752062,-15.874493],[-47.752052,-15.874027],[-47.751775,-15.873253],[-47.751144,-15.871787],[-47.750538,-15.870577],[-47.749778,-15.869368],[-47.749062,-15.868872],[-47.748338,-15.868738],[-47.747585,-15.869176],[-47.747422,-15.869437],[-47.746665,-15.869791],[-47.745577,-15.869831],[-47.744777,-15.869263],[-47.743843,-15.869048],[-47.743402,-15.869075],[-47.742797,-15.869419],[-47.742509,-15.869071],[-47.742254,-15.868248],[-47.742012,-15.867747],[-47.741865,-15.867645],[-47.741703,-15.867728],[-47.741706,-15.867903],[-47.74171,-15.868152],[-47.741518,-15.868814],[-47.741367,-15.86896],[-47.74109,-15.868837],[-47.74097,-15.868866],[-47.741071,-15.869551],[-47.741035,-15.869841],[-47.740902,-15.869924],[-47.740411,-15.869921],[-47.740095,-15.869997],[-47.739973,-15.870161],[-47.740011,-15.870296],[-47.740149,-15.870475],[-47.740101,-15.870693],[-47.739763,-15.870697],[-47.739292,-15.870495],[-47.739016,-15.870462],[-47.73876,-15.870511],[-47.738296,-15.870706],[-47.738071,-15.870664],[-47.737758,-15.870515],[-47.737652,-15.870696],[-47.737673,-15.871193],[-47.737457,-15.871376],[-47.737253,-15.871207],[-47.737245,-15.870918],[-47.737152,-15.870829],[-47.736938,-15.870913],[-47.736788,-15.871105],[-47.736655,-15.871883],[-47.73643,-15.871994],[-47.734964,-15.871995],[-47.734437,-15.871812],[-47.734181,-15.871905],[-47.733986,-15.872098],[-47.733742,-15.872227],[-47.733183,-15.872243],[-47.732308,-15.872381],[-47.732176,-15.872436],[-47.732154,-15.87259],[-47.732207,-15.872861],[-47.73218,-15.873132],[-47.73205,-15.87345],[-47.731894,-15.873605],[-47.731684,-15.873527],[-47.731404,-15.873241],[-47.731192,-15.873117],[-47.731073,-15.873101],[-47.730926,-15.873166],[-47.730884,-15.873284],[-47.730976,-15.87349],[-47.731036,-15.873806],[-47.73096,-15.874014],[-47.730771,-15.874197],[-47.730563,-15.874173],[-47.730385,-15.874022],[-47.730124,-15.874431],[-47.729948,-15.874434],[-47.729788,-15.874381],[-47.729694,-15.874238],[-47.729465,-15.874069],[-47.729093,-15.874029],[-47.729023,-15.874237],[-47.728899,-15.874429],[-47.72871,-15.874296],[-47.728544,-15.87446],[-47.728342,-15.874571],[-47.728108,-15.874556],[-47.727775,-15.874244],[-47.727569,-15.874355],[-47.727302,-15.874684],[-47.727496,-15.875061],[-47.727077,-15.875256],[-47.726586,-15.875217],[-47.726422,-15.875074],[-47.726454,-15.874803],[-47.726343,-15.874605],[-47.725877,-15.874611],[-47.725419,-15.874527],[-47.725196,-15.874593],[-47.725032,-15.874749],[-47.724648,-15.875394],[-47.724571,-15.875522],[-47.724361,-15.875624],[-47.724221,-15.875572],[-47.724113,-15.875374],[-47.724031,-15.874915],[-47.723905,-15.874727],[-47.723449,-15.874814],[-47.723232,-15.874898],[-47.722723,-15.875356],[-47.722518,-15.875467],[-47.72207,-15.87559],[-47.722082,-15.875788],[-47.722306,-15.876427],[-47.722282,-15.876653],[-47.722107,-15.876799],[-47.72188,-15.876748],[-47.721497,-15.876184],[-47.721324,-15.876033],[-47.720861,-15.876011],[-47.720625,-15.876556],[-47.720479,-15.87673],[-47.720259,-15.876805],[-47.720134,-15.876617],[-47.7201,-15.876391],[-47.719956,-15.876248],[-47.719797,-15.876377],[-47.719792,-15.876829],[-47.719567,-15.877229],[-47.719417,-15.877393],[-47.719187,-15.877441],[-47.718809,-15.877175],[-47.718397,-15.877045],[-47.718017,-15.877564],[-47.717786,-15.877594],[-47.717562,-15.877525],[-47.717356,-15.877636],[-47.717013,-15.878227],[-47.71681,-15.878338],[-47.716576,-15.878341],[-47.716474,-15.878135],[-47.716471,-15.877909],[-47.716624,-15.877744],[-47.716621,-15.877519],[-47.716558,-15.877294],[-47.716332,-15.877351],[-47.715836,-15.877827],[-47.715432,-15.878048],[-47.714966,-15.878018],[-47.714506,-15.878096],[-47.714341,-15.877927],[-47.714293,-15.87771],[-47.714487,-15.877058],[-47.714472,-15.876832],[-47.714392,-15.876625],[-47.713989,-15.876396],[-47.713712,-15.876038],[-47.713507,-15.87642],[-47.713318,-15.876549],[-47.713085,-15.876551],[-47.712824,-15.875688],[-47.712718,-15.875526],[-47.712629,-15.875528],[-47.712258,-15.875632],[-47.711454,-15.876093],[-47.711227,-15.876141],[-47.710999,-15.87609],[-47.710794,-15.875984],[-47.71028,-15.875232],[-47.710091,-15.875099],[-47.70986,-15.875129],[-47.709639,-15.87552],[-47.709617,-15.875746],[-47.709897,-15.877702],[-47.709371,-15.877835],[-47.709157,-15.87782],[-47.708688,-15.877392],[-47.708474,-15.877485],[-47.708386,-15.877694],[-47.70827,-15.878355],[-47.708112,-15.878854],[-47.707759,-15.879689],[-47.707688,-15.880133],[-47.707727,-15.880358],[-47.708289,-15.881073],[-47.708808,-15.881528],[-47.709372,-15.881927],[-47.709474,-15.882368],[-47.709425,-15.883498],[-47.709516,-15.883704],[-47.709738,-15.883765],[-47.710436,-15.883819],[-47.710578,-15.883998],[-47.71058,-15.884224],[-47.710397,-15.884642],[-47.710109,-15.884989],[-47.709748,-15.885282],[-47.709545,-15.885384],[-47.709382,-15.885549],[-47.70933,-15.885766],[-47.709616,-15.886124],[-47.709838,-15.886193],[-47.710304,-15.886232],[-47.71096,-15.885998],[-47.711193,-15.886005],[-47.711407,-15.886092],[-47.711702,-15.886441],[-47.712008,-15.887051],[-47.712063,-15.887267],[-47.712056,-15.887854],[-47.712021,-15.887945],[-47.711701,-15.888274],[-47.711481,-15.88834],[-47.711247,-15.888352],[-47.710322,-15.888246],[-47.710089,-15.888258],[-47.709868,-15.888333],[-47.709196,-15.888956],[-47.708373,-15.889382],[-47.708235,-15.889564],[-47.708211,-15.88979],[-47.708785,-15.890496],[-47.709533,-15.891029],[-47.709654,-15.891226],[-47.709629,-15.891452],[-47.70956,-15.891661],[-47.709435,-15.891852],[-47.709214,-15.891927],[-47.708982,-15.891903],[-47.70859,-15.891655],[-47.708162,-15.89148],[-47.70771,-15.891377],[-47.707244,-15.891392],[-47.706825,-15.891587],[-47.706912,-15.892254],[-47.707262,-15.893334],[-47.707341,-15.893775],[-47.707344,-15.894001],[-47.707234,-15.894201],[-47.707002,-15.894213],[-47.706782,-15.894143],[-47.705934,-15.893368],[-47.70538,-15.892951],[-47.704795,-15.892579],[-47.704134,-15.892361],[-47.703987,-15.892489],[-47.70406,-15.892633],[-47.703641,-15.893921],[-47.703302,-15.894765],[-47.703167,-15.895426],[-47.70308,-15.895617],[-47.702921,-15.895655],[-47.702746,-15.895621],[-47.702467,-15.895435],[-47.701784,-15.894468],[-47.701597,-15.894335],[-47.701368,-15.894292],[-47.701154,-15.894376],[-47.700604,-15.89479],[-47.700496,-15.89499],[-47.700508,-15.895215],[-47.700668,-15.895638],[-47.700796,-15.895835],[-47.701834,-15.896779],[-47.702657,-15.897194],[-47.702795,-15.897381],[-47.702828,-15.897598],[-47.702733,-15.897807],[-47.702515,-15.897882],[-47.702281,-15.897894],[-47.701887,-15.8977],[-47.701201,-15.897474],[-47.700753,-15.897398],[-47.699811,-15.897374],[-47.699348,-15.897316],[-47.699117,-15.897355],[-47.699028,-15.897564],[-47.699003,-15.898016],[-47.699051,-15.898232],[-47.699241,-15.898645],[-47.699656,-15.899191],[-47.700006,-15.899783],[-47.699978,-15.9],[-47.699851,-15.900191],[-47.699657,-15.90032],[-47.699424,-15.900323],[-47.698865,-15.899914],[-47.698354,-15.899451],[-47.698158,-15.899336],[-47.69793,-15.899285],[-47.69771,-15.899351],[-47.697547,-15.899515],[-47.697469,-15.900871],[-47.697528,-15.901313],[-47.697655,-15.901745],[-47.697771,-15.901942],[-47.697958,-15.902075],[-47.698616,-15.902302],[-47.698764,-15.902481],[-47.698855,-15.902687],[-47.698838,-15.903139],[-47.698629,-15.903539],[-47.698217,-15.903743],[-47.69775,-15.90374],[-47.696627,-15.903447],[-47.696436,-15.903521],[-47.696471,-15.903747],[-47.696707,-15.904132],[-47.696936,-15.904771],[-47.696995,-15.905221],[-47.69689,-15.905421],[-47.696686,-15.905532],[-47.696221,-15.90552],[-47.695565,-15.905285],[-47.694946,-15.904967],[-47.694301,-15.904704],[-47.693617,-15.904704],[-47.693367,-15.904869],[-47.693201,-15.904826],[-47.693173,-15.904971],[-47.693318,-15.905141],[-47.693517,-15.905265],[-47.693656,-15.905444],[-47.694119,-15.906224],[-47.694244,-15.906574],[-47.694268,-15.906881],[-47.694229,-15.907108],[-47.694072,-15.907272],[-47.693849,-15.907338],[-47.693137,-15.90732],[-47.69291,-15.907269],[-47.692517,-15.90703],[-47.691902,-15.906351],[-47.691642,-15.905975],[-47.691597,-15.90575],[-47.691648,-15.905532],[-47.691943,-15.904914],[-47.692079,-15.904732],[-47.692106,-15.904506],[-47.692035,-15.904299],[-47.691881,-15.904129],[-47.691682,-15.904005],[-47.691582,-15.904006],[-47.691517,-15.904224],[-47.691502,-15.904676],[-47.691398,-15.905345],[-47.691193,-15.905755],[-47.69072,-15.906248],[-47.690499,-15.906323],[-47.690331,-15.906289],[-47.690213,-15.90639],[-47.689976,-15.906781],[-47.689692,-15.907399],[-47.6896,-15.908755],[-47.689412,-15.908884],[-47.688904,-15.908854],[-47.688541,-15.908615],[-47.688403,-15.908382],[-47.688358,-15.908111],[-47.688381,-15.907795],[-47.688758,-15.906869],[-47.688801,-15.906371],[-47.688715,-15.906201],[-47.688532,-15.906149],[-47.688308,-15.906206],[-47.687751,-15.906511],[-47.687516,-15.906929],[-47.686983,-15.908986],[-47.68698,-15.909221],[-47.687018,-15.909428],[-47.687302,-15.90984],[-47.68824,-15.910994],[-47.688292,-15.911219],[-47.688242,-15.911481],[-47.688071,-15.911673],[-47.687381,-15.911872],[-47.687148,-15.911874],[-47.686649,-15.911826],[-47.68615,-15.911715],[-47.685892,-15.91161],[-47.685428,-15.9113],[-47.685091,-15.91087],[-47.684914,-15.910566],[-47.684992,-15.910095],[-47.684927,-15.909762],[-47.684686,-15.909674],[-47.684314,-15.909706],[-47.684111,-15.909817],[-47.683944,-15.910081],[-47.683807,-15.910173],[-47.683393,-15.910304],[-47.682499,-15.909945],[-47.682203,-15.909922],[-47.682035,-15.910086],[-47.68202,-15.910349],[-47.682101,-15.910609],[-47.68212,-15.910871],[-47.682065,-15.911025],[-47.681839,-15.911335],[-47.68161,-15.911383],[-47.680662,-15.911207],[-47.680463,-15.911416],[-47.680374,-15.911724],[-47.68073,-15.912415],[-47.6811,-15.91288],[-47.681558,-15.913299],[-47.682507,-15.914362],[-47.682707,-15.914477],[-47.683031,-15.9145],[-47.683861,-15.914282],[-47.684139,-15.914242],[-47.684409,-15.914266],[-47.684622,-15.914399],[-47.684776,-15.914695],[-47.684796,-15.914884],[-47.684698,-15.915093],[-47.684435,-15.915169],[-47.683651,-15.915224],[-47.683193,-15.915446],[-47.682967,-15.915693],[-47.682511,-15.916538],[-47.682417,-15.917],[-47.682434,-15.917497],[-47.682753,-15.918703],[-47.68273,-15.919254],[-47.68254,-15.920747],[-47.682338,-15.921418],[-47.682127,-15.921601],[-47.681848,-15.921596],[-47.681651,-15.921571],[-47.681415,-15.921429],[-47.68132,-15.921313],[-47.681094,-15.920873],[-47.680911,-15.920352],[-47.680844,-15.919811],[-47.680875,-15.919612],[-47.681182,-15.919391],[-47.68128,-15.919128],[-47.681175,-15.918921],[-47.680913,-15.918843],[-47.680709,-15.918891],[-47.680512,-15.919011],[-47.680312,-15.919275],[-47.679847,-15.920248],[-47.679563,-15.921109],[-47.679439,-15.9213],[-47.67903,-15.921676],[-47.678072,-15.922067],[-47.677881,-15.922259],[-47.677795,-15.922432],[-47.677591,-15.923365],[-47.677438,-15.923538],[-47.677038,-15.92367],[-47.676247,-15.923625],[-47.676018,-15.923655],[-47.675796,-15.923757],[-47.675612,-15.923904],[-47.675479,-15.924095],[-47.675422,-15.924376],[-47.675505,-15.924574],[-47.676115,-15.925298],[-47.676745,-15.925778],[-47.677014,-15.926154],[-47.677271,-15.927117],[-47.677301,-15.927604],[-47.677417,-15.928045],[-47.67741,-15.928271],[-47.677176,-15.929114],[-47.676628,-15.930196],[-47.676417,-15.930325],[-47.676165,-15.930292],[-47.675911,-15.930114],[-47.674702,-15.928386],[-47.674408,-15.928128],[-47.673975,-15.927952],[-47.672745,-15.927805],[-47.672185,-15.927604],[-47.671938,-15.92758],[-47.671853,-15.927798],[-47.67188,-15.928647],[-47.671838,-15.928873],[-47.671655,-15.929074],[-47.671349,-15.929186],[-47.671157,-15.92918],[-47.670383,-15.929009],[-47.67015,-15.928912],[-47.670063,-15.928922],[-47.669919,-15.929096],[-47.669955,-15.929348],[-47.670064,-15.9295],[-47.670395,-15.929821],[-47.6711,-15.930319],[-47.671225,-15.93048],[-47.671235,-15.930705],[-47.671086,-15.930951],[-47.670635,-15.931372],[-47.669972,-15.932374],[-47.668667,-15.933681],[-47.668393,-15.934263],[-47.668389,-15.934489],[-47.668479,-15.934768],[-47.669085,-15.9356],[-47.669508,-15.936326],[-47.669673,-15.936749],[-47.669749,-15.9372],[-47.66969,-15.937327],[-47.669195,-15.937667],[-47.668439,-15.937974],[-47.668361,-15.938156],[-47.668451,-15.938507],[-47.668664,-15.938965],[-47.668709,-15.939705],[-47.668653,-15.940067],[-47.668331,-15.94083],[-47.668369,-15.941055],[-47.668566,-15.94164],[-47.668766,-15.941945],[-47.669024,-15.942212],[-47.669212,-15.942526],[-47.669357,-15.943003],[-47.669307,-15.943184],[-47.669028,-15.943423],[-47.668891,-15.943451],[-47.667784,-15.943284],[-47.667228,-15.943057],[-47.667108,-15.942986],[-47.667035,-15.942878],[-47.666679,-15.94281],[-47.66648,-15.942831],[-47.666468,-15.943057],[-47.666529,-15.943435],[-47.666617,-15.943678],[-47.666823,-15.943974],[-47.667262,-15.944384],[-47.667572,-15.944579],[-47.668076,-15.944654],[-47.668574,-15.94481],[-47.668882,-15.945113],[-47.668915,-15.945474],[-47.668903,-15.94589],[-47.668712,-15.946371],[-47.668185,-15.947506],[-47.667383,-15.948971],[-47.667026,-15.949851],[-47.666942,-15.950204],[-47.666922,-15.950701],[-47.666827,-15.951046],[-47.66671,-15.951996],[-47.666516,-15.952206],[-47.666195,-15.952417],[-47.665873,-15.95281],[-47.665277,-15.953133],[-47.664954,-15.953228],[-47.664787,-15.953185],[-47.664583,-15.952898],[-47.664405,-15.952765],[-47.663986,-15.952535],[-47.663865,-15.95251],[-47.663573,-15.952739],[-47.663041,-15.953017],[-47.662859,-15.953181],[-47.662787,-15.953408],[-47.662882,-15.953633],[-47.662885,-15.953759],[-47.6628,-15.953959],[-47.662514,-15.954179],[-47.662218,-15.954092],[-47.661267,-15.953933],[-47.660966,-15.953891],[-47.660731,-15.953912],[-47.660396,-15.95407],[-47.659982,-15.954364],[-47.65983,-15.954673],[-47.659795,-15.955613],[-47.660084,-15.955835],[-47.660612,-15.956126],[-47.661309,-15.956335],[-47.661525,-15.956485],[-47.66185,-15.957083],[-47.661905,-15.957185],[-47.662042,-15.958277],[-47.662185,-15.958726],[-47.66236,-15.958806],[-47.662718,-15.958675],[-47.66309,-15.958643],[-47.663305,-15.958731],[-47.663439,-15.958855],[-47.66359,-15.959179],[-47.663696,-15.959548],[-47.663605,-15.960136],[-47.66351,-15.960435],[-47.663288,-15.960801],[-47.663107,-15.961099],[-47.662678,-15.961511],[-47.662059,-15.961998],[-47.661967,-15.962233],[-47.661968,-15.962449],[-47.66028,-15.963131],[-47.65949,-15.963574],[-47.658782,-15.964151],[-47.655072,-15.967805],[-47.654436,-15.968292],[-47.653717,-15.968671],[-47.652813,-15.969053],[-47.652043,-15.969223],[-47.651106,-15.969305],[-47.650388,-15.969261],[-47.649158,-15.968999],[-47.64845,-15.968729],[-47.647675,-15.968292],[-47.646947,-15.967738],[-47.642765,-15.963439],[-47.641893,-15.962836],[-47.637738,-15.960718],[-47.637124,-15.960322],[-47.63662,-15.959859],[-47.634318,-15.957132],[-47.63259,-15.955715],[-47.6319,-15.954943],[-47.631369,-15.954145],[-47.631105,-15.953526],[-47.630929,-15.952867],[-47.630754,-15.951613],[-47.630705,-15.950461],[-47.630572,-15.949827],[-47.630088,-15.948553],[-47.629722,-15.948006],[-47.629208,-15.947354],[-47.628559,-15.946789],[-47.618247,-15.939127],[-47.617674,-15.938815],[-47.617054,-15.938587],[-47.611399,-15.937018],[-47.610686,-15.936912],[-47.610039,-15.936902],[-47.609468,-15.936987],[-47.608483,-15.937304],[-47.607651,-15.937809],[-47.607192,-15.938161],[-47.606571,-15.938884],[-47.602553,-15.945304],[-47.596922,-15.954508],[-47.594339,-15.958566],[-47.58864,-15.96769],[-47.587837,-15.969169],[-47.587753,-15.969984],[-47.58809,-15.971635],[-47.588373,-15.972605],[-47.588899,-15.973771],[-47.595213,-15.984032],[-47.598172,-15.987836],[-47.61397,-16.013398],[-47.614354,-16.014326],[-47.614555,-16.015103],[-47.617615,-16.049604],[-47.617355,-16.050263],[-47.682749,-16.050263],[-47.813179,-16.050263],[-47.813196,-16.049931],[-47.814697,-16.049933],[-47.802255,-16.025044],[-47.80155,-16.023163],[-47.800988,-16.012813],[-47.801119,-16.011887],[-47.801403,-16.010896],[-47.802696,-16.007887],[-47.809455,-15.997261],[-47.811232,-15.994404],[-47.812882,-15.991733],[-47.814981,-15.988517],[-47.815686,-15.98764],[-47.817391,-15.986103],[-47.818232,-15.985177],[-47.819217,-15.983661],[-47.819928,-15.982244],[-47.81999,-15.981473],[-47.819975,-15.980336],[-47.817879,-15.961394],[-47.817924,-15.960693],[-47.818053,-15.959987],[-47.818399,-15.958643],[-47.823647,-15.947346],[-47.827698,-15.938852],[-47.832364,-15.928716],[-47.832463,-15.928501],[-47.83268,-15.92803]]]}},{"type":"Feature","properties":{"nome":"Taguatinga","osm_id":3359490},"geometry":{"type":"Polygon","coordinates":[[[-48.003002,-15.786244],[-48.004421,-15.786337],[-48.006265,-15.786546],[-48.008572,-15.786895],[-48.010447,-15.787288],[-48.0131,-15.78794],[-48.016021,-15.788658],[-48.020734,-15.789735],[-48.024282,-15.790308],[-48.027071,-15.790631],[-48.030501,-15.79087],[-48.03249,-15.790923],[-48.039611,-15.790872],[-48.043372,-15.790945],[-48.046474,-15.791181],[-48.050942,-15.791769],[-48.050975,-15.792025],[-48.051377,-15.792116],[-48.051776,-15.792293],[-48.052096,-15.792519],[-48.052312,-15.792822],[-48.052785,-15.794285],[-48.052787,-15.794325],[-48.052794,-15.79443],[-48.052796,-15.794455],[-48.05281,-15.794668],[-48.052875,-15.794919],[-48.053592,-15.797521],[-48.053661,-15.797594],[-48.053753,-15.79769],[-48.054229,-15.798799],[-48.054326,-15.798828],[-48.055515,-15.80279],[-48.055848,-15.803118],[-48.055586,-15.803318],[-48.056167,-15.804058],[-48.05641,-15.804683],[-48.056385,-15.805713],[-48.055582,-15.80627],[-48.054406,-15.807085],[-48.056356,-15.808063],[-48.054985,-15.81139],[-48.05479,-15.812019],[-48.054909,-15.814249],[-48.054279,-15.814238],[-48.053919,-15.817347],[-48.052409,-15.823388],[-48.051987,-15.824657],[-48.051159,-15.826544],[-48.050589,-15.827581],[-48.049861,-15.82846],[-48.050241,-15.828963],[-48.050272,-15.82918],[-48.049973,-15.830508],[-48.048686,-15.831227],[-48.04771,-15.831467],[-48.049394,-15.8323],[-48.049485,-15.834576],[-48.049468,-15.834609],[-48.047649,-15.838135],[-48.047507,-15.838384],[-48.046512,-15.840301],[-48.043002,-15.847198],[-48.040277,-15.852553],[-48.039254,-15.854401],[-48.038902,-15.855038],[-48.038484,-15.855794],[-48.038436,-15.855881],[-48.038238,-15.856238],[-48.037964,-15.856733],[-48.037877,-15.856905],[-48.037221,-15.858197],[-48.037188,-15.858261],[-48.037039,-15.858556],[-48.037006,-15.858622],[-48.036774,-15.859079],[-48.036295,-15.860022],[-48.036067,-15.860454],[-48.035364,-15.861713],[-48.035182,-15.86204],[-48.035152,-15.862093],[-48.034969,-15.862421],[-48.034934,-15.862485],[-48.034817,-15.862694],[-48.0344,-15.86344],[-48.033965,-15.864247],[-48.033488,-15.865132],[-48.033216,-15.86565],[-48.032608,-15.866808],[-48.032428,-15.86715],[-48.032083,-15.867795],[-48.030629,-15.870517],[-48.029199,-15.873137],[-48.029092,-15.873333],[-48.028608,-15.874055],[-48.02738,-15.875887],[-48.043169,-15.873701],[-48.04466,-15.873897],[-48.045846,-15.87437],[-48.042724,-15.872073],[-48.037957,-15.868877],[-48.037699,-15.868757],[-48.037189,-15.868361],[-48.039931,-15.863123],[-48.040624,-15.863467],[-48.044272,-15.863339],[-48.044505,-15.863272],[-48.044701,-15.863143],[-48.044949,-15.862851],[-48.045132,-15.862722],[-48.045729,-15.862108],[-48.046077,-15.861517],[-48.046419,-15.861286],[-48.046829,-15.86082],[-48.047052,-15.860347],[-48.047902,-15.859676],[-48.048051,-15.859483],[-48.048938,-15.859745],[-48.049578,-15.860043],[-48.050138,-15.860439],[-48.050845,-15.861047],[-48.054068,-15.856559],[-48.055815,-15.857349],[-48.056251,-15.857546],[-48.05715,-15.857616],[-48.059543,-15.858581],[-48.060209,-15.858767],[-48.061225,-15.85894],[-48.062486,-15.85827],[-48.062654,-15.85818],[-48.064614,-15.857137],[-48.065557,-15.856313],[-48.066162,-15.855323],[-48.0663,-15.854628],[-48.067937,-15.852268],[-48.067966,-15.851518],[-48.068163,-15.851543],[-48.068426,-15.851577],[-48.068436,-15.85158],[-48.068979,-15.851804],[-48.071249,-15.848052],[-48.072548,-15.846945],[-48.074554,-15.847796],[-48.074955,-15.846722],[-48.075146,-15.846017],[-48.07531,-15.844934],[-48.07533,-15.84359],[-48.076071,-15.843648],[-48.076404,-15.843724],[-48.076965,-15.844104],[-48.077107,-15.844313],[-48.077089,-15.844589],[-48.077193,-15.844684],[-48.077383,-15.84476],[-48.077592,-15.844998],[-48.077876,-15.845105],[-48.078087,-15.845254],[-48.0788,-15.845368],[-48.079351,-15.845587],[-48.079693,-15.846072],[-48.079855,-15.846053],[-48.080121,-15.84592],[-48.080349,-15.84591],[-48.08053,-15.846024],[-48.080882,-15.84612],[-48.081566,-15.846462],[-48.081833,-15.846642],[-48.082318,-15.846861],[-48.08284,-15.84688],[-48.083394,-15.847433],[-48.083496,-15.847698],[-48.083506,-15.84804],[-48.083278,-15.848154],[-48.083211,-15.848268],[-48.083249,-15.848392],[-48.083354,-15.848468],[-48.083858,-15.84842],[-48.084048,-15.848449],[-48.084228,-15.84861],[-48.084314,-15.849029],[-48.084438,-15.849266],[-48.085103,-15.849656],[-48.085597,-15.850074],[-48.085959,-15.85017],[-48.086054,-15.850303],[-48.08612,-15.85054],[-48.086263,-15.850683],[-48.086843,-15.850664],[-48.087898,-15.851463],[-48.088638,-15.852089],[-48.09329,-15.837569],[-48.090767,-15.83674],[-48.090407,-15.836618],[-48.08845,-15.835965],[-48.087864,-15.83579],[-48.087941,-15.835595],[-48.09224,-15.824675],[-48.092405,-15.824256],[-48.092731,-15.823424],[-48.093072,-15.822558],[-48.093384,-15.821764],[-48.092506,-15.821441],[-48.093386,-15.819179],[-48.093154,-15.819098],[-48.094015,-15.816853],[-48.094231,-15.816925],[-48.094454,-15.816307],[-48.095135,-15.814694],[-48.095987,-15.813019],[-48.096111,-15.812781],[-48.096251,-15.812617],[-48.096826,-15.811752],[-48.09812,-15.809804],[-48.10145,-15.805468],[-48.101744,-15.8055],[-48.102298,-15.805894],[-48.107617,-15.798903],[-48.108519,-15.799566],[-48.110876,-15.796486],[-48.111513,-15.795676],[-48.112374,-15.794599],[-48.11238,-15.794592],[-48.112436,-15.794526],[-48.111637,-15.793961],[-48.111376,-15.793883],[-48.111171,-15.793912],[-48.111,-15.793995],[-48.108338,-15.790249],[-48.111901,-15.770414],[-48.111204,-15.770289],[-48.110586,-15.770051],[-48.110244,-15.769728],[-48.109597,-15.76949],[-48.109198,-15.769205],[-48.108789,-15.769034],[-48.108608,-15.769024],[-48.10819,-15.769148],[-48.108009,-15.769243],[-48.107658,-15.769205],[-48.107448,-15.769062],[-48.107258,-15.768863],[-48.106907,-15.768701],[-48.10627,-15.768093],[-48.105661,-15.767769],[-48.105119,-15.767522],[-48.102704,-15.766838],[-48.102125,-15.766514],[-48.101887,-15.766315],[-48.100813,-15.765868],[-48.100527,-15.765821],[-48.099415,-15.76545],[-48.098797,-15.765364],[-48.098246,-15.765421],[-48.097942,-15.765725],[-48.097732,-15.765849],[-48.097358,-15.765891],[-48.097086,-15.765759],[-48.096724,-15.765458],[-48.096584,-15.765424],[-48.096274,-15.765482],[-48.096194,-15.765411],[-48.09618,-15.765122],[-48.096068,-15.764952],[-48.095597,-15.765121],[-48.094991,-15.765184],[-48.094163,-15.764907],[-48.093801,-15.764551],[-48.09322,-15.764307],[-48.092637,-15.764125],[-48.092363,-15.763922],[-48.091865,-15.763694],[-48.091373,-15.763665],[-48.091188,-15.76355],[-48.090353,-15.762876],[-48.089743,-15.762541],[-48.089286,-15.762204],[-48.08876,-15.761688],[-48.088637,-15.761356],[-48.088468,-15.761313],[-48.087951,-15.761393],[-48.087776,-15.76135],[-48.087415,-15.761193],[-48.087181,-15.760997],[-48.086799,-15.760768],[-48.086577,-15.760681],[-48.086047,-15.760616],[-48.085092,-15.760097],[-48.084575,-15.760177],[-48.083941,-15.759906],[-48.083411,-15.759949],[-48.082941,-15.75954],[-48.082646,-15.759346],[-48.082472,-15.759321],[-48.082029,-15.759391],[-48.081914,-15.759365],[-48.081414,-15.75912],[-48.081139,-15.758916],[-48.080953,-15.758828],[-48.080865,-15.758848],[-48.080764,-15.758804],[-48.080685,-15.758408],[-48.080519,-15.758275],[-48.080457,-15.758246],[-48.079758,-15.757924],[-48.079277,-15.757841],[-48.07811,-15.757487],[-48.077945,-15.757363],[-48.077649,-15.757024],[-48.077539,-15.756971],[-48.077089,-15.757041],[-48.075691,-15.757551],[-48.075789,-15.757788],[-48.075726,-15.757945],[-48.075335,-15.757757],[-48.075074,-15.757732],[-48.074954,-15.757873],[-48.074951,-15.758028],[-48.074902,-15.758128],[-48.074028,-15.758411],[-48.07392,-15.758467],[-48.073639,-15.758751],[-48.073453,-15.758862],[-48.073161,-15.758984],[-48.072794,-15.759061],[-48.072469,-15.759075],[-48.072252,-15.759005],[-48.072154,-15.758808],[-48.071926,-15.758658],[-48.071818,-15.758632],[-48.07136,-15.758738],[-48.071191,-15.758641],[-48.070937,-15.758582],[-48.07082,-15.758592],[-48.070723,-15.758669],[-48.069824,-15.758969],[-48.069519,-15.759036],[-48.068872,-15.759052],[-48.068697,-15.759],[-48.068065,-15.758596],[-48.067452,-15.758077],[-48.066971,-15.757576],[-48.066317,-15.756496],[-48.065932,-15.755536],[-48.065817,-15.755128],[-48.065735,-15.75458],[-48.065771,-15.754143],[-48.06624,-15.753181],[-48.066463,-15.752587],[-48.066815,-15.752205],[-48.066942,-15.752003],[-48.067011,-15.751676],[-48.066987,-15.751127],[-48.067069,-15.75086],[-48.066962,-15.750546],[-48.067229,-15.750236],[-48.067405,-15.749882],[-48.067694,-15.74976],[-48.067764,-15.749678],[-48.067822,-15.749415],[-48.06778,-15.74928],[-48.067797,-15.748919],[-48.068096,-15.748635],[-48.068251,-15.748389],[-48.0684,-15.747665],[-48.068639,-15.746993],[-48.069098,-15.746463],[-48.069775,-15.745875],[-48.070116,-15.745437],[-48.0704,-15.744846],[-48.070542,-15.744348],[-48.070541,-15.743345],[-48.070922,-15.742816],[-48.071395,-15.742394],[-48.071827,-15.741891],[-48.07194,-15.741646],[-48.072001,-15.741374],[-48.072242,-15.741064],[-48.072433,-15.740953],[-48.072477,-15.740663],[-48.072491,-15.739733],[-48.072597,-15.738964],[-48.072618,-15.738456],[-48.072595,-15.738194],[-48.072454,-15.736516],[-48.070884,-15.736891],[-48.064528,-15.737779],[-48.062716,-15.738198],[-48.060265,-15.739007],[-48.059165,-15.739476],[-48.057996,-15.740055],[-48.056854,-15.740751],[-48.05573,-15.741557],[-48.054377,-15.742607],[-48.053358,-15.743517],[-48.05247,-15.744447],[-48.051607,-15.745445],[-48.050714,-15.746779],[-48.049897,-15.748201],[-48.049225,-15.749548],[-48.047434,-15.753842],[-48.047052,-15.753671],[-48.046506,-15.753516],[-48.042272,-15.753287],[-48.037556,-15.752868],[-48.027969,-15.752212],[-48.017062,-15.751479],[-48.00682,-15.753935],[-48.006056,-15.75424],[-48.00594,-15.754604],[-48.005656,-15.755493],[-48.005778,-15.757632],[-48.006342,-15.760054],[-48.006765,-15.760982],[-48.00682,-15.761577],[-48.007199,-15.762989],[-48.007183,-15.763277],[-48.007011,-15.763716],[-48.007188,-15.764185],[-48.007081,-15.765],[-48.006965,-15.76538],[-48.006549,-15.766271],[-48.006513,-15.766434],[-48.006539,-15.766795],[-48.006692,-15.767362],[-48.006752,-15.767794],[-48.006593,-15.76925],[-48.006334,-15.770328],[-48.006207,-15.771712],[-48.006113,-15.772038],[-48.005987,-15.772211],[-48.005978,-15.772383],[-48.006055,-15.772599],[-48.006498,-15.77308],[-48.006651,-15.773385],[-48.006603,-15.773882],[-48.006455,-15.774616],[-48.006653,-15.775137],[-48.006661,-15.775435],[-48.006521,-15.776015],[-48.006386,-15.776215],[-48.006181,-15.776326],[-48.006062,-15.776599],[-48.005997,-15.777042],[-48.006103,-15.777845],[-48.006086,-15.77817],[-48.005811,-15.778517],[-48.005685,-15.779395],[-48.005555,-15.779712],[-48.005401,-15.780437],[-48.004947,-15.781193],[-48.00461,-15.781983],[-48.004432,-15.782581],[-48.004271,-15.782836],[-48.004236,-15.783171],[-48.004333,-15.783341],[-48.004555,-15.783573],[-48.004565,-15.783663],[-48.004533,-15.783745],[-48.004392,-15.783837],[-48.004343,-15.783919],[-48.00424,-15.784246],[-48.004083,-15.784546],[-48.003671,-15.784904],[-48.003423,-15.785295],[-48.003073,-15.785706],[-48.003002,-15.786244]]]}},{"type":"Feature","properties":{"nome":"Varjão","osm_id":3359491},"geometry":{"type":"Polygon","coordinates":[[[-47.872243,-15.717818],[-47.870558,-15.71603],[-47.870528,-15.71593],[-47.870444,-15.715651],[-47.869919,-15.713905],[-47.87158,-15.713643],[-47.872068,-15.713506],[-47.873923,-15.711719],[-47.87227,-15.711186],[-47.872099,-15.709585],[-47.872438,-15.708164],[-47.872724,-15.707963],[-47.873706,-15.707848],[-47.873837,-15.707566],[-47.874708,-15.707786],[-47.87528,-15.707505],[-47.880147,-15.70565],[-47.88251,-15.704703],[-47.884606,-15.701347],[-47.891924,-15.706961],[-47.891822,-15.707045],[-47.891279,-15.707492],[-47.89067,-15.70751],[-47.889943,-15.707265],[-47.889571,-15.707294],[-47.889383,-15.707436],[-47.88938,-15.7075],[-47.889488,-15.707637],[-47.889479,-15.707704],[-47.889278,-15.707714],[-47.889147,-15.707792],[-47.889192,-15.707934],[-47.889375,-15.707993],[-47.889294,-15.70819],[-47.888693,-15.708561],[-47.888632,-15.708642],[-47.888468,-15.708659],[-47.888162,-15.70892],[-47.888074,-15.708931],[-47.887937,-15.709078],[-47.887191,-15.709148],[-47.886829,-15.709111],[-47.886768,-15.709233],[-47.88666,-15.709315],[-47.886231,-15.709411],[-47.885786,-15.709672],[-47.885169,-15.709798],[-47.884769,-15.709943],[-47.88467,-15.710054],[-47.88467,-15.710214],[-47.88441,-15.710299],[-47.884246,-15.710513],[-47.883723,-15.710632],[-47.883519,-15.710728],[-47.883367,-15.710885],[-47.882983,-15.71103],[-47.882935,-15.711099],[-47.882846,-15.711128],[-47.882412,-15.711097],[-47.882253,-15.71127],[-47.881991,-15.711327],[-47.881725,-15.711489],[-47.881419,-15.71142],[-47.881339,-15.711621],[-47.881162,-15.711608],[-47.881033,-15.711544],[-47.880853,-15.711371],[-47.88077,-15.711365],[-47.880668,-15.711433],[-47.880668,-15.711497],[-47.8808,-15.711588],[-47.880805,-15.711649],[-47.880596,-15.711859],[-47.880363,-15.711918],[-47.880239,-15.711998],[-47.880121,-15.711972],[-47.880081,-15.71191],[-47.879912,-15.711939],[-47.879947,-15.712073],[-47.880049,-15.712132],[-47.880022,-15.712225],[-47.879872,-15.712181],[-47.879472,-15.712225],[-47.879354,-15.712174],[-47.879107,-15.711926],[-47.878971,-15.711864],[-47.878796,-15.711861],[-47.878606,-15.711923],[-47.878359,-15.712058],[-47.878112,-15.712473],[-47.878163,-15.712677],[-47.878316,-15.712871],[-47.878329,-15.712956],[-47.878321,-15.713049],[-47.878177,-15.713261],[-47.878101,-15.713645],[-47.878168,-15.713782],[-47.878252,-15.713822],[-47.878262,-15.713963],[-47.878101,-15.714073],[-47.877734,-15.71419],[-47.877525,-15.714325],[-47.877275,-15.714405],[-47.877208,-15.714469],[-47.87719,-15.714586],[-47.877143,-15.714978],[-47.877093,-15.715094],[-47.876998,-15.715124],[-47.87683,-15.715246],[-47.876719,-15.715314],[-47.876668,-15.715314],[-47.876621,-15.715178],[-47.876487,-15.715155],[-47.876344,-15.715237],[-47.875978,-15.715258],[-47.875558,-15.715538],[-47.875304,-15.715606],[-47.875249,-15.715505],[-47.875384,-15.715354],[-47.875342,-15.715269],[-47.875062,-15.715251],[-47.874899,-15.715383],[-47.874668,-15.715703],[-47.874467,-15.715763],[-47.874403,-15.715845],[-47.874443,-15.715982],[-47.874643,-15.716163],[-47.874967,-15.715976],[-47.875083,-15.716004],[-47.875167,-15.716156],[-47.87486,-15.716418],[-47.874258,-15.716565],[-47.873847,-15.716778],[-47.872243,-15.717818]]]}},{"type":"Feature","properties":{"nome":"Vicente Pires","osm_id":3359492},"geometry":{"type":"Polygon","coordinates":[[[-48.02054,-15.821112],[-48.020421,-15.821049],[-48.020269,-15.820952],[-48.019416,-15.820439],[-48.017494,-15.819284],[-48.016385,-15.818753],[-48.013678,-15.817723],[-48.012403,-15.817239],[-48.011946,-15.817081],[-48.008058,-15.815738],[-48.004889,-15.81457],[-48.005054,-15.814122],[-48.005285,-15.813603],[-48.005348,-15.813464],[-48.005417,-15.813309],[-48.005504,-15.813115],[-48.005505,-15.812977],[-48.005505,-15.812889],[-48.005424,-15.812616],[-48.005404,-15.812547],[-48.005486,-15.812167],[-48.005446,-15.811761],[-48.005526,-15.811299],[-48.005813,-15.8107],[-48.005946,-15.810567],[-48.00608,-15.810434],[-48.006092,-15.810036],[-48.006201,-15.809873],[-48.006262,-15.809781],[-48.006571,-15.809452],[-48.006623,-15.809316],[-48.006557,-15.809037],[-48.006594,-15.808187],[-48.006679,-15.807834],[-48.006712,-15.807355],[-48.006673,-15.807256],[-48.006738,-15.807067],[-48.006789,-15.806921],[-48.006718,-15.806497],[-48.00675,-15.806388],[-48.006908,-15.80626],[-48.006957,-15.806142],[-48.006784,-15.805674],[-48.006755,-15.80544],[-48.006843,-15.804626],[-48.006824,-15.804411],[-48.0068,-15.804121],[-48.006895,-15.803713],[-48.006842,-15.803488],[-48.006707,-15.803219],[-48.006681,-15.803039],[-48.006691,-15.802407],[-48.006776,-15.801719],[-48.006744,-15.801454],[-48.006732,-15.801361],[-48.006647,-15.800665],[-48.006248,-15.800101],[-48.005977,-15.799816],[-48.005737,-15.799368],[-48.005694,-15.798592],[-48.005673,-15.79827],[-48.005653,-15.797961],[-48.005699,-15.797581],[-48.00603,-15.796727],[-48.006099,-15.796066],[-48.006122,-15.795841],[-48.00604,-15.794939],[-48.005904,-15.794508],[-48.005701,-15.794086],[-48.005669,-15.793725],[-48.005536,-15.793167],[-48.005527,-15.79305],[-48.005761,-15.792704],[-48.005778,-15.792595],[-48.005749,-15.792361],[-48.005666,-15.79219],[-48.005725,-15.791584],[-48.005574,-15.791045],[-48.005561,-15.790611],[-48.005547,-15.790187],[-48.005436,-15.789972],[-48.005122,-15.789853],[-48.005,-15.789806],[-48.004729,-15.789594],[-48.004674,-15.789537],[-48.003752,-15.788469],[-48.003358,-15.787725],[-48.003036,-15.786474],[-48.002994,-15.786311],[-48.003002,-15.786244],[-48.004421,-15.786337],[-48.006265,-15.786546],[-48.008572,-15.786895],[-48.010447,-15.787288],[-48.0131,-15.78794],[-48.016021,-15.788658],[-48.020734,-15.789735],[-48.024282,-15.790308],[-48.027071,-15.790631],[-48.030501,-15.79087],[-48.03249,-15.790923],[-48.039611,-15.790872],[-48.043372,-15.790945],[-48.046474,-15.791181],[-48.050942,-15.791769],[-48.050975,-15.792025],[-48.051377,-15.792116],[-48.051776,-15.792293],[-48.052096,-15.792519],[-48.052312,-15.792822],[-48.052785,-15.794285],[-48.052787,-15.794325],[-48.052794,-15.79443],[-48.052796,-15.794455],[-48.05281,-15.794668],[-48.052875,-15.794919],[-48.053592,-15.797521],[-48.053661,-15.797594],[-48.053753,-15.79769],[-48.054229,-15.798799],[-48.054326,-15.798828],[-48.055515,-15.80279],[-48.055848,-15.803118],[-48.055586,-15.803318],[-48.056167,-15.804058],[-48.05641,-15.804683],[-48.056385,-15.805713],[-48.055582,-15.80627],[-48.054406,-15.807085],[-48.056356,-15.808063],[-48.054985,-15.81139],[-48.05479,-15.812019],[-48.054909,-15.814249],[-48.054279,-15.814238],[-48.053919,-15.817347],[-48.052409,-15.823388],[-48.051987,-15.824657],[-48.051159,-15.826544],[-48.050589,-15.827581],[-48.049861,-15.82846],[-48.050241,-15.828963],[-48.050272,-15.82918],[-48.049973,-15.830508],[-48.048686,-15.831227],[-48.04771,-15.831467],[-48.036883,-15.830053],[-48.035989,-15.829857],[-48.034661,-15.829403],[-48.03391,-15.829054],[-48.022372,-15.822174],[-48.022153,-15.822044],[-48.021464,-15.82164],[-48.02054,-15.821112]]]}},{"type":"Feature","properties":{"nome":"Águas Claras","osm_id":3359493},"geometry":{"type":"Polygon","coordinates":[[[-47.992209,-15.876011],[-47.992617,-15.874474],[-47.993447,-15.87134],[-47.993673,-15.871123],[-47.993517,-15.870746],[-47.993989,-15.869013],[-47.991757,-15.868378],[-47.99201,-15.866469],[-47.990266,-15.865793],[-47.985309,-15.864281],[-47.98797,-15.862299],[-48.000764,-15.850364],[-47.998962,-15.848573],[-47.999931,-15.846493],[-48.001,-15.847001],[-48.001703,-15.848179],[-48.00197,-15.848446],[-48.006273,-15.8504],[-48.007692,-15.847218],[-48.008838,-15.844646],[-48.010788,-15.841085],[-48.010887,-15.840904],[-48.011627,-15.841142],[-48.015339,-15.842091],[-48.025982,-15.846485],[-48.032921,-15.84945],[-48.031598,-15.852664],[-48.031001,-15.854113],[-48.030932,-15.85428],[-48.029707,-15.857256],[-48.029108,-15.858709],[-48.028954,-15.858932],[-48.025859,-15.862374],[-48.026755,-15.863166],[-48.027795,-15.863748],[-48.025498,-15.868009],[-48.028439,-15.869485],[-48.028523,-15.86953],[-48.02864,-15.869592],[-48.028806,-15.869672],[-48.028939,-15.86974],[-48.030275,-15.870422],[-48.030629,-15.870517],[-48.032083,-15.867795],[-48.032428,-15.86715],[-48.032608,-15.866808],[-48.033216,-15.86565],[-48.033488,-15.865132],[-48.033965,-15.864247],[-48.0344,-15.86344],[-48.034817,-15.862694],[-48.034934,-15.862485],[-48.034969,-15.862421],[-48.035152,-15.862093],[-48.035182,-15.86204],[-48.035364,-15.861713],[-48.036067,-15.860454],[-48.036295,-15.860022],[-48.036774,-15.859079],[-48.037006,-15.858622],[-48.037039,-15.858556],[-48.037188,-15.858261],[-48.037221,-15.858197],[-48.037877,-15.856905],[-48.037964,-15.856733],[-48.038238,-15.856238],[-48.038436,-15.855881],[-48.038484,-15.855794],[-48.038902,-15.855038],[-48.039254,-15.854401],[-48.040277,-15.852553],[-48.043002,-15.847198],[-48.046512,-15.840301],[-48.047507,-15.838384],[-48.047649,-15.838135],[-48.049468,-15.834609],[-48.049485,-15.834576],[-48.049394,-15.8323],[-48.04771,-15.831467],[-48.036883,-15.830053],[-48.035989,-15.829857],[-48.034661,-15.829403],[-48.03391,-15.829054],[-48.022372,-15.822174],[-48.022153,-15.822044],[-48.021464,-15.82164],[-48.02054,-15.821112],[-48.020421,-15.821049],[-48.020048,-15.821586],[-48.01999,-15.821626],[-48.019897,-15.821595],[-48.019839,-15.821628],[-48.019654,-15.821573],[-48.019624,-15.821627],[-48.019652,-15.821659],[-48.01948,-15.821977],[-48.019396,-15.822001],[-48.019244,-15.821958],[-48.019139,-15.822073],[-48.019004,-15.822128],[-48.018888,-15.822085],[-48.018811,-15.821999],[-48.01879,-15.821832],[-48.01868,-15.821746],[-48.018082,-15.821738],[-48.017812,-15.821648],[-48.017617,-15.821651],[-48.016989,-15.821389],[-48.016936,-15.821384],[-48.016906,-15.821463],[-48.016831,-15.821483],[-48.016451,-15.82146],[-48.01627,-15.821375],[-48.016161,-15.821193],[-48.016079,-15.821138],[-48.015957,-15.821192],[-48.015687,-15.821219],[-48.015417,-15.821125],[-48.014928,-15.821097],[-48.014734,-15.821282],[-48.014418,-15.82129],[-48.013945,-15.821024],[-48.013861,-15.820841],[-48.013668,-15.820609],[-48.01337,-15.820715],[-48.013075,-15.820679],[-48.012854,-15.82056],[-48.012737,-15.820497],[-48.012421,-15.820213],[-48.01212,-15.820043],[-48.012036,-15.820035],[-48.01187,-15.820083],[-48.011646,-15.820003],[-48.010711,-15.822108],[-48.010664,-15.822088],[-48.003627,-15.819119],[-48.00369,-15.818934],[-48.003123,-15.818035],[-48.003015,-15.818151],[-48.003025,-15.818257],[-48.002909,-15.81839],[-48.002824,-15.818414],[-48.002533,-15.818295],[-48.002496,-15.818114],[-48.0021,-15.818093],[-48.001929,-15.818141],[-48.001854,-15.81811],[-48.001629,-15.817963],[-48.001489,-15.817786],[-48.00139,-15.817796],[-48.001359,-15.817871],[-48.001189,-15.817946],[-48.001021,-15.817895],[-48.000916,-15.817788],[-48.000819,-15.817763],[-48.000732,-15.8179],[-48.000474,-15.817979],[-48.0003,-15.818157],[-48.000277,-15.818344],[-48.000093,-15.81882],[-48.000112,-15.819208],[-48.00035,-15.819483],[-48.00046,-15.819729],[-48.000329,-15.819963],[-47.999972,-15.819954],[-48.00001,-15.820048],[-48.00018,-15.820163],[-48.000057,-15.82021],[-48.00004,-15.820316],[-47.999751,-15.820579],[-47.999136,-15.820893],[-47.999088,-15.820971],[-47.999091,-15.82105],[-47.998987,-15.821174],[-47.99882,-15.821274],[-47.998698,-15.821416],[-47.998669,-15.821561],[-47.998695,-15.821648],[-47.998689,-15.821768],[-47.998614,-15.821885],[-47.998527,-15.821892],[-47.998445,-15.82183],[-47.998242,-15.821903],[-47.998128,-15.821909],[-47.998016,-15.821934],[-47.997724,-15.822161],[-47.997631,-15.822278],[-47.997576,-15.822392],[-47.997399,-15.822612],[-47.997292,-15.822648],[-47.997061,-15.822632],[-47.996784,-15.822713],[-47.996608,-15.822844],[-47.996444,-15.822972],[-47.996293,-15.82308],[-47.996021,-15.823513],[-47.995928,-15.823817],[-47.995976,-15.824336],[-47.996135,-15.824675],[-47.99649,-15.825249],[-47.996581,-15.825376],[-47.996576,-15.825496],[-47.99656,-15.825535],[-47.996487,-15.825567],[-47.996471,-15.825688],[-47.996476,-15.825801],[-47.996422,-15.826209],[-47.996333,-15.826615],[-47.996112,-15.826791],[-47.995917,-15.826973],[-47.995451,-15.827322],[-47.995366,-15.827531],[-47.995346,-15.827794],[-47.99521,-15.828021],[-47.995227,-15.828279],[-47.995233,-15.828424],[-47.995251,-15.828522],[-47.995286,-15.828615],[-47.995497,-15.829191],[-47.995554,-15.829579],[-47.995376,-15.829707],[-47.995256,-15.829797],[-47.995129,-15.829861],[-47.995055,-15.829959],[-47.995075,-15.830105],[-47.995082,-15.830251],[-47.995139,-15.830364],[-47.995119,-15.830485],[-47.99522,-15.830757],[-47.995233,-15.830801],[-47.995306,-15.83087],[-47.995309,-15.830924],[-47.995283,-15.830983],[-47.995177,-15.831057],[-47.995054,-15.831115],[-47.995016,-15.831192],[-47.995021,-15.831246],[-47.995146,-15.831239],[-47.995333,-15.831162],[-47.995393,-15.831209],[-47.995341,-15.831333],[-47.995241,-15.831402],[-47.995217,-15.831537],[-47.995132,-15.831624],[-47.99512,-15.831829],[-47.99497,-15.83193],[-47.994812,-15.832146],[-47.994755,-15.832198],[-47.99473,-15.832234],[-47.994659,-15.832168],[-47.994585,-15.832132],[-47.994515,-15.832093],[-47.994441,-15.832074],[-47.994355,-15.832063],[-47.994321,-15.832085],[-47.994312,-15.832114],[-47.994287,-15.832187],[-47.994216,-15.832234],[-47.994172,-15.832295],[-47.994152,-15.832393],[-47.994235,-15.832488],[-47.994229,-15.83256],[-47.994176,-15.832586],[-47.993993,-15.832437],[-47.993898,-15.832515],[-47.993563,-15.832586],[-47.993569,-15.832821],[-47.993336,-15.832985],[-47.993346,-15.833194],[-47.993266,-15.833647],[-47.993146,-15.833726],[-47.993131,-15.833834],[-47.993342,-15.833944],[-47.993228,-15.834171],[-47.993329,-15.834404],[-47.993074,-15.835022],[-47.993041,-15.83542],[-47.992916,-15.835945],[-47.992532,-15.836501],[-47.992519,-15.837076],[-47.992357,-15.837127],[-47.992289,-15.83731],[-47.99218,-15.837457],[-47.992218,-15.837559],[-47.992176,-15.837695],[-47.99188,-15.837905],[-47.99181,-15.838071],[-47.99174,-15.83849],[-47.991684,-15.838586],[-47.991606,-15.838761],[-47.991753,-15.83881],[-47.991818,-15.838942],[-47.991856,-15.839099],[-47.991834,-15.839213],[-47.991788,-15.839308],[-47.991611,-15.839471],[-47.99156,-15.839618],[-47.991582,-15.839827],[-47.991547,-15.840041],[-47.991461,-15.840077],[-47.991321,-15.839878],[-47.991245,-15.8399],[-47.991217,-15.840036],[-47.991112,-15.840147],[-47.99096,-15.840199],[-47.990823,-15.840253],[-47.990731,-15.840384],[-47.990679,-15.840513],[-47.990541,-15.840779],[-47.990452,-15.841053],[-47.99005,-15.841058],[-47.989924,-15.841334],[-47.990034,-15.841465],[-47.990033,-15.841841],[-47.990183,-15.842366],[-47.990187,-15.842636],[-47.990028,-15.842687],[-47.989956,-15.843634],[-47.989878,-15.843784],[-47.989845,-15.844017],[-47.989633,-15.844261],[-47.989691,-15.844441],[-47.989786,-15.844789],[-47.989736,-15.845565],[-47.989523,-15.845778],[-47.989317,-15.845821],[-47.98928,-15.845908],[-47.989296,-15.845944],[-47.989641,-15.846032],[-47.989669,-15.846064],[-47.989621,-15.846185],[-47.989273,-15.846503],[-47.988512,-15.846829],[-47.988413,-15.846984],[-47.988464,-15.847301],[-47.988407,-15.847459],[-47.988122,-15.847477],[-47.987672,-15.847607],[-47.987317,-15.847463],[-47.987226,-15.847486],[-47.986875,-15.847388],[-47.98644,-15.8475],[-47.985549,-15.847906],[-47.98545,-15.84806],[-47.985447,-15.8483],[-47.985171,-15.848466],[-47.985176,-15.848845],[-47.985118,-15.848906],[-47.984979,-15.848928],[-47.984907,-15.849054],[-47.984825,-15.849587],[-47.985044,-15.8499],[-47.985076,-15.8501],[-47.9849,-15.8501],[-47.98472,-15.849918],[-47.984602,-15.849963],[-47.984595,-15.850174],[-47.984502,-15.850425],[-47.984288,-15.850608],[-47.984016,-15.850657],[-47.983922,-15.850615],[-47.983808,-15.850188],[-47.983761,-15.850161],[-47.983423,-15.850265],[-47.982947,-15.850319],[-47.982753,-15.85026],[-47.982609,-15.850116],[-47.982592,-15.849975],[-47.982508,-15.849923],[-47.982386,-15.849942],[-47.982195,-15.85021],[-47.981684,-15.850282],[-47.981401,-15.850538],[-47.981367,-15.850649],[-47.981471,-15.850898],[-47.981267,-15.851411],[-47.981188,-15.851486],[-47.981048,-15.851504],[-47.98074,-15.851924],[-47.979798,-15.852755],[-47.979768,-15.852865],[-47.979642,-15.852857],[-47.979535,-15.852916],[-47.979489,-15.853117],[-47.979583,-15.853374],[-47.979471,-15.853581],[-47.97924,-15.853806],[-47.97923,-15.853862],[-47.979324,-15.854089],[-47.979251,-15.854357],[-47.979298,-15.854702],[-47.979267,-15.854903],[-47.979025,-15.855113],[-47.978955,-15.855395],[-47.978848,-15.855564],[-47.978708,-15.85569],[-47.97854,-15.855681],[-47.978484,-15.855732],[-47.978328,-15.855995],[-47.978288,-15.856227],[-47.978089,-15.856313],[-47.978022,-15.856638],[-47.977715,-15.856907],[-47.977696,-15.857023],[-47.977748,-15.857057],[-47.977865,-15.857043],[-47.977933,-15.857253],[-47.977839,-15.857371],[-47.97773,-15.857818],[-47.977569,-15.857975],[-47.977505,-15.858172],[-47.977011,-15.858391],[-47.976741,-15.858289],[-47.976453,-15.858372],[-47.976255,-15.858595],[-47.975503,-15.859068],[-47.974988,-15.858716],[-47.974684,-15.858705],[-47.974071,-15.858823],[-47.973721,-15.858681],[-47.973186,-15.858684],[-47.972982,-15.858872],[-47.972789,-15.859368],[-47.972695,-15.85943],[-47.972443,-15.859449],[-47.972059,-15.859272],[-47.97193,-15.859293],[-47.971844,-15.859352],[-47.97182,-15.859629],[-47.971887,-15.859725],[-47.971978,-15.859763],[-47.972002,-15.859853],[-47.971836,-15.859991],[-47.971734,-15.859924],[-47.971656,-15.859924],[-47.971458,-15.860157],[-47.97145,-15.860348],[-47.971533,-15.860571],[-47.971613,-15.860576],[-47.97185,-15.860445],[-47.971919,-15.860506],[-47.971909,-15.860665],[-47.971612,-15.861233],[-47.971644,-15.861382],[-47.971781,-15.861437],[-47.971799,-15.861528],[-47.971565,-15.861655],[-47.971013,-15.861735],[-47.971016,-15.861633],[-47.971125,-15.861439],[-47.971027,-15.861269],[-47.970887,-15.861161],[-47.970678,-15.861129],[-47.97052,-15.861148],[-47.97041,-15.861259],[-47.970297,-15.861629],[-47.970205,-15.86168],[-47.969956,-15.861449],[-47.969699,-15.86129],[-47.969467,-15.861309],[-47.969341,-15.861395],[-47.969183,-15.861417],[-47.968874,-15.861312],[-47.968278,-15.861293],[-47.96751,-15.861038],[-47.96692,-15.860907],[-47.966479,-15.86096],[-47.96641,-15.861025],[-47.966297,-15.861548],[-47.966235,-15.861578],[-47.965935,-15.861411],[-47.965827,-15.861427],[-47.965602,-15.861607],[-47.965336,-15.861607],[-47.96521,-15.86165],[-47.965145,-15.86176],[-47.965156,-15.8619],[-47.965258,-15.861988],[-47.965239,-15.86212],[-47.965126,-15.862184],[-47.964826,-15.86223],[-47.964576,-15.86248],[-47.964335,-15.862632],[-47.96403,-15.862748],[-47.963465,-15.862626],[-47.963197,-15.862631],[-47.963081,-15.862709],[-47.962995,-15.863026],[-47.963129,-15.863209],[-47.963363,-15.863329],[-47.963416,-15.863439],[-47.963348,-15.863601],[-47.963246,-15.863709],[-47.962858,-15.863876],[-47.962608,-15.863938],[-47.962378,-15.864305],[-47.96319,-15.864264],[-47.966038,-15.866383],[-47.973721,-15.870121],[-47.974097,-15.870304],[-47.978569,-15.87248],[-47.98308,-15.874673],[-47.989626,-15.875633],[-47.989767,-15.875653],[-47.989943,-15.875679],[-47.992141,-15.876001],[-47.992209,-15.876011]]]}},{"type":"Feature","properties":{"nome":"Sol Nascente/Pôr do Sol","osm_id":12110990},"geometry":{"type":"Polygon","coordinates":[[[-48.107008,-15.858739],[-48.110844,-15.85408],[-48.113641,-15.850684],[-48.113707,-15.850603],[-48.120584,-15.855542],[-48.126287,-15.848187],[-48.130009,-15.843386],[-48.130497,-15.842767],[-48.130672,-15.842401],[-48.130744,-15.842029],[-48.130723,-15.841925],[-48.130631,-15.841464],[-48.130468,-15.841183],[-48.13021,-15.840925],[-48.129945,-15.840729],[-48.128683,-15.839843],[-48.127108,-15.83901],[-48.124045,-15.836844],[-48.12263,-15.838639],[-48.116358,-15.834185],[-48.115572,-15.832992],[-48.115369,-15.832671],[-48.115265,-15.832308],[-48.118325,-15.828461],[-48.11927,-15.828879],[-48.12114,-15.826361],[-48.123768,-15.828265],[-48.123905,-15.828028],[-48.124006,-15.827032],[-48.124116,-15.825956],[-48.125777,-15.823718],[-48.126844,-15.824175],[-48.128856,-15.818929],[-48.129401,-15.819097],[-48.131332,-15.819695],[-48.131748,-15.818589],[-48.131892,-15.818206],[-48.13151,-15.818063],[-48.131534,-15.817999],[-48.131211,-15.817883],[-48.131186,-15.817939],[-48.13085,-15.817813],[-48.131079,-15.81725],[-48.131651,-15.815842],[-48.132665,-15.816201],[-48.133313,-15.814553],[-48.134781,-15.815053],[-48.136988,-15.809236],[-48.141033,-15.810402],[-48.141956,-15.809891],[-48.143152,-15.809509],[-48.145893,-15.809127],[-48.146081,-15.808931],[-48.149133,-15.808797],[-48.150576,-15.808621],[-48.150871,-15.808585],[-48.151837,-15.808802],[-48.153956,-15.809359],[-48.154101,-15.809459],[-48.154266,-15.809496],[-48.154723,-15.809886],[-48.155219,-15.810356],[-48.155479,-15.810431],[-48.155753,-15.810441],[-48.156016,-15.810224],[-48.157969,-15.81002],[-48.159567,-15.809504],[-48.16417,-15.794556],[-48.166421,-15.795185],[-48.166545,-15.79522],[-48.166686,-15.795259],[-48.171343,-15.796561],[-48.171643,-15.796645],[-48.181486,-15.799397],[-48.188395,-15.800698],[-48.189254,-15.804373],[-48.189875,-15.806283],[-48.190026,-15.806748],[-48.190906,-15.808276],[-48.191121,-15.809845],[-48.190863,-15.811104],[-48.190563,-15.812983],[-48.189018,-15.814738],[-48.187516,-15.814965],[-48.186722,-15.815481],[-48.186378,-15.815956],[-48.185746,-15.817123],[-48.185585,-15.817422],[-48.184962,-15.818382],[-48.184555,-15.819434],[-48.184737,-15.820271],[-48.184404,-15.820487],[-48.183954,-15.821365],[-48.183675,-15.821401],[-48.18367,-15.821984],[-48.183235,-15.822087],[-48.183224,-15.82249],[-48.183568,-15.823388],[-48.183868,-15.823161],[-48.184104,-15.823285],[-48.183868,-15.823956],[-48.184041,-15.824098],[-48.184297,-15.82416],[-48.184305,-15.824431],[-48.184657,-15.824854],[-48.18485,-15.825215],[-48.185129,-15.825778],[-48.185729,-15.826175],[-48.185917,-15.826691],[-48.186486,-15.827496],[-48.186867,-15.828059],[-48.186851,-15.82858],[-48.18728,-15.829344],[-48.187886,-15.830273],[-48.1881,-15.830711],[-48.187956,-15.831429],[-48.188165,-15.831733],[-48.188508,-15.831971],[-48.188771,-15.83226],[-48.188589,-15.832647],[-48.188669,-15.833411],[-48.18876,-15.833689],[-48.189045,-15.833731],[-48.189125,-15.834324],[-48.189157,-15.834923],[-48.189769,-15.835305],[-48.189828,-15.83579],[-48.189801,-15.836218],[-48.190117,-15.836471],[-48.189136,-15.837297],[-48.188776,-15.838386],[-48.188261,-15.838799],[-48.187961,-15.838974],[-48.187859,-15.839268],[-48.187714,-15.83934],[-48.187526,-15.839686],[-48.187135,-15.839567],[-48.186904,-15.839846],[-48.186942,-15.840213],[-48.186352,-15.8411],[-48.18648,-15.841683],[-48.186083,-15.842148],[-48.186443,-15.842778],[-48.186352,-15.84397],[-48.185182,-15.844945],[-48.184683,-15.844702],[-48.184383,-15.844665],[-48.184093,-15.844692],[-48.18369,-15.844793],[-48.183132,-15.84535],[-48.182772,-15.845361],[-48.182218,-15.845542],[-48.181754,-15.845864],[-48.181528,-15.845749],[-48.1814,-15.845719],[-48.180746,-15.846328],[-48.180333,-15.846545],[-48.179748,-15.846751],[-48.178562,-15.847561],[-48.177935,-15.848346],[-48.177683,-15.84913],[-48.177688,-15.849636],[-48.177441,-15.849791],[-48.177232,-15.850302],[-48.176953,-15.850807],[-48.176771,-15.851514],[-48.17713,-15.851906],[-48.177125,-15.852288],[-48.177053,-15.852377],[-48.176937,-15.852521],[-48.176953,-15.852789],[-48.176803,-15.853243],[-48.176658,-15.853604],[-48.176658,-15.85411],[-48.176642,-15.85493],[-48.176084,-15.855183],[-48.176079,-15.855508],[-48.176203,-15.855704],[-48.175607,-15.856313],[-48.175333,-15.856553],[-48.175044,-15.856265],[-48.174648,-15.855965],[-48.174284,-15.855669],[-48.173669,-15.855444],[-48.173302,-15.855379],[-48.172803,-15.855393],[-48.172451,-15.855566],[-48.172003,-15.85548],[-48.171667,-15.855083],[-48.171427,-15.854696],[-48.171205,-15.854555],[-48.170566,-15.854303],[-48.170426,-15.854197],[-48.169811,-15.854123],[-48.169356,-15.853944],[-48.168949,-15.85391],[-48.168934,-15.853713],[-48.169044,-15.853326],[-48.169028,-15.853096],[-48.168778,-15.852968],[-48.16865,-15.852864],[-48.168584,-15.85252],[-48.16837,-15.852495],[-48.168107,-15.852717],[-48.167807,-15.852634],[-48.167574,-15.852683],[-48.167377,-15.852808],[-48.166979,-15.853175],[-48.166738,-15.853314],[-48.166603,-15.853335],[-48.166409,-15.853318],[-48.166152,-15.853122],[-48.165834,-15.852944],[-48.165701,-15.852931],[-48.165452,-15.853129],[-48.165237,-15.853226],[-48.165074,-15.853227],[-48.164854,-15.853057],[-48.164679,-15.853021],[-48.16447,-15.852882],[-48.164376,-15.852551],[-48.164419,-15.852317],[-48.164355,-15.852033],[-48.164195,-15.85192],[-48.163808,-15.851706],[-48.163611,-15.851689],[-48.16346,-15.851766],[-48.163312,-15.852037],[-48.162874,-15.852313],[-48.16254,-15.852776],[-48.162265,-15.852744],[-48.161735,-15.852512],[-48.161485,-15.852452],[-48.161357,-15.852472],[-48.16114,-15.852774],[-48.160998,-15.853093],[-48.160972,-15.853252],[-48.160671,-15.853437],[-48.160557,-15.853403],[-48.160474,-15.853187],[-48.160315,-15.853212],[-48.160004,-15.853531],[-48.159748,-15.853711],[-48.159589,-15.853927],[-48.159466,-15.854254],[-48.159398,-15.854323],[-48.159068,-15.854431],[-48.158968,-15.85469],[-48.158675,-15.854764],[-48.158629,-15.854872],[-48.158174,-15.854903],[-48.157633,-15.854786],[-48.156164,-15.854664],[-48.155899,-15.854664],[-48.155808,-15.854738],[-48.155453,-15.854508],[-48.155134,-15.854496],[-48.154909,-15.854536],[-48.154268,-15.85504],[-48.15366,-15.8551],[-48.153514,-15.855063],[-48.15334,-15.854604],[-48.152964,-15.854285],[-48.152566,-15.854112],[-48.151757,-15.854177],[-48.151251,-15.854098],[-48.151014,-15.8541],[-48.15067,-15.854226],[-48.149924,-15.854781],[-48.149873,-15.854937],[-48.149879,-15.855094],[-48.150012,-15.855552],[-48.14997,-15.855768],[-48.149872,-15.855832],[-48.149608,-15.855914],[-48.149213,-15.855914],[-48.149056,-15.855853],[-48.148432,-15.855826],[-48.148131,-15.855902],[-48.147933,-15.856093],[-48.147892,-15.856133],[-48.147476,-15.856939],[-48.147234,-15.857075],[-48.146562,-15.856887],[-48.146235,-15.856876],[-48.146036,-15.856953],[-48.145859,-15.857215],[-48.145748,-15.857542],[-48.14554,-15.857844],[-48.145429,-15.85818],[-48.145298,-15.858353],[-48.145278,-15.858556],[-48.145156,-15.858678],[-48.144557,-15.858907],[-48.144415,-15.858738],[-48.144336,-15.858541],[-48.144211,-15.858564],[-48.144043,-15.858732],[-48.143986,-15.858886],[-48.143525,-15.859108],[-48.143371,-15.859635],[-48.143377,-15.859868],[-48.143519,-15.860141],[-48.143388,-15.860241],[-48.143134,-15.860162],[-48.143038,-15.860378],[-48.142998,-15.860469],[-48.142943,-15.860684],[-48.142717,-15.860735],[-48.142509,-15.860852],[-48.142389,-15.860976],[-48.141979,-15.861123],[-48.141284,-15.861274],[-48.141074,-15.861565],[-48.14053,-15.861556],[-48.140302,-15.861755],[-48.139798,-15.86198],[-48.139141,-15.862456],[-48.138984,-15.862498],[-48.138295,-15.86243],[-48.137707,-15.862961],[-48.137184,-15.863655],[-48.136597,-15.863772],[-48.135823,-15.863837],[-48.135729,-15.863902],[-48.135545,-15.864175],[-48.13529,-15.864396],[-48.135176,-15.864424],[-48.135056,-15.86439],[-48.134811,-15.864213],[-48.134698,-15.864187],[-48.134264,-15.864185],[-48.133671,-15.864049],[-48.132972,-15.863219],[-48.132658,-15.863107],[-48.132405,-15.86311],[-48.13229,-15.86313],[-48.132078,-15.863286],[-48.131899,-15.863506],[-48.131673,-15.864024],[-48.131398,-15.864289],[-48.131073,-15.86452],[-48.130919,-15.864549],[-48.130794,-15.864488],[-48.130348,-15.864079],[-48.13022,-15.864117],[-48.129943,-15.864428],[-48.129559,-15.864731],[-48.129475,-15.86476],[-48.129257,-15.864682],[-48.129085,-15.864675],[-48.128991,-15.86474],[-48.128594,-15.865242],[-48.128469,-15.865316],[-48.127933,-15.865513],[-48.127213,-15.865578],[-48.126792,-15.865756],[-48.126688,-15.865829],[-48.126452,-15.86614],[-48.125415,-15.866696],[-48.124871,-15.867219],[-48.124723,-15.867461],[-48.124533,-15.867494],[-48.123859,-15.866981],[-48.123483,-15.86649],[-48.123223,-15.866403],[-48.12292,-15.866371],[-48.12251,-15.866215],[-48.121933,-15.865916],[-48.121519,-15.865606],[-48.12127,-15.865546],[-48.121099,-15.865621],[-48.121032,-15.865712],[-48.120824,-15.866122],[-48.120632,-15.866648],[-48.12043,-15.866868],[-48.120176,-15.86698],[-48.119652,-15.867041],[-48.119345,-15.867019],[-48.119231,-15.867047],[-48.118951,-15.867241],[-48.118724,-15.86729],[-48.117693,-15.866943],[-48.117576,-15.866886],[-48.117143,-15.867154],[-48.116604,-15.867443],[-48.116186,-15.867534],[-48.115552,-15.867453],[-48.115182,-15.867453],[-48.114618,-15.867484],[-48.114391,-15.867674],[-48.1139,-15.867749],[-48.113411,-15.867754],[-48.113057,-15.867636],[-48.1127,-15.867543],[-48.112367,-15.867402],[-48.112329,-15.867387],[-48.112035,-15.867228],[-48.111805,-15.866988],[-48.111483,-15.866881],[-48.111016,-15.866859],[-48.110809,-15.866708],[-48.110599,-15.866356],[-48.110395,-15.865927],[-48.110382,-15.86541],[-48.110279,-15.865091],[-48.109647,-15.863905],[-48.10949,-15.863381],[-48.109483,-15.863133],[-48.10968,-15.86286],[-48.109782,-15.862642],[-48.109793,-15.862272],[-48.109721,-15.862029],[-48.10944,-15.861624],[-48.108724,-15.860969],[-48.108188,-15.86019],[-48.107929,-15.859936],[-48.107554,-15.859755],[-48.107407,-15.859498],[-48.107135,-15.858992],[-48.107008,-15.858739]]]}},{"type":"Feature","properties":{"nome":"Arniqueira","osm_id":12110991},"geometry":{"type":"Polygon","coordinates":[[[-47.992209,-15.876011],[-47.992617,-15.874474],[-47.993447,-15.87134],[-47.993673,-15.871123],[-47.993517,-15.870746],[-47.993989,-15.869013],[-47.991757,-15.868378],[-47.99201,-15.866469],[-47.990266,-15.865793],[-47.985309,-15.864281],[-47.98797,-15.862299],[-48.000764,-15.850364],[-47.998962,-15.848573],[-47.999931,-15.846493],[-48.001,-15.847001],[-48.001703,-15.848179],[-48.00197,-15.848446],[-48.006273,-15.8504],[-48.007692,-15.847218],[-48.008838,-15.844646],[-48.010788,-15.841085],[-48.010887,-15.840904],[-48.011627,-15.841142],[-48.015339,-15.842091],[-48.025982,-15.846485],[-48.032921,-15.84945],[-48.031598,-15.852664],[-48.031001,-15.854113],[-48.030932,-15.85428],[-48.029707,-15.857256],[-48.029108,-15.858709],[-48.028954,-15.858932],[-48.025859,-15.862374],[-48.026755,-15.863166],[-48.027795,-15.863748],[-48.025498,-15.868009],[-48.028439,-15.869485],[-48.028523,-15.86953],[-48.02864,-15.869592],[-48.028806,-15.869672],[-48.028939,-15.86974],[-48.030275,-15.870422],[-48.030629,-15.870517],[-48.029199,-15.873137],[-48.029092,-15.873333],[-48.028608,-15.874055],[-48.02738,-15.875887],[-48.02554,-15.876138],[-48.024857,-15.876232],[-48.018743,-15.877067],[-48.01188,-15.877927],[-48.010777,-15.877734],[-48.000065,-15.876857],[-47.99461,-15.876363],[-47.992256,-15.876018],[-47.992209,-15.876011]]]}},{"type":"Feature","properties":{"nome":"Água Quente","osm_id":17969927},"geometry":{"type":"Polygon","coordinates":[[[-48.251886,-15.951798],[-48.251871,-15.952162],[-48.251889,-15.952518],[-48.2519,-15.952616],[-48.251889,-15.952869],[-48.251874,-15.953006],[-48.251848,-15.953155],[-48.251804,-15.953286],[-48.251606,-15.953642],[-48.251478,-15.953788],[-48.251396,-15.953962],[-48.251425,-15.95434],[-48.251466,-15.95471],[-48.251434,-15.955046],[-48.24974,-15.955191],[-48.249182,-15.954511],[-48.248667,-15.954511],[-48.24768,-15.954201],[-48.246736,-15.954511],[-48.246264,-15.954695],[-48.24609,-15.954692],[-48.245706,-15.954799],[-48.243861,-15.954119],[-48.242614,-15.953714],[-48.239033,-15.952551],[-48.237659,-15.952592],[-48.236479,-15.952943],[-48.235557,-15.953169],[-48.234419,-15.952984],[-48.23311,-15.953211],[-48.231029,-15.953438],[-48.229269,-15.952922],[-48.228797,-15.953066],[-48.227531,-15.952757],[-48.22618,-15.952674],[-48.225061,-15.95367],[-48.224289,-15.953954],[-48.224004,-15.954634],[-48.223181,-15.955521],[-48.222899,-15.956182],[-48.222427,-15.957523],[-48.222116,-15.957863],[-48.220303,-15.958461],[-48.216773,-15.958441],[-48.214971,-15.957832],[-48.213211,-15.95646],[-48.212364,-15.954511],[-48.210797,-15.952974],[-48.211784,-15.95155],[-48.213029,-15.949734],[-48.214767,-15.94894],[-48.217707,-15.943926],[-48.213694,-15.94272],[-48.215239,-15.93979],[-48.216698,-15.937747],[-48.218072,-15.936344],[-48.219305,-15.934796],[-48.220298,-15.933987],[-48.222696,-15.93588],[-48.223849,-15.934766],[-48.224793,-15.934642],[-48.226445,-15.934069],[-48.227792,-15.932083],[-48.229482,-15.932465],[-48.230469,-15.933579],[-48.231354,-15.933822],[-48.232067,-15.93425],[-48.232569,-15.934448],[-48.233819,-15.935385],[-48.234578,-15.935116],[-48.235109,-15.933187],[-48.238253,-15.929545],[-48.239679,-15.929545],[-48.240731,-15.931227],[-48.242673,-15.932083],[-48.244701,-15.93198],[-48.246068,-15.932042],[-48.246514,-15.933548],[-48.247372,-15.93393],[-48.250349,-15.933837],[-48.252307,-15.935452],[-48.252211,-15.935931],[-48.251395,-15.937512],[-48.251333,-15.937646],[-48.251309,-15.937766],[-48.251578,-15.938242],[-48.251899,-15.938693],[-48.252099,-15.938954],[-48.25227,-15.939235],[-48.25244,-15.93954],[-48.25259,-15.939836],[-48.252681,-15.940039],[-48.252704,-15.940133],[-48.252725,-15.940277],[-48.252481,-15.940724],[-48.252246,-15.941102],[-48.252215,-15.941214],[-48.252228,-15.941415],[-48.252258,-15.94151],[-48.252493,-15.941859],[-48.252619,-15.942097],[-48.252728,-15.942343],[-48.252789,-15.942606],[-48.252835,-15.942872],[-48.252893,-15.943266],[-48.252944,-15.943697],[-48.252953,-15.943955],[-48.25295,-15.944095],[-48.252932,-15.944229],[-48.252884,-15.944335],[-48.252821,-15.944437],[-48.252649,-15.944646],[-48.252572,-15.944724],[-48.252314,-15.944909],[-48.252241,-15.944915],[-48.252128,-15.944867],[-48.252075,-15.944822],[-48.251966,-15.944627],[-48.251919,-15.944441],[-48.251833,-15.944248],[-48.251787,-15.944112],[-48.251658,-15.944001],[-48.251508,-15.943905],[-48.251355,-15.943827],[-48.251198,-15.943782],[-48.251105,-15.943768],[-48.250997,-15.943771],[-48.250935,-15.943782],[-48.250866,-15.94381],[-48.250822,-15.9439],[-48.250778,-15.944186],[-48.250764,-15.944511],[-48.250743,-15.944842],[-48.250711,-15.945189],[-48.250664,-15.945562],[-48.250519,-15.946207],[-48.250361,-15.946837],[-48.250212,-15.947398],[-48.250195,-15.947594],[-48.250216,-15.947802],[-48.250277,-15.947942],[-48.250373,-15.948059],[-48.250533,-15.948115],[-48.250732,-15.948138],[-48.250933,-15.948099],[-48.251081,-15.948051],[-48.25121,-15.948],[-48.251551,-15.947855],[-48.251725,-15.947751],[-48.251889,-15.947619],[-48.252612,-15.946826],[-48.253028,-15.946495],[-48.253189,-15.94642],[-48.253292,-15.946402],[-48.253378,-15.946435],[-48.25345,-15.946541],[-48.253561,-15.946818],[-48.253546,-15.946984],[-48.253436,-15.947308],[-48.253422,-15.947389],[-48.253492,-15.94763],[-48.253533,-15.947852],[-48.253538,-15.948048],[-48.253518,-15.948194],[-48.253509,-15.948326],[-48.253495,-15.948404],[-48.253466,-15.948488],[-48.253434,-15.948533],[-48.253378,-15.948577],[-48.253326,-15.948597],[-48.253249,-15.9486],[-48.253177,-15.948572],[-48.253105,-15.948526],[-48.252982,-15.948463],[-48.252841,-15.948411],[-48.252711,-15.948373],[-48.252557,-15.948365],[-48.252461,-15.948406],[-48.252389,-15.948466],[-48.252269,-15.9486],[-48.252173,-15.948826],[-48.252122,-15.948959],[-48.252064,-15.949175],[-48.252061,-15.949259],[-48.252139,-15.949665],[-48.252177,-15.949814],[-48.252212,-15.950016],[-48.252206,-15.950293],[-48.252142,-15.951019],[-48.25211,-15.951193],[-48.252055,-15.95135],[-48.251979,-15.951495],[-48.251921,-15.95165],[-48.251886,-15.951798]]]}},{"type":"Feature","properties":{"nome":"Arapoanga","osm_id":17969928},"geometry":{"type":"Polygon","coordinates":[[[-47.655765,-15.671826],[-47.655789,-15.671966],[-47.65584,-15.672191],[-47.655953,-15.672235],[-47.656213,-15.672156],[-47.656473,-15.6721],[-47.656693,-15.672085],[-47.656814,-15.672097],[-47.656878,-15.672164],[-47.656921,-15.67227],[-47.656977,-15.672297],[-47.657061,-15.672268],[-47.657154,-15.672172],[-47.6572,-15.672163],[-47.657278,-15.672218],[-47.657342,-15.672327],[-47.657436,-15.67235],[-47.6575,-15.672317],[-47.657514,-15.672244],[-47.657498,-15.672206],[-47.657576,-15.672149],[-47.657677,-15.672108],[-47.657734,-15.672154],[-47.657742,-15.672247],[-47.657702,-15.672363],[-47.657753,-15.672479],[-47.657728,-15.672585],[-47.657793,-15.672725],[-47.657782,-15.67282],[-47.657846,-15.672965],[-47.657932,-15.673022],[-47.658104,-15.673035],[-47.658175,-15.673035],[-47.658268,-15.673035],[-47.658386,-15.673045],[-47.658555,-15.67313],[-47.658643,-15.673249],[-47.658619,-15.673404],[-47.65856,-15.673577],[-47.658589,-15.673719],[-47.658691,-15.673759],[-47.659024,-15.673693],[-47.659303,-15.673711],[-47.659587,-15.673783],[-47.659818,-15.673887],[-47.659914,-15.674342],[-47.659957,-15.67483],[-47.66014,-15.675152],[-47.660239,-15.675209],[-47.660368,-15.675256],[-47.660462,-15.675263],[-47.660636,-15.675305],[-47.660757,-15.675258],[-47.66091,-15.675354],[-47.661036,-15.675393],[-47.661186,-15.675315],[-47.661325,-15.675359],[-47.661443,-15.675403],[-47.661628,-15.675498],[-47.661875,-15.675687],[-47.662009,-15.675769],[-47.662074,-15.675873],[-47.662114,-15.676023],[-47.662479,-15.676056],[-47.662908,-15.676077],[-47.663831,-15.676325],[-47.664625,-15.675829],[-47.665214,-15.676459],[-47.666051,-15.676944],[-47.666856,-15.676087],[-47.667822,-15.675591],[-47.669152,-15.675364],[-47.669238,-15.674445],[-47.668353,-15.672993],[-47.668117,-15.672213],[-47.668701,-15.671557],[-47.669147,-15.671754],[-47.669951,-15.672084],[-47.670665,-15.671284],[-47.671008,-15.670932],[-47.671007,-15.669788],[-47.67137,-15.669433],[-47.668494,-15.666783],[-47.666756,-15.664435],[-47.665323,-15.662603],[-47.662809,-15.661584],[-47.661331,-15.648177],[-47.663632,-15.648345],[-47.666361,-15.648328],[-47.667981,-15.648655],[-47.669666,-15.64946],[-47.671208,-15.649661],[-47.672279,-15.649649],[-47.67482,-15.6484],[-47.675372,-15.647947],[-47.675937,-15.647623],[-47.675911,-15.647458],[-47.67492,-15.646871],[-47.671781,-15.643246],[-47.669002,-15.638204],[-47.667253,-15.63526],[-47.666298,-15.63364],[-47.666268,-15.633149],[-47.666174,-15.633263],[-47.666067,-15.633281],[-47.665939,-15.633322],[-47.665805,-15.633301],[-47.665494,-15.632961],[-47.665106,-15.632846],[-47.664567,-15.632933],[-47.663424,-15.63341],[-47.663092,-15.633629],[-47.662923,-15.633715],[-47.662637,-15.633803],[-47.661902,-15.634116],[-47.660549,-15.634753],[-47.65977,-15.635141],[-47.659061,-15.635278],[-47.658275,-15.63543],[-47.656771,-15.635208],[-47.656487,-15.635217],[-47.656174,-15.635253],[-47.655906,-15.635138],[-47.655815,-15.635001],[-47.655745,-15.634928],[-47.655657,-15.634895],[-47.655118,-15.634802],[-47.655022,-15.634752],[-47.654871,-15.634639],[-47.654668,-15.634624],[-47.654274,-15.634527],[-47.654176,-15.634458],[-47.654038,-15.634361],[-47.653575,-15.634163],[-47.653188,-15.633993],[-47.652806,-15.633795],[-47.652534,-15.633621],[-47.652358,-15.633458],[-47.652296,-15.633362],[-47.652252,-15.633212],[-47.652124,-15.633037],[-47.651966,-15.632954],[-47.651772,-15.632826],[-47.651542,-15.632674],[-47.650855,-15.632575],[-47.650658,-15.632572],[-47.650478,-15.632568],[-47.650101,-15.632494],[-47.649511,-15.6321],[-47.649037,-15.631767],[-47.648749,-15.631571],[-47.648627,-15.631402],[-47.648501,-15.63127],[-47.648366,-15.631141],[-47.648312,-15.63107],[-47.648245,-15.631002],[-47.647948,-15.630812],[-47.64773,-15.630709],[-47.647517,-15.630683],[-47.647087,-15.630602],[-47.64674,-15.63051],[-47.646412,-15.630453],[-47.645859,-15.630344],[-47.645507,-15.630226],[-47.644937,-15.630111],[-47.644605,-15.630027],[-47.644283,-15.629883],[-47.643945,-15.62978],[-47.643677,-15.629765],[-47.643393,-15.629699],[-47.643023,-15.62961],[-47.642629,-15.629487],[-47.64047,-15.628989],[-47.64002,-15.628985],[-47.639474,-15.629146],[-47.638829,-15.629442],[-47.638188,-15.629599],[-47.637761,-15.629758],[-47.637403,-15.629826],[-47.636453,-15.629733],[-47.635835,-15.629823],[-47.63453,-15.630118],[-47.63289,-15.630363],[-47.632554,-15.63052],[-47.632363,-15.63082],[-47.631795,-15.630886],[-47.631463,-15.630999],[-47.630998,-15.631009],[-47.630466,-15.630928],[-47.630167,-15.630829],[-47.629821,-15.630795],[-47.629788,-15.63039],[-47.629629,-15.629609],[-47.629517,-15.629288],[-47.629464,-15.628925],[-47.629422,-15.628846],[-47.629089,-15.627986],[-47.628926,-15.627761],[-47.628772,-15.627603],[-47.628622,-15.627392],[-47.628245,-15.627172],[-47.627643,-15.627102],[-47.62718,-15.626804],[-47.62661,-15.626459],[-47.625659,-15.625982],[-47.624927,-15.625692],[-47.623887,-15.625285],[-47.62258,-15.624631],[-47.621534,-15.624461],[-47.619775,-15.623926],[-47.618111,-15.623408],[-47.617257,-15.623292],[-47.613507,-15.622587],[-47.612557,-15.622495],[-47.610726,-15.622231],[-47.609063,-15.622179],[-47.608163,-15.621969],[-47.606122,-15.621962],[-47.604741,-15.622005],[-47.603555,-15.622272],[-47.601487,-15.622057],[-47.599326,-15.622122],[-47.598552,-15.622358],[-47.596962,-15.6227],[-47.623039,-15.640553],[-47.622594,-15.646956],[-47.621458,-15.6479],[-47.621183,-15.650844],[-47.619746,-15.651989],[-47.602778,-15.658278],[-47.601759,-15.658701],[-47.601395,-15.658809],[-47.601597,-15.659013],[-47.601734,-15.659242],[-47.601687,-15.659415],[-47.601725,-15.659378],[-47.601732,-15.659465],[-47.601265,-15.659709],[-47.601199,-15.659918],[-47.60125,-15.660073],[-47.601584,-15.660068],[-47.60177,-15.659915],[-47.602038,-15.66006],[-47.602419,-15.660101],[-47.60267,-15.659949],[-47.602719,-15.659813],[-47.602815,-15.659722],[-47.602828,-15.659517],[-47.603061,-15.659527],[-47.603329,-15.659579],[-47.603458,-15.659857],[-47.603597,-15.660136],[-47.603803,-15.660427],[-47.603996,-15.660427],[-47.604137,-15.660345],[-47.604211,-15.660303],[-47.604522,-15.66021],[-47.604713,-15.660198],[-47.604853,-15.660147],[-47.604962,-15.660055],[-47.605067,-15.660116],[-47.60523,-15.660334],[-47.605466,-15.660396],[-47.605861,-15.660395],[-47.606367,-15.66053],[-47.606689,-15.660571],[-47.606989,-15.660478],[-47.608663,-15.660416],[-47.609232,-15.660323],[-47.609478,-15.660344],[-47.609972,-15.660478],[-47.610723,-15.660437],[-47.611399,-15.66021],[-47.612021,-15.659652],[-47.612665,-15.659404],[-47.613362,-15.659332],[-47.614058,-15.659021],[-47.614682,-15.658505],[-47.615336,-15.658371],[-47.615798,-15.65834],[-47.61627,-15.658257],[-47.616935,-15.65804],[-47.617525,-15.657916],[-47.618019,-15.657746],[-47.61835,-15.657657],[-47.618516,-15.657714],[-47.61872,-15.657812],[-47.618945,-15.657915],[-47.619118,-15.657968],[-47.61936,-15.658056],[-47.619557,-15.658024],[-47.619741,-15.657906],[-47.62003,-15.657792],[-47.620334,-15.657745],[-47.620567,-15.657622],[-47.620819,-15.657529],[-47.621012,-15.657451],[-47.621162,-15.657451],[-47.6212,-15.657627],[-47.621203,-15.657766],[-47.621296,-15.657916],[-47.621409,-15.65803],[-47.621623,-15.658061],[-47.6218,-15.658045],[-47.621988,-15.657947],[-47.622235,-15.657891],[-47.622421,-15.657843],[-47.622702,-15.657715],[-47.623131,-15.65757],[-47.623596,-15.657481],[-47.62386,-15.657436],[-47.624236,-15.657529],[-47.624406,-15.657621],[-47.624477,-15.65773],[-47.624601,-15.65787],[-47.624762,-15.657927],[-47.624933,-15.657916],[-47.625071,-15.657869],[-47.625071,-15.657636],[-47.625132,-15.657591],[-47.625314,-15.657606],[-47.625515,-15.657664],[-47.625722,-15.657684],[-47.625951,-15.657714],[-47.626124,-15.657844],[-47.626232,-15.657994],[-47.626371,-15.658226],[-47.626586,-15.658324],[-47.626917,-15.658396],[-47.62717,-15.658464],[-47.627362,-15.65837],[-47.627753,-15.658137],[-47.628039,-15.658014],[-47.62827,-15.657772],[-47.628501,-15.657586],[-47.628649,-15.657419],[-47.628903,-15.65725],[-47.62916,-15.657265],[-47.629429,-15.657312],[-47.629879,-15.657415],[-47.630194,-15.657414],[-47.630613,-15.657652],[-47.630984,-15.657875],[-47.631258,-15.657916],[-47.631612,-15.658056],[-47.631966,-15.658087],[-47.632417,-15.657994],[-47.63283,-15.658025],[-47.633211,-15.658133],[-47.633811,-15.658118],[-47.634155,-15.658205],[-47.634369,-15.658278],[-47.634509,-15.658267],[-47.634777,-15.658526],[-47.634775,-15.658623],[-47.634707,-15.658686],[-47.634706,-15.65884],[-47.63475,-15.658944],[-47.634877,-15.65916],[-47.635142,-15.659259],[-47.635489,-15.659413],[-47.635775,-15.659523],[-47.636031,-15.659671],[-47.636317,-15.659869],[-47.63629,-15.660075],[-47.636311,-15.66023],[-47.636342,-15.660286],[-47.636451,-15.660323],[-47.636524,-15.660462],[-47.636735,-15.660525],[-47.636953,-15.660694],[-47.637261,-15.660861],[-47.637465,-15.661],[-47.637581,-15.661175],[-47.637883,-15.661341],[-47.638049,-15.66147],[-47.638334,-15.661682],[-47.638629,-15.661873],[-47.638827,-15.662136],[-47.638987,-15.66243],[-47.639174,-15.662693],[-47.639378,-15.663044],[-47.639471,-15.663221],[-47.63953,-15.663438],[-47.63953,-15.66367],[-47.639541,-15.663841],[-47.639641,-15.663917],[-47.639802,-15.66415],[-47.639943,-15.66429],[-47.640081,-15.664346],[-47.640152,-15.664321],[-47.640253,-15.664145],[-47.640371,-15.663995],[-47.640483,-15.663809],[-47.640558,-15.663649],[-47.640673,-15.663521],[-47.640902,-15.663525],[-47.641155,-15.663603],[-47.641332,-15.663665],[-47.641456,-15.663696],[-47.641583,-15.663695],[-47.641681,-15.663598],[-47.641847,-15.663588],[-47.641944,-15.663665],[-47.642024,-15.663779],[-47.642116,-15.663763],[-47.642432,-15.663758],[-47.64248,-15.663727],[-47.642473,-15.663633],[-47.64242,-15.663499],[-47.642334,-15.663437],[-47.642244,-15.663422],[-47.642243,-15.663323],[-47.64233,-15.663252],[-47.642491,-15.663221],[-47.642588,-15.663221],[-47.642915,-15.663314],[-47.643028,-15.663267],[-47.643199,-15.663237],[-47.643312,-15.663113],[-47.643519,-15.663065],[-47.643664,-15.663122],[-47.643723,-15.663168],[-47.643827,-15.66334],[-47.6438,-15.663464],[-47.64389,-15.663556],[-47.644031,-15.663634],[-47.644111,-15.663665],[-47.644227,-15.66368],[-47.644331,-15.663722],[-47.644401,-15.663851],[-47.64447,-15.664063],[-47.644544,-15.66416],[-47.644776,-15.664295],[-47.6449,-15.664481],[-47.645018,-15.664693],[-47.645066,-15.664915],[-47.645139,-15.664986],[-47.645204,-15.664945],[-47.645329,-15.664822],[-47.645436,-15.664838],[-47.645527,-15.664895],[-47.645638,-15.664992],[-47.645812,-15.665096],[-47.645967,-15.665256],[-47.646035,-15.665451],[-47.646192,-15.665535],[-47.646304,-15.665549],[-47.646434,-15.665674],[-47.646411,-15.665828],[-47.646353,-15.665969],[-47.646352,-15.666071],[-47.646466,-15.666139],[-47.646616,-15.666165],[-47.646734,-15.666243],[-47.646781,-15.666304],[-47.64674,-15.666449],[-47.646783,-15.666604],[-47.646901,-15.666821],[-47.647051,-15.666821],[-47.647151,-15.666805],[-47.647206,-15.666728],[-47.647253,-15.666619],[-47.647167,-15.666381],[-47.647157,-15.666133],[-47.647228,-15.666041],[-47.647378,-15.666057],[-47.647452,-15.666185],[-47.647555,-15.666398],[-47.647688,-15.66665],[-47.647877,-15.66694],[-47.648074,-15.66713],[-47.648183,-15.667296],[-47.648181,-15.667486],[-47.648252,-15.667689],[-47.648365,-15.667906],[-47.648456,-15.668371],[-47.648589,-15.668561],[-47.648746,-15.668763],[-47.648848,-15.668763],[-47.649007,-15.668809],[-47.649084,-15.668965],[-47.649111,-15.66912],[-47.649175,-15.669306],[-47.649395,-15.66946],[-47.649576,-15.669361],[-47.649678,-15.669227],[-47.649744,-15.669089],[-47.64984,-15.668867],[-47.650066,-15.668758],[-47.65027,-15.668639],[-47.650506,-15.668655],[-47.650708,-15.668664],[-47.650763,-15.668763],[-47.650672,-15.668872],[-47.650581,-15.668949],[-47.650493,-15.669057],[-47.650414,-15.669238],[-47.650425,-15.6693],[-47.650473,-15.669409],[-47.650742,-15.669378],[-47.651019,-15.669273],[-47.651235,-15.669176],[-47.651518,-15.668995],[-47.651745,-15.668872],[-47.651968,-15.668809],[-47.652201,-15.668732],[-47.65248,-15.668686],[-47.652592,-15.668965],[-47.652624,-15.669269],[-47.652651,-15.669409],[-47.652624,-15.669548],[-47.652635,-15.669688],[-47.65293,-15.669734],[-47.653106,-15.669723],[-47.653218,-15.669645],[-47.653327,-15.669491],[-47.653515,-15.669362],[-47.653558,-15.669476],[-47.653585,-15.6696],[-47.653499,-15.669739],[-47.653472,-15.669987],[-47.653622,-15.670065],[-47.653841,-15.670095],[-47.653985,-15.670002],[-47.654277,-15.669786],[-47.654432,-15.669734],[-47.654577,-15.669966],[-47.65471,-15.669966],[-47.654899,-15.670034],[-47.654956,-15.670203],[-47.655027,-15.670235],[-47.655097,-15.670343],[-47.655049,-15.670545],[-47.654979,-15.670948],[-47.655022,-15.671277],[-47.655178,-15.671388],[-47.655403,-15.671432],[-47.655639,-15.671558],[-47.655744,-15.671702],[-47.655765,-15.671826]]]}}]}